{"schemaVersion":4,"source":{"uri":"models/environment/forge-1.gltf","sha256":"dcb208ed4c85500aaeef231db6a4814c0d461a69ea2454f47d2e53434aa9d2dc"},"animationNames":[],"boundingBox":{"min":{"x":-0.8125,"y":0,"z":0},"max":{"x":1.8125,"y":1,"z":1}},"nodeNames":["cube","cube","cube","cube inverted","group",""],"trimesh":{"vertices":[1.3125,0.3125,0.5,1.3125,-0.5,0.5,1.3125,0.3125,-0.5,1.3125,-0.5,-0.5,-1.3125,0.3125,-0.5,-1.3125,-0.5,-0.5,-1.3125,0.3125,0.5,-1.3125,-0.5,0.5,-1.3125,0.3125,-0.5,-1.3125,0.3125,0.5,1.3125,0.3125,-0.5,1.3125,0.3125,0.5,-1.3125,-0.5,0.5,-1.3125,-0.5,-0.5,1.3125,-0.5,0.5,1.3125,-0.5,-0.5,-1.3125,0.3125,0.5,-1.3125,-0.5,0.5,1.3125,0.3125,0.5,1.3125,-0.5,0.5,1.3125,0.3125,-0.5,1.3125,-0.5,-0.5,-1.3125,0.3125,-0.5,-1.3125,-0.5,-0.5,-1.28125,0.5,-0.4375,-1.28125,0.5,0.4375,1.28125,0.5,-0.4375,1.28125,0.5,0.4375,-1.28125,0.5,0.4375,-1.28125,0.3125,0.4375,1.28125,0.5,0.4375,1.28125,0.3125,0.4375,1.28125,0.5,-0.4375,1.28125,0.3125,-0.4375,-1.28125,0.5,-0.4375,-1.28125,0.3125,-0.4375,1.28125,0.5,-0.4375,1.28125,0.5,0.4375,-1.28125,0.5,-0.4375,-1.28125,0.5,0.4375,1.28125,0.3125,-0.4375,1.28125,0.5,-0.4375,-1.28125,0.3125,-0.4375,-1.28125,0.5,-0.4375,-1.28125,0.3125,0.4375,-1.28125,0.5,0.4375,1.28125,0.3125,0.4375,1.28125,0.5,0.4375,-1.1875,0.3128068745136261,-0.375,-1.1875,0.3128068745136261,0.375,1.1875,0.3128068745136261,-0.375,1.1875,0.3128068745136261,0.375],"indices":[0,1,2,1,3,2,4,5,6,5,7,6,8,9,10,9,11,10,12,13,14,13,15,14,16,17,18,17,19,18,20,21,22,21,23,22,24,25,26,25,27,26,28,29,30,29,31,30,32,33,34,33,35,34,36,37,38,37,39,38,40,41,42,41,43,42,44,45,46,45,47,46,48,49,50,49,51,50]},"optimizedModelData":{"":{"meshCount":2},"-named-nodes":{"meshCount":4},"-no-animations":{"meshCount":2}}}