{"schemaVersion":4,"source":{"uri":"models/weapons/tomahawk.gltf","sha256":"b9f0e304c97b36a0494036e08b8d251fb156e017ceb61ef46e93354f7daf2b58"},"animationNames":[],"boundingBox":{"min":{"x":0.15577625,"y":-0.7419575214724776,"z":0.40625},"max":{"x":0.96609875,"y":0.46875,"z":0.59375}},"nodeNames":["cube","cube","cube","cube","cube","cube","cube","cube","cube","cube","cube","cube","cube","group","root",""],"trimesh":{"vertices":[0.001088749966584146,0.6053537726402283,0.0625,0.001088749966584146,-0.45714622735977173,0.0625,0.001088749966584146,0.6053537726402283,-0.0625,0.001088749966584146,-0.45714622735977173,-0.0625,-0.12391124665737152,0.6053537726402283,-0.0625,-0.12391124665737152,-0.45714622735977173,-0.0625,-0.12391124665737152,0.6053537726402283,0.0625,-0.12391124665737152,-0.45714622735977173,0.0625,-0.12391124665737152,0.6053537726402283,-0.0625,-0.12391124665737152,0.6053537726402283,0.0625,0.001088749966584146,0.6053537726402283,-0.0625,0.001088749966584146,0.6053537726402283,0.0625,-0.12391124665737152,-0.45714622735977173,0.0625,-0.12391124665737152,-0.45714622735977173,-0.0625,0.001088749966584146,-0.45714622735977173,0.0625,0.001088749966584146,-0.45714622735977173,-0.0625,-0.12391124665737152,0.6053537726402283,0.0625,-0.12391124665737152,-0.45714622735977173,0.0625,0.001088749966584146,0.6053537726402283,0.0625,0.001088749966584146,-0.45714622735977173,0.0625,0.001088749966584146,0.6053537726402283,-0.0625,0.001088749966584146,-0.45714622735977173,-0.0625,-0.12391124665737152,0.6053537726402283,-0.0625,-0.12391124665737152,-0.45714622735977173,-0.0625,-0.06141125038266182,-0.3401887118816376,0.09375,0.07117126882076263,-0.47277122735977173,0.09375,-0.06141125038266182,-0.3401887118816376,-0.09375,0.07117126882076263,-0.47277122735977173,-0.09375,-0.19399377703666687,-0.47277122735977173,-0.09375,-0.06141125038266182,-0.6053537726402283,-0.09375,-0.19399377703666687,-0.47277122735977173,0.09375,-0.06141125038266182,-0.6053537726402283,0.09375,-0.19399377703666687,-0.47277122735977173,-0.09375,-0.19399377703666687,-0.47277122735977173,0.09375,-0.06141125038266182,-0.3401887118816376,-0.09375,-0.06141125038266182,-0.3401887118816376,0.09375,-0.06141125038266182,-0.6053537726402283,0.09375,-0.06141125038266182,-0.6053537726402283,-0.09375,0.07117126882076263,-0.47277122735977173,0.09375,0.07117126882076263,-0.47277122735977173,-0.09375,-0.19399377703666687,-0.47277122735977173,0.09375,-0.06141125038266182,-0.6053537726402283,0.09375,-0.06141125038266182,-0.3401887118816376,0.09375,0.07117126882076263,-0.47277122735977173,0.09375,-0.06141125038266182,-0.3401887118816376,-0.09375,0.07117126882076263,-0.47277122735977173,-0.09375,-0.19399377703666687,-0.47277122735977173,-0.09375,-0.06141125038266182,-0.6053537726402283,-0.09375,0.03233874961733818,0.5741037726402283,0.09375,0.03233874961733818,0.38660377264022827,0.09375,0.03233874961733818,0.5741037726402283,-0.09375,0.03233874961733818,0.38660377264022827,-0.09375,-0.15516124665737152,0.5741037726402283,-0.09375,-0.15516124665737152,0.38660377264022827,-0.09375,-0.15516124665737152,0.5741037726402283,0.09375,-0.15516124665737152,0.38660377264022827,0.09375,-0.15516124665737152,0.5741037726402283,-0.09375,-0.15516124665737152,0.5741037726402283,0.09375,0.03233874961733818,0.5741037726402283,-0.09375,0.03233874961733818,0.5741037726402283,0.09375,-0.15516124665737152,0.38660377264022827,0.09375,-0.15516124665737152,0.38660377264022827,-0.09375,0.03233874961733818,0.38660377264022827,0.09375,0.03233874961733818,0.38660377264022827,-0.09375,-0.15516124665737152,0.5741037726402283,0.09375,-0.15516124665737152,0.38660377264022827,0.09375,0.03233874961733818,0.5741037726402283,0.09375,0.03233874961733818,0.38660377264022827,0.09375,0.03233874961733818,0.5741037726402283,-0.09375,0.03233874961733818,0.38660377264022827,-0.09375,-0.15516124665737152,0.5741037726402283,-0.09375,-0.15516124665737152,0.38660377264022827,-0.09375,-0.15516124665737152,0.5428537726402283,0.000062502920627594,-0.15516124665737152,0.41785377264022827,0.000062502920627594,-0.15516124665737152,0.5428537726402283,0,-0.15516124665737152,0.41785377264022827,0,-0.21766124665737152,0.5428537726402283,0,-0.21766124665737152,0.41785377264022827,0,-0.21766124665737152,0.5428537726402283,0.000062502920627594,-0.21766124665737152,0.41785377264022827,0.000062502920627594,-0.21766124665737152,0.5428537726402283,0,-0.21766124665737152,0.5428537726402283,0.000062502920627594,-0.15516124665737152,0.5428537726402283,0,-0.15516124665737152,0.5428537726402283,0.000062502920627594,-0.21766124665737152,0.41785377264022827,0.000062502920627594,-0.21766124665737152,0.41785377264022827,0,-0.15516124665737152,0.41785377264022827,0.000062502920627594,-0.15516124665737152,0.41785377264022827,0,-0.21766124665737152,0.5428537726402283,0.000062502920627594,-0.21766124665737152,0.41785377264022827,0.000062502920627594,-0.15516124665737152,0.5428537726402283,0.000062502920627594,-0.15516124665737152,0.41785377264022827,0.000062502920627594,-0.15516124665737152,0.5428537726402283,0,-0.15516124665737152,0.41785377264022827,0,-0.21766124665737152,0.5428537726402283,0,-0.21766124665737152,0.41785377264022827,0,-0.21766124665737152,0.5428537726402283,0.0625,-0.21766124665737152,0.41785377264022827,0.0625,-0.21766124665737152,0.5428537726402283,-0.0625,-0.21766124665737152,0.41785377264022827,-0.0625,-0.4051612615585327,0.5428537726402283,-0.0625,-0.4051612615585327,0.41785377264022827,-0.0625,-0.4051612615585327,0.5428537726402283,0.0625,-0.4051612615585327,0.41785377264022827,0.0625,-0.4051612615585327,0.5428537726402283,-0.0625,-0.4051612615585327,0.5428537726402283,0.0625,-0.21766124665737152,0.5428537726402283,-0.0625,-0.21766124665737152,0.5428537726402283,0.0625,-0.4051612615585327,0.41785377264022827,0.0625,-0.4051612615585327,0.41785377264022827,-0.0625,-0.21766124665737152,0.41785377264022827,0.0625,-0.21766124665737152,0.41785377264022827,-0.0625,-0.4051612615585327,0.5428537726402283,0.0625,-0.4051612615585327,0.41785377264022827,0.0625,-0.21766124665737152,0.5428537726402283,0.0625,-0.21766124665737152,0.41785377264022827,0.0625,-0.21766124665737152,0.5428537726402283,-0.0625,-0.21766124665737152,0.41785377264022827,-0.0625,-0.4051612615585327,0.5428537726402283,-0.0625,-0.4051612615585327,0.41785377264022827,-0.0625,0.2832862436771393,0.5741037726402283,0.030625000596046448,0.2832862436771393,0.26160377264022827,0.030625000596046448,0.2832862436771393,0.5741037726402283,-0.030625000596046448,0.2832862436771393,0.26160377264022827,-0.030625000596046448,0.15828625857830048,0.5741037726402283,-0.030625000596046448,0.15828625857830048,0.26160377264022827,-0.030625000596046448,0.15828625857830048,0.5741037726402283,0.030625000596046448,0.15828625857830048,0.26160377264022827,0.030625000596046448,0.15828625857830048,0.5741037726402283,-0.030625000596046448,0.15828625857830048,0.5741037726402283,0.030625000596046448,0.2832862436771393,0.5741037726402283,-0.030625000596046448,0.2832862436771393,0.5741037726402283,0.030625000596046448,0.15828625857830048,0.26160377264022827,0.030625000596046448,0.15828625857830048,0.26160377264022827,-0.030625000596046448,0.2832862436771393,0.26160377264022827,0.030625000596046448,0.2832862436771393,0.26160377264022827,-0.030625000596046448,0.15828625857830048,0.5741037726402283,0.030625000596046448,0.15828625857830048,0.26160377264022827,0.030625000596046448,0.2832862436771393,0.5741037726402283,0.030625000596046448,0.2832862436771393,0.26160377264022827,0.030625000596046448,0.2832862436771393,0.5741037726402283,-0.030625000596046448,0.2832862436771393,0.26160377264022827,-0.030625000596046448,0.15828625857830048,0.5741037726402283,-0.030625000596046448,0.15828625857830048,0.26160377264022827,-0.030625000596046448,0.15828625857830048,0.5741037726402283,0.03125,0.15828625857830048,0.38660377264022827,0.03125,0.15828625857830048,0.5741037726402283,-0.03125,0.15828625857830048,0.38660377264022827,-0.03125,