{"schemaVersion":4,"source":{"uri":"models/items/straw-egg-speckled.gltf","sha256":"04c8aed62113c9ac70c5b84e0a603fd11bc3e86bfd79aabddb7208128625028b"},"animationNames":[],"boundingBox":{"min":{"x":-0.5050183662707104,"y":0.0031313153996966325,"z":-0.5050183662707104},"max":{"x":0.5050183662707104,"y":0.3286992574797523,"z":0.5050183662707104}},"nodeNames":["cube","cube","cube","cube","cube","cube","cube","cube","cube","cube","cube","cube","cube","cube","cube","normal-egg","straw-egg"],"trimesh":{"vertices":[-0.019981633871793747,-0.1613696813583374,-0.3499999940395355,-0.019981633871793747,-0.1613696813583374,0.3499999940395355,-0.019981633871793747,-0.1613696813583374,-0.3499999940395355,-0.5050183534622192,0.03953910991549492,0.3499999940395355,-0.5050183534622192,0.03953910991549492,-0.3499999940395355,-0.5050183534622192,0.03953910991549492,0.3499999940395355,-0.019981633871793747,-0.1613696813583374,-0.3499999940395355,-0.019981633871793747,-0.1613696813583374,0.3499999940395355,-0.5050183534622192,0.03953910991549492,0.3499999940395355,-0.5050183534622192,0.03953910991549492,-0.3499999940395355,-0.019981633871793747,-0.1613696813583374,0.3499999940395355,-0.5050183534622192,0.03953910991549492,0.3499999940395355,-0.019981633871793747,-0.1613696813583374,0.3499999940395355,-0.019981633871793747,-0.1613696813583374,-0.3499999940395355,-0.5050183534622192,0.03953910991549492,-0.3499999940395355,0.5050183534622192,0.03953910991549492,-0.3499999940395355,0.5050183534622192,0.03953910991549492,0.3499999940395355,0.5050183534622192,0.03953910991549492,-0.3499999940395355,0.01998162269592285,-0.1613696813583374,0.3499999940395355,0.01998162269592285,-0.1613696813583374,-0.3499999940395355,0.01998162269592285,-0.1613696813583374,0.3499999940395355,0.5050183534622192,0.03953910991549492,-0.3499999940395355,0.5050183534622192,0.03953910991549492,0.3499999940395355,0.01998162269592285,-0.1613696813583374,0.3499999940395355,0.01998162269592285,-0.1613696813583374,-0.3499999940395355,0.5050183534622192,0.03953910991549492,0.3499999940395355,0.01998162269592285,-0.1613696813583374,0.3499999940395355,0.5050183534622192,0.03953910991549492,0.3499999940395355,0.01998162269592285,-0.1613696813583374,-0.3499999940395355,0.01998162269592285,-0.1613696813583374,-0.3499999940395355,0.3500000238418579,0.03953910991549492,-0.5050183534622192,0.3499999940395355,-0.1613696813583374,-0.019981633871793747,0.3500000238418579,0.03953910991549492,-0.5050183534622192,-0.3499999940395355,-0.1613696813583374,-0.019981633871793747,-0.3499999940395355,0.03953910991549492,-0.5050183534622192,-0.3499999940395355,-0.1613696813583374,-0.019981633871793747,0.3500000238418579,0.03953910991549492,-0.5050183534622192,0.3499999940395355,-0.1613696813583374,-0.019981633871793747,-0.3499999940395355,-0.1613696813583374,-0.019981633871793747,-0.3499999940395355,0.03953910991549492,-0.5050183534622192,0.3499999940395355,-0.1613696813583374,-0.019981633871793747,-0.3499999940395355,-0.1613696813583374,-0.019981633871793747,0.3499999940395355,-0.1613696813583374,-0.019981633871793747,-0.3499999940395355,0.03953910991549492,-0.5050183534622192,-0.3499999940395355,0.03953910991549492,-0.5050183534622192,0.3499999940395355,-0.1613696813583374,0.019981633871793747,0.3500000238418579,0.03953910991549492,0.5050183534622192,0.3499999940395355,-0.1613696813583374,0.019981633871793747,-0.3499999940395355,0.03953910991549492,0.5050183534622192,-0.3499999940395355,-0.1613696813583374,0.019981633871793747,-0.3499999940395355,0.03953910991549492,0.5050183534622192,0.3499999940395355,-0.1613696813583374,0.019981633871793747,0.3500000238418579,0.03953910991549492,0.5050183534622192,-0.3499999940395355,0.03953910991549492,0.5050183534622192,-0.3499999940395355,-0.1613696813583374,0.019981633871793747,-0.3499999940395355,0.03953910991549492,0.5050183534622192,0.3500000238418579,0.03953910991549492,0.5050183534622192,-0.3499999940395355,-0.1613696813583374,0.019981633871793747,0.3499999940395355,-0.1613696813583374,0.019981633871793747,-0.3499999940395355,-0.1613696813583374,0.019981633871793747,-0.22541053593158722,0.09581436961889267,0.255839467048645,-0.22541053593158722,0.09581436961889267,0.255839467048645,-0.272765189409256,-0.06586454063653946,0.20848479866981506,-0.3397347927093506,0.16278396546840668,0.14151519536972046,-0.3397347927093506,0.16278396546840668,0.14151519536972046,-0.38708946108818054,0.0011050573084503412,0.0941605418920517,-0.3397347927093506,0.16278396546840668,0.14151519536972046,-0.22541053593158722,0.09581436961889267,0.255839467048645,-0.272765189409256,-0.06586454063653946,0.20848479866981506,-0.38708946108818054,0.0011050573084503412,0.0941605418920517,-0.38708946108818054,0.0011050573084503412,0.0941605418920517,-0.3397347927093506,0.16278396546840668,0.14151519536972046,-0.22541053593158722,0.09581436961889267,0.255839467048645,-0.272765189409256,-0.06586454063653946,0.20848479866981506,0.3397347927093506,0.16278396546840668,0.14151519536972046,0.3397347927093506,0.16278396546840668,0.14151519536972046,0.38708946108818054,0.0011050475295633078,0.0941605418920517,0.2254105508327484,0.09581436216831207,0.255839467048645,0.2254105508327484,0.09581436216831207,0.255839467048645,0.27276521921157837,-0.06586454808712006,0.20848479866981506,0.3397347927093506,0.16278396546840668,0.14151519536972046,0.3397347927093506,0.16278396546840668,0.14151519536972046,0.38708946108818054,0.0011050475295633078,0.0941605418920517,0.27276521921157837,-0.06586454808712006,0.20848479866981506,0.38708946108818054,0.0011050475295633078,0.0941605418920517,0.27276521921157837,-0.06586454808712006,0.20848479866981506,0.2254105508327484,0.09581436216831207,0.255839467048645,0.3397347927093506,0.16278396546840668,0.14151519536972046,0.38708946108818054,0.0011050475295633078,0.0941605418920517,0.21875,-0.03904028981924057,0.13124999403953552,0.21875,-0.03904028981924057,0.13124999403953552,0.13124999403953552,-0.16278396546840668,0.21875,0.13125000894069672,0.08470340818166733,0.21875,0.13125000894069672,0.08470340818166733,0.21875,0.043750010430812836,-0.03904029354453087,0.3062500059604645,0.21875,-0.03904028981924057,0.13124999403953552,0.21875,-0.03904028981924057,0.13124999403953552,0.13124999403953552,-0.16278396546840668,0.21875,0.043750010430812836,-0.03904029354453087,0.3062500059604645,0.13124999403953552,-0.16278396546840668,0.21875,0.043750010430812836,-0.03904029354453087,0.3062500059604645,0.13125000894069672,0.08470340818166733,0.21875,0.21875,-0.03904028981924057,0.13124999403953552,0.13124999403953552,-0.16278396546840668,0.21875,-0.13124999403953552,0.08470339328050613,0.21875,-0.13124999403953552,0.08470339328050613,0.21875,-0.04374999925494194,-0.03904028609395027,0.3062500059604645,-0.21875,-0.03904028609395027,0.13124999403953552,-0.21875,-0.03904028609395027,0.13124999403953552,-0.13124999403953552,-0.16278396546840668,0.21875,-0.21875,-0.03904028609395027,0.13124999403953552,-0.13124999403953552,0.08470339328050613,0.21875,-0.04374999925494194,-0.03904028609395027,0.3062500059604645,-0.13124999403953552,-0.16278396546840668,0.21875,-0.13124999403953552,-0.16278396546840668,0.21875,-0.21875,-0.03904028609395027,0.13124999403953552,-0.13124999403953552,0.08470339328050613,0.21875,-0.04374999925494194,-0.03904028609395027,0.3062500059604645,0.3397347927093506,0.16278396546840668,-0.14151519536972046,0.3397347927093506,0.16278396546840668,-0.14151519536972046,0.38708946108818054,0.0011050475295633078,-0.0941605418920517,0.2254105508327484,0.09581436216831207,-0.255839467048645,0.2254105508327484,0.09581436216831207,-0.255839467048645,0.27276521921157837,-0.06586454808712006,-0.20848479866981506,0.3397347927093506,0.16278396546840668,-0.14151519536972046,0.2254105508327484,0.09581436216831207,-0.255839467048645,0.27276521921157837,-0.06586454808712006,-0.20848479866981506,0.38708946108818054,0.0011050475295633078,-0.0941605418920517,0.3397347927093506,0.16278396546840668,