{"schemaVersion":4,"source":{"uri":"models/weapons/chieftan-blade.gltf","sha256":"d97ecd425c9f01185056e139c784fe3143e8220680945c30d4c54148817a2b55"},"animationNames":["atk2","atk4","death"],"boundingBox":{"min":{"x":-0.08125001192092896,"y":-0.84375,"z":-0.2812500000000002},"max":{"x":0.08125001192092896,"y":2.59375,"z":0.3437499999999999}},"nodeNames":["cube","cube","cube","cube","cube","cube","cube","cube","weapon","root",""],"trimesh":{"vertices":[-0.46875,-0.84375,0.4375,-0.46875,-0.96875,0.4375,-0.46875,-0.84375,-0.5,-0.46875,-0.96875,-0.5,-0.59375,-0.84375,-0.5,-0.59375,-0.96875,-0.5,-0.59375,-0.84375,0.4375,-0.59375,-0.96875,0.4375,-0.59375,-0.84375,-0.5,-0.59375,-0.84375,0.4375,-0.46875,-0.84375,-0.5,-0.46875,-0.84375,0.4375,-0.59375,-0.96875,0.4375,-0.59375,-0.96875,-0.5,-0.46875,-0.96875,0.4375,-0.46875,-0.96875,-0.5,-0.59375,-0.84375,0.4375,-0.59375,-0.96875,0.4375,-0.46875,-0.84375,0.4375,-0.46875,-0.96875,0.4375,-0.46875,-0.84375,-0.5,-0.46875,-0.96875,-0.5,-0.59375,-0.84375,-0.5,-0.59375,-0.96875,-0.5,-0.44999998807907104,-0.824999988079071,0.45625001192092896,-0.44999998807907104,-0.987500011920929,0.45625001192092896,-0.44999998807907104,-0.824999988079071,-0.518750011920929,-0.44999998807907104,-0.987500011920929,-0.518750011920929,-0.612500011920929,-0.824999988079071,-0.518750011920929,-0.612500011920929,-0.987500011920929,-0.518750011920929,-0.612500011920929,-0.824999988079071,0.45625001192092896,-0.612500011920929,-0.987500011920929,0.45625001192092896,-0.612500011920929,-0.824999988079071,-0.518750011920929,-0.612500011920929,-0.824999988079071,0.45625001192092896,-0.44999998807907104,-0.824999988079071,-0.518750011920929,-0.44999998807907104,-0.824999988079071,0.45625001192092896,-0.612500011920929,-0.987500011920929,0.45625001192092896,-0.612500011920929,-0.987500011920929,-0.518750011920929,-0.44999998807907104,-0.987500011920929,0.45625001192092896,-0.44999998807907104,-0.987500011920929,-0.518750011920929,-0.612500011920929,-0.824999988079071,0.45625001192092896,-0.612500011920929,-0.987500011920929,0.45625001192092896,-0.44999998807907104,-0.824999988079071,0.45625001192092896,-0.44999998807907104,-0.987500011920929,0.45625001192092896,-0.44999998807907104,-0.824999988079071,-0.518750011920929,-0.44999998807907104,-0.987500011920929,-0.518750011920929,-0.612500011920929,-0.824999988079071,-0.518750011920929,-0.612500011920929,-0.987500011920929,-0.518750011920929,-0.5311874747276306,-0.75,0.8125,-0.5311874747276306,-1.0625,0.8125,-0.5311874747276306,-0.75,0.375,-0.5311874747276306,-1.0625,0.375,-0.53125,-0.75,0.375,-0.53125,-1.0625,0.375,-0.53125,-0.75,0.8125,-0.53125,-1.0625,0.8125,-0.53125,-0.75,0.375,-0.53125,-0.75,0.8125,-0.5311874747276306,-0.75,0.375,-0.5311874747276306,-0.75,0.8125,-0.53125,-1.0625,0.8125,-0.53125,-1.0625,0.375,-0.5311874747276306,-1.0625,0.8125,-0.5311874747276306,-1.0625,0.375,-0.53125,-0.75,0.8125,-0.53125,-1.0625,0.8125,-0.5311874747276306,-0.75,0.8125,-0.5311874747276306,-1.0625,0.8125,-0.5311874747276306,-0.75,0.375,-0.5311874747276306,-1.0625,0.375,-0.53125,-0.75,0.375,-0.53125,-1.0625,0.375,-0.46875,-0.6875,-0.5,-0.46875,-1.0625,-0.5,-0.46875,-0.6875,-0.625,-0.46875,-1.0625,-0.625,-0.59375,-0.6875,-0.625,-0.59375,-1.0625,-0.625,-0.59375,-0.6875,-0.5,-0.59375,-1.0625,-0.5,-0.59375,-0.6875,-0.625,-0.59375,-0.6875,-0.5,-0.46875,-0.6875,-0.625,-0.46875,-0.6875,-0.5,-0.59375,-1.0625,-0.5,-0.59375,-1.0625,-0.625,-0.46875,-1.0625,-0.5,-0.46875,-1.0625,-0.625,-0.59375,-0.6875,-0.5,-0.59375,-1.0625,-0.5,-0.46875,-0.6875,-0.5,-0.46875,-1.0625,-0.5,-0.46875,-0.6875,-0.625,-0.46875,-1.0625,-0.625,-0.59375,-0.6875,-0.625,-0.59375,-1.0625,-0.625,-0.44999998807907104,-0.668749988079071,-0.48124998807907104,-0.44999998807907104,-1.0812499523162842,-0.48124998807907104,-0.44999998807907104,-0.668749988079071,-0.643750011920929,-0.44999998807907104,-1.0812499523162842,-0.643750011920929,-0.612500011920929,-0.668749988079071,-0.643750011920929,-0.612500011920929,-1.0812499523162842,-0.643750011920929,-0.612500011920929,-0.668749988079071,-0.48124998807907104,-0.612500011920929,-1.0812499523162842,-0.48124998807907104,-0.612500011920929,-0.668749988079071,-0.643750011920929,-0.612500011920929,-0.668749988079071,-0.48124998807907104,-0.44999998807907104,-0.668749988079071,-0.643750011920929,-0.44999998807907104,-0.668749988079071,-0.48124998807907104,-0.612500011920929,-1.0812499523162842,-0.48124998807907104,-0.612500011920929,-1.0812499523162842,-0.643750011920929,-0.44999998807907104,-1.0812499523162842,-0.48124998807907104,-0.44999998807907104,-1.0812499523162842,-0.643750011920929,-0.612500011920929,-0.668749988079071,-0.48124998807907104,-0.612500011920929,-1.0812499523162842,-0.48124998807907104,-0.44999998807907104,-0.668749988079071,-0.48124998807907104,-0.44999998807907104,-1.0812499523162842,-0.48124998807907104,-0.44999998807907104,-0.668749988079071,-0.643750011920929,-0.44999998807907104,-1.0812499523162842,-0.643750011920929,-0.612500011920929,-0.668749988079071,-0.643750011920929,-0.612500011920929,-1.0812499523162842,-0.643750011920929,-0.5311874747276306,-0.5625,-0.375,-0.5311874747276306,-1.1875,-0.375,-0.5311874747276306,-0.5625,-0.625,-0.5311874747276306,-1.1875,-0.625,-0.53125,-0.5625,-0.625,-0.53125,-1.1875,-0.625,-0.53125,-0.5625,-0.375,-0.53125,-1.1875,-0.375,-0.53125,-0.5625,-0.625,-0.53125,-0.5625,-0.375,-0.5311874747276306,-0.5625,-0.625,-0.5311874747276306,-0.5625,-0.375,-0.53125,-1.1875,-0.375,-0.53125,-1.1875,-0.625,-0.5311874747276306,-1.1875,-0.375,-0.5311874747276306,-1.1875,-0.625,-0.53125,-0.5625,-0.375,-0.53125,-1.1875,-0.375,-0.5311874747276306,-0.5625,-0.375,-0.5311874747276306,-1.1875,-0.375,-0.5311874747276306,-0.5625,-0.625,-0.5311874747276306,-1.1875,-0.625,-0.53125,-0.5625,-0.625,-0.53125,-1.1875,-0.625,-0.5311874747276306,-0.65625,-0.625,-0.5311874747276306,-1.09375,-0.625,-0.5311874747276306,-0.65625,-2.625,-0.5311874747276306,-1.09375,-2.625,-0.53125,-0.65625,-2.625,-0.53125,-1.09375,-2.625,-0.53125,-0.65625,-0.625,-0.53125,-1.09375,-0.625,-0.53125,-0.65625,-2.625,-0.53125,-0.65625,-0.625,-0.5311874747276306,-0.65625,-2.625,-0.5311874747276306,-0.65625,-0.625,-0.53125,-1.09375,-0.625,-0.53125,-1.09375,-2.625,-0.5311874747276306,-1.09375,-0.625,-0.5311874747276306,-1.09375,-2.625,-0.53125,-0.65625,-0.625,-0.53125,-1.09375,-0.625,-0.5311874747276306,-0.65625,-0.625,-0.5311874747276306,-1.09375,-0.625,-0.5311874747276306,-0.65625,-2.625,-0.5311874747276306,-1.09375,-2.625,-0.53125,-0.65625,-2.625,-0.53125,-1.09375,-2.625,-0.46875,-0.6122667789459229,-0.9845742583274841,-0.46875,-0.9009791016578674,-1.1041628122329712,-0.46875,-0.6122428774833679,-0.9846319556236267,-0.46875,-0.9009552001953125,-1.1042205095291138,-0.59375,-0.6122428774833679,-0.9846319556236267,-0.59375,-0.9009552001953125,-1.1042205095291138,-0.59375,-0.6122667789459229,-0.9845742583274841,-0.59375,-0.9009791016578674,-1.1041628122329712,-0.59375,-0.6122428774833679,-0.9846319556236267,-0.59375,-0.6122667789459229,-0.9845742583274841,-0.46875,-0.6122428774833679,-0.9846319556236267,-0.46875,-0.6122667789459229,-0.9845742583274841,-0.59375,-0.9009791016578674,-1.1041628122329712,-0.59375,-0.9009552001953125,-1.1042205095291138,-0.46875,-0.9009791016578674,-1.1041628122329712,-0.46875,-0.9009552001953125,-1.1042205095291138,-0.59375,-0.6122667789459229,-0.9845742583274841,-0.59375,-0.9009791016578674,-1.1041628122329712,-0.46875,-0.6122667789459229,-0.9845742583274841,-0.46875,-0.9009791016578674,-1.1041628122329712,-0.46875,-0.6122428774833679,-0.9846319556236267,-0.46875,-0.9009552001953125,-1.1042205095291138,-0.59375,-0.6122428774833679,-0.9846319556236267,-0.59375,-0.9009552001953125,-1.1042205095291138],