{"schemaVersion":4,"source":{"uri":"models/environment/wood-barricade-1.gltf","sha256":"43d4b2ac793d802afe3a73dbaf55a572bd86eaf2203edaa92edc3dbe0e50a65c"},"animationNames":[],"boundingBox":{"min":{"x":-0.463388125,"y":-1.0000002226483184,"z":-0.1561553006146874},"max":{"x":1.463388125,"y":0.8722242517905278,"z":1.7133883476483185}},"nodeNames":["cube","cube","cube","cube","cube","cube","cube","cube","cube","cube","cube","cube","cube","group","group","group",""],"trimesh":{"vertices":[0.0625,0.5664898753166199,-0.47944173216819763,0.0625,-0.847723662853241,0.9347718358039856,0.0625,0.47810155153274536,-0.5678300857543945,0.0625,-0.9361119866371155,0.8463834524154663,-0.0625,0.47810155153274536,-0.5678300857543945,-0.0625,-0.9361119866371155,0.8463834524154663,-0.0625,0.5664898753166199,-0.47944173216819763,-0.0625,-0.847723662853241,0.9347718358039856,-0.0625,0.47810155153274536,-0.5678300857543945,-0.0625,0.5664898753166199,-0.47944173216819763,0.0625,0.47810155153274536,-0.5678300857543945,0.0625,0.5664898753166199,-0.47944173216819763,-0.0625,-0.847723662853241,0.9347718358039856,-0.0625,-0.9361119866371155,0.8463834524154663,0.0625,-0.847723662853241,0.9347718358039856,0.0625,-0.9361119866371155,0.8463834524154663,-0.0625,0.5664898753166199,-0.47944173216819763,-0.0625,-0.847723662853241,0.9347718358039856,0.0625,0.5664898753166199,-0.47944173216819763,0.0625,-0.847723662853241,0.9347718358039856,0.0625,0.47810155153274536,-0.5678300857543945,0.0625,-0.9361119866371155,0.8463834524154663,-0.0625,0.47810155153274536,-0.5678300857543945,-0.0625,-0.9361119866371155,0.8463834524154663,0.0625,0.8915182948112488,-0.903033435344696,0.0625,0.4937707185745239,-0.5052858591079712,0.0625,0.8914740681648254,-0.9030776023864746,0.0625,0.493726521730423,-0.5053300857543945,-0.0625,0.8914740681648254,-0.9030776023864746,-0.0625,0.493726521730423,-0.5053300857543945,-0.0625,0.8915182948112488,-0.903033435344696,-0.0625,0.4937707185745239,-0.5052858591079712,-0.0625,0.8914740681648254,-0.9030776023864746,-0.0625,0.8915182948112488,-0.903033435344696,0.0625,0.8914740681648254,-0.9030776023864746,0.0625,0.8915182948112488,-0.903033435344696,-0.0625,0.4937707185745239,-0.5052858591079712,-0.0625,0.493726521730423,-0.5053300857543945,0.0625,0.4937707185745239,-0.5052858591079712,0.0625,0.493726521730423,-0.5053300857543945,-0.0625,0.8915182948112488,-0.903033435344696,-0.0625,0.4937707185745239,-0.5052858591079712,0.0625,0.8915182948112488,-0.903033435344696,0.0625,0.4937707185745239,-0.5052858591079712,0.0625,0.8914740681648254,-0.9030776023864746,0.0625,0.493726521730423,-0.5053300857543945,-0.0625,0.8914740681648254,-0.9030776023864746,-0.0625,0.493726521730423,-0.5053300857543945,0.00006249919533729553,0.9356682300567627,-0.8463833928108215,0.00006249919533729553,0.5379207134246826,-0.44863593578338623,0.00006249919533729553,0.8472798466682434,-0.9347717761993408,0.00006249919533729553,0.4495323896408081,-0.5370242595672607,0,0.8472798466682434,-0.9347717761993408,0,0.4495323896408081,-0.5370242595672607,0,0.9356682300567627,-0.8463833928108215,0,0.5379207134246826,-0.44863593578338623,0,0.8472798466682434,-0.9347717761993408,0,0.9356682300567627,-0.8463833928108215,0.00006249919533729553,0.8472798466682434,-0.9347717761993408,0.00006249919533729553,0.9356682300567627,-0.8463833928108215,0,0.5379207134246826,-0.44863593578338623,0,0.4495323896408081,-0.5370242595672607,0.00006249919533729553,0.5379207134246826,-0.44863593578338623,0.00006249919533729553,0.4495323896408081,-0.5370242595672607,0,0.9356682300567627,-0.8463833928108215,0,0.5379207134246826,-0.44863593578338623,0.00006249919533729553,0.9356682300567627,-0.8463833928108215,0.00006249919533729553,0.5379207134246826,-0.44863593578338623,0.00006249919533729553,0.8472798466682434,-0.9347717761993408,0.00006249919533729553,0.4495323896408081,-0.5370242595672607,0,0.8472798466682434,-0.9347717761993408,0,0.4495323896408081,-0.5370242595672607,-0.45082545280456543,0.5664896368980408,-0.1536165028810501,0.9633881449699402,-0.8477239012718201,-0.1536165475845337,-0.45082545280456543,0.5664896368980408,-0.27861645817756653,0.9633881449699402,-0.8477239012718201,-0.2786165177822113,-0.5392137765884399,0.47810128331184387,-0.2786164879798889,0.8749997615814209,-0.9361122250556946,-0.2786165177822113,-0.5392137765884399,0.47810128331184387,-0.1536165028810501,0.8749997615814209,-0.9361122250556946,-0.1536165475845337,-0.5392137765884399,0.47810128331184387,-0.2786164879798889,-0.5392137765884399,0.47810128331184387,-0.1536165028810501,-0.45082545280456543,0.5664896368980408,-0.27861645817756653,-0.45082545280456543,0.5664896368980408,-0.1536165028810501,0.8749997615814209,-0.9361122250556946,-0.1536165475845337,0.8749997615814209,-0.9361122250556946,-0.2786165177822113,0.9633881449699402,-0.8477239012718201,-0.1536165475845337,0.9633881449699402,-0.8477239012718201,-0.2786165177822113,-0.5392137765884399,0.47810128331184387,-0.1536165028810501,0.8749997615814209,-0.9361122250556946,-0.1536165475845337,-0.45082545280456543,0.5664896368980408,-0.1536165028810501,0.9633881449699402,-0.8477239012718201,-0.1536165475845337,-0.45082545280456543,0.5664896368980408,-0.27861645817756653,0.9633881449699402,-0.8477239012718201,-0.2786165177822113,-0.5392137765884399,0.47810128331184387,-0.2786164879798889,0.8749997615814209,-0.9361122250556946,-0.2786165177822113,-0.8173230290412903,0.9361122846603394,-0.2160540223121643,-0.41957542300224304,0.5383647084236145,-0.2160540521144867,-0.8173230290412903,0.9361121654510498,-0.21611648797988892,-0.41957542300224304,0.5383646488189697,-0.21611648797988892,-0.9057113528251648,0.8477238416671753,-0.21611648797988892,-0.5079637765884399,0.4499762952327728,-0.21611648797988892,-0.9057113528251648,0.8477239012718201,-0.2160540223121643,-0.5079637765884399,0.4499763548374176,-0.2160540521144867,-0.9057113528251648,0.8477238416671753,-0.21611648797988892,-0.9057113528251648,0.8477239012718201,-0.2160540223121643,-0.8173230290412903,0.9361121654510498,-0.21611648797988892,-0.8173230290412903,0.9361122846603394,-0.2160540223121643,-0.5079637765884399,0.4499763548374176,-0.2160540521144867,-0.5079637765884399,0.4499762952327728,-0.21611648797988892,-0.41957542300224304,0.5383647084236145,-0.2160540521144867,-0.41957542300224304,0.5383646488189697,-0.21611648797988892,-0.9057113528251648,0.8477239012718201,-0.2160540223121643,-0.5079637765884399,0.4499763548374176,-0.2160540521144867,-0.8173230290412903,0.9361122846603394,-0.2160540223121643,-0.41957542300224304,0.5383647084236145,-0.2160540521144867,-0.8173230290412903,0.9361121654510498,-0.21611648797988892,-0.41957542300224304,0.5383646488189697,-0.21611648797988892,-0.9057113528251648,0.8477238416671753,-0.21611648797988892,-0.5079637765884399,0.4499762952327728,-0.21611648797988892,-0.8672788143157959,0.886156439781189,-0.1536165475845337,-0.46953123807907104,0.4884088635444641,-0.1536165326833725,-0.8672788143157959,0.886156439781189,-0.2786165177822113,-0.46953123807907104,0.4884088635444641,-0.2786165177822113,-0.8673229813575745,0.8861122727394104,-0.2786165177822113,-0.4695754647254944,0.48836466670036316,-0.2786165177822113,-0.8673229813575745,0.8861122727394104,-0.1536165475845337,-0.4695754647254944,0.48836469650268555,-0.1536165475845337,-0.8673229813575745,0.8861122727394104,-0.2786165177822113,-0.8673229813575745,0.8861122727394104,-0.1536165475845337,-0.8672788143157959,0.886156439781189,-0.2786165177822113,-0.8672788143157959,0.886156439781189,-0.1536165475845337,-0.4695754647254944,0.48836469650268555,-0.1536165475845337,-0.4695754647254944,0.48836466670036316,-0.2786165177822113,-0.46953123807907104,0.4884088635444641,-0.1536165326833725,-0.46953123807907104,0.4884088635444641,-0.2786165177822113,-0.8673229813575745,0.8861122727394104,-0.1536165475845337,-0.4695754647254944,0.48836469650268555,-0.1536165475845337,-0.8672788143157959,0.886156439781189,-0.1536165475845337,-0.46953123807907104,0.4884088635444641,