{"schemaVersion":4,"source":{"uri":"models/environment/bed-double.gltf","sha256":"6c764f17556700c347947d44370adcee0d18b5866a6fb807cef79ef8c68dffd9"},"animationNames":[],"boundingBox":{"min":{"x":-0.71875,"y":-0.9999999878501892,"z":-1},"max":{"x":1.71875,"y":0.3125000121498108,"z":2}},"nodeNames":["cube","cube","cube","cube","cube","cube","cube","cube","cube","cube","cube","cube","cube","group",""],"trimesh":{"vertices":[1.09375,0.031249985098838806,1.40625,1.09375,-0.46875,1.40625,1.09375,0.031249985098838806,-1.40625,1.09375,-0.46875,-1.40625,-1.09375,0.031249985098838806,-1.40625,-1.09375,-0.46875,-1.40625,-1.09375,0.031249985098838806,1.40625,-1.09375,-0.46875,1.40625,-1.09375,0.031249985098838806,-1.40625,-1.09375,0.031249985098838806,1.40625,1.09375,0.031249985098838806,-1.40625,1.09375,0.031249985098838806,1.40625,-1.09375,-0.46875,1.40625,-1.09375,-0.46875,-1.40625,1.09375,-0.46875,1.40625,1.09375,-0.46875,-1.40625,-1.03125,0.15625,-1.46875,-1.03125,0.15625,-1.40625,1.03125,0.15625,-1.46875,1.03125,0.15625,-1.40625,-1.03125,-0.53125,-1.40625,-1.03125,-0.53125,-1.46875,1.03125,-0.53125,-1.40625,1.03125,-0.53125,-1.46875,-1.03125,0.15625,-1.40625,-1.03125,-0.53125,-1.40625,1.03125,0.15625,-1.40625,1.03125,-0.53125,-1.40625,1.03125,0.15625,-1.46875,1.03125,-0.53125,-1.46875,-1.03125,0.15625,-1.46875,-1.03125,-0.53125,-1.46875,-1.09375,-0.09375,1.3125,-1.09375,-0.53125,1.3125,-1.09375,-0.09375,-1.3125,-1.09375,-0.53125,-1.3125,-1.15625,-0.09375,-1.3125,-1.15625,-0.53125,-1.3125,-1.15625,-0.09375,1.3125,-1.15625,-0.53125,1.3125,-1.15625,-0.09375,-1.3125,-1.15625,-0.09375,1.3125,-1.09375,-0.09375,-1.3125,-1.09375,-0.09375,1.3125,-1.15625,-0.53125,1.3125,-1.15625,-0.53125,-1.3125,-1.09375,-0.53125,1.3125,-1.09375,-0.53125,-1.3125,1.15625,-0.09375,1.3125,1.15625,-0.53125,1.3125,1.15625,-0.09375,-1.3125,1.15625,-0.53125,-1.3125,1.09375,-0.09375,-1.3125,1.09375,-0.53125,-1.3125,1.09375,-0.09375,1.3125,1.09375,-0.53125,1.3125,1.09375,-0.09375,-1.3125,1.09375,-0.09375,1.3125,1.15625,-0.09375,-1.3125,1.15625,-0.09375,1.3125,1.09375,-0.53125,1.3125,1.09375,-0.53125,-1.3125,1.15625,-0.53125,1.3125,1.15625,-0.53125,-1.3125,-1.03125,0.53125,1.40625,-1.03125,0.53125,1.46875,1.03125,0.53125,1.40625,1.03125,0.53125,1.46875,-1.03125,-0.53125,1.46875,-1.03125,-0.53125,1.40625,1.03125,-0.53125,1.46875,1.03125,-0.53125,1.40625,-1.03125,0.53125,1.46875,-1.03125,-0.53125,1.46875,1.03125,0.53125,1.46875,1.03125,-0.53125,1.46875,1.03125,0.53125,1.40625,1.03125,-0.53125,1.40625,-1.03125,0.53125,1.40625,-1.03125,-0.53125,1.40625,1.095312476158142,0.062499985098838806,0.15625,1.095312476158142,-0.2500000298023224,0.15625,1.095312476158142,0.062499985098838806,-1.40625,1.095312476158142,-0.2500000298023224,-1.40625,-1.095312476158142,0.062499985098838806,-1.40625,-1.095312476158142,-0.2500000298023224,-1.40625,-1.095312476158142,0.062499985098838806,0.15625,-1.095312476158142,-0.2500000298023224,0.15625,-1.095312476158142,0.062499985098838806,-1.40625,-1.095312476158142,0.062499985098838806,0.15625,1.095312476158142,0.062499985098838806,-1.40625,1.095312476158142,0.062499985098838806,0.15625,1.125,0.0937499850988388,0.71875,1.125,-0.2812500298023224,0.71875,1.125,0.0937499850988388,0.15625,1.125,-0.2812500298023224,0.15625,-1.125,0.0937499850988388,0.15625,-1.125,-0.2812500298023224,0.15625,-1.125,0.0937499850988388,0.71875,-1.125,-0.2812500298023224,0.71875,-1.125,0.0937499850988388,0.15625,-1.125,0.0937499850988388,0.71875,1.125,0.0937499850988388,0.15625,1.125,0.0937499850988388,0.71875,-1.125,0.0937499850988388,0.71875,-1.125,-0.2812500298023224,0.71875,1.125,0.0937499850988388,0.71875,1.125,-0.2812500298023224,0.71875,1.125,0.0937499850988388,0.15625,1.125,-0.2812500298023224,0.15625,-1.125,0.0937499850988388,0.15625,-1.125,-0.2812500298023224,0.15625,-1.03125,0.28125,-1.3125,-1.03125,-0.65625,-1.3125,-1.03125,0.28125,-1.5,-1.03125,-0.65625,-1.5,-1.21875,0.28125,-1.5,-1.21875,-0.65625,-1.5,-1.21875,0.28125,-1.3125,-1.21875,-0.65625,-1.3125,-1.21875,0.28125,-1.5,-1.21875,0.28125,-1.3125,-1.03125,0.28125,-1.5,-1.03125,0.28125,-1.3125,-1.21875,-0.65625,-1.3125,-1.21875,-0.65625,-1.5,-1.03125,-0.65625,-1.3125,-1.03125,-0.65625,-1.5,-1.21875,0.28125,-1.3125,-1.21875,-0.65625,-1.3125,-1.03125,0.28125,-1.3125,-1.03125,-0.65625,-1.3125,-1.03125,0.28125,-1.5,-1.03125,-0.65625,-1.5,-1.21875,0.28125,-1.5,-1.21875,-0.65625,-1.5,-1.03125,0.65625,1.5,-1.03125,-0.65625,1.5,-1.03125,0.65625,1.3125,-1.03125,-0.65625,1.3125,-1.21875,0.65625,1.3125,-1.21875,-0.65625,1.3125,-1.21875,0.65625,1.5,-1.21875,-0.65625,1.5,-1.21875,0.65625,1.3125,-1.21875,0.65625,1.5,-1.03125,0.65625,1.3125,-1.03125,0.65625,1.5,-1.21875,-0.65625,1.5,-1.21875,-0.65625,1.3125,-1.03125,-0.65625,1.5,-1.03125,-0.65625,1.3125,-1.21875,0.65625,1.5,-1.21875,-0.65625,1.5,-1.03125,0.65625,1.5,-1.03125,-0.65625,1.5,-1.03125,0.65625,1.3125,-1.03125,-0.65625,1.3125,-1.21875,0.65625,1.3125,-1.21875,-0.65625,1.3125,1.21875,0.28125,-1.3125,1.21875,-0.65625,-1.3125,1.21875,0.28125,-1.5,1.21875,-0.65625,-1.5,1.03125,0.28125,-1.5,1.03125,-0.65625,-1.5,1.03125,0.28125,-1.3125,1.03125,-0.65625,-1.3125,1.03125,0.28125,-1.5,1.03125,0.28125,-1.3125,1.21875,0.28125,-1.5,1.21875,0.28125,-1.3125,1.03125,-0.65625,-1.3125,1.03125,-0.65625,-1.5,1.21875,-0.65625,-1.3125,1.21875,-0.65625,-1.5,1.03125,0.28125,-1.3125,1.03125,-0.65625,-1.3125,1.21875,0.28125,-1.3125,1.21875,-0.65625,-1.3125,1.21875,0.28125,-1.5,1.21875,-0.65625,-1.5,1.03125,0.28125,-1.5,1.03125,-0.65625,-1.5,1.21875,0.65625,1.5,1.21875,-0.65625,1.5,1.21875,0.65625,1.3125,1.21875,-0.65625,1.3125,1.03125,0.65625,1.3125,1.03125,-0.65625,1.3125,1.03125,0.65625,1.5,1.03125,-0.65625,1.5,1.03125,0.65625,1.3125,1.03125,0.65625,1.5,1.21875,0.65625,1.3125,1.21875,0.65625,1.5,1.03125,-0.65625,1.5,1.03125,-0.65625,1.3125,1.21875,-0.65625,1.5,1.21875,-0.65625,1.3125,1.03125,0.65625,1.5,1.03125,-0.65625,1.5,1.21875,0.65625,1.5,1.21875,-0.65625,1.5,1.21875,0.65625,1.3125,1.21875,-0.65625,1.3125,1.03125,0.65625,1.3125,1.03125,-0.65625,1.3125,0.96875,0.3083760142326355,1.2711741924285889,0.96875,0.01966366171836853,1.3907628059387207,0.96875,0.09311661124229431,0.7514919638633728,0.96875,-0.19559574127197266,0.8710805773735046,0.03125,0.09311661124229431,0.7514919638633728,0.03125,-0.19559574127197266,0.8710805773735046,0.03125,0.3083760142326355,1.2711741924285889,0.03125,0.01966366171836853,1.3907628059387207,0.03125,0.09311661124229431,0.7514919638633728,0.03125,0.3083760142326355,1.2711741924285889,0.96875,0.09311661124229431,0.7514919638633728,0.96875,0.3083760142326355,1.2711741924285889,0.03125,0.3083760142326355,1.2711741924285889,0.03125,0.01966366171836853,1.3907628059387207,0.96875,0.3083760142326355,1.2711741924285889,0.96875,0.01966366171836853,1.3907628059387207,0.96875,0.09311661124229431,0.7514919638633728,0.96875,-0.19559574127197266,0.8710805773735046,0.03125,0.09311661124229431,0.7514919638633728,0.03125,-0.19559574127197266,0.8710805773735046,-0.09375,0.3083760142326355,1.2711741924285889,-0.09375,0.01966366171836853,1.3907628059387207,-0.09375,0.09311661124229431,0.7514919638633728,-0.09375,-0.19559574127197266,0.8710805773735046,-1.03125,0.09311661124229431,0.7514919638633728,-1.03125,-0.19559574127197266,0.8710805773735046,-1.03125,0.3083760142326355,1.2711741924285889,-1.03125,0.01966366171836853,1.3907628059387207,-1.03125,0.09311661124229431,0.7514919638633728,-1.03125,0.3083760142326355,1.2711741924285889,-0.09375,0.09311661124229431,0.7514919638633728,-0.09375,0.3083760142326355,1.2711741924285889,-1.03125,0.3083760142326355,1.2711741924285889,-1.03125,0.01966366171836853,1.3907628059387207,-0.09375,0.3083760142326355,1.2711741924285889,-0.09375,0.01966366171836853,1.3907628059387207,-0.09375,0.09311661124229431,0.7514919638633728,-0.09375,-0.19559574127197266,0.8710805773735046,-1.03125,0.09311661124229431,0.7514919638633728,-1.03125,-0.19559574127197266,0.8710805773735046],