{"schemaVersion":4,"source":{"uri":"models/environment/skull-broken.gltf","sha256":"54f0248802dfcfb7fa4e04d22a4e7e1c82d66556c140803950eec48e3a2dff07"},"animationNames":[],"boundingBox":{"min":{"x":-0.421875,"y":-0.015625,"z":-0.421875},"max":{"x":0.421875,"y":0.828125,"z":0.421875}},"nodeNames":["head","head layer","skull_broken",""],"trimesh":{"vertices":[0.40625,0.40625,0.40625,0.40625,-0.40625,0.40625,0.40625,0.40625,-0.40625,0.40625,-0.40625,-0.40625,-0.40625,0.40625,-0.40625,-0.40625,-0.40625,-0.40625,-0.40625,0.40625,0.40625,-0.40625,-0.40625,0.40625,-0.40625,0.40625,-0.40625,-0.40625,0.40625,0.40625,0.40625,0.40625,-0.40625,0.40625,0.40625,0.40625,-0.40625,-0.40625,0.40625,-0.40625,-0.40625,-0.40625,0.40625,-0.40625,0.40625,0.40625,-0.40625,-0.40625,-0.40625,0.40625,0.40625,-0.40625,-0.40625,0.40625,0.40625,0.40625,0.40625,0.40625,-0.40625,0.40625,0.40625,0.40625,-0.40625,0.40625,-0.40625,-0.40625,-0.40625,0.40625,-0.40625,-0.40625,-0.40625,-0.40625,0.421875,0.421875,0.421875,0.421875,-0.421875,0.421875,0.421875,0.421875,-0.421875,0.421875,-0.421875,-0.421875,-0.421875,0.421875,-0.421875,-0.421875,-0.421875,-0.421875,-0.421875,0.421875,0.421875,-0.421875,-0.421875,0.421875,-0.421875,0.421875,-0.421875,-0.421875,0.421875,0.421875,0.421875,0.421875,-0.421875,0.421875,0.421875,0.421875,-0.421875,-0.421875,0.421875,-0.421875,-0.421875,-0.421875,0.421875,-0.421875,0.421875,0.421875,-0.421875,-0.421875,-0.421875,0.421875,0.421875,-0.421875,-0.421875,0.421875,0.421875,0.421875,0.421875,0.421875,-0.421875,0.421875,0.421875,0.421875,-0.421875,0.421875,-0.421875,-0.421875,-0.421875,0.421875,-0.421875,-0.421875,-0.421875,-0.421875],"indices":[0,1,2,1,3,2,4,5,6,5,7,6,8,9,10,9,11,10,12,13,14,13,15,14,16,17,18,17,19,18,20,21,22,21,23,22,24,25,26,25,27,26,28,29,30,29,31,30,32,33,34,33,35,34,36,37,38,37,39,38,40,41,42,41,43,42,44,45,46,45,47,46]},"optimizedModelData":{"":{"meshCount":1},"-named-nodes":{"meshCount":2},"-no-animations":{"meshCount":1}}}