{"schemaVersion":4,"source":{"uri":"models/pets/rare/anglerfish.gltf","sha256":"560d704bcd870f723ed33a12e6da811ce99807fc05e91c90b7b2fd59e2900ba6"},"animationNames":["idle"],"boundingBox":{"min":{"x":-0.5625,"y":-0.02500000037252903,"z":-0.5813984265238676},"max":{"x":0.5625,"y":0.9277231934325952,"z":0.6521114703367619}},"nodeNames":["cube","tail","cube","left_eye","cube","left_arm","cube","cube","thing","cube","right_eye","cube","right_arm","cube","head","cube_outline","cube-pet"],"trimesh":{"vertices":[0.03125,0.53125,0.1875,0.03125,0.21875,0.1875,0.03125,0.53125,-0.1875,0.03125,0.21875,-0.1875,-0.03125,0.53125,-0.1875,-0.03125,0.21875,-0.1875,-0.03125,0.53125,0.1875,-0.03125,0.21875,0.1875,-0.03125,0.53125,-0.1875,-0.03125,0.53125,0.1875,0.03125,0.53125,-0.1875,0.03125,0.53125,0.1875,-0.03125,0.21875,0.1875,-0.03125,0.21875,-0.1875,0.03125,0.21875,0.1875,0.03125,0.21875,-0.1875,-0.03125,0.53125,0.1875,-0.03125,0.21875,0.1875,0.03125,0.53125,0.1875,0.03125,0.21875,0.1875,0.03125,0.53125,-0.1875,0.03125,0.21875,-0.1875,-0.03125,0.53125,-0.1875,-0.03125,0.21875,-0.1875,-0.0625,0.53125,-0.3125,-0.0625,0.53125,-0.3125,-0.0625,0.3125,-0.3125,-0.28125,0.53125,-0.3125,-0.28125,0.53125,-0.3125,-0.28125,0.3125,-0.3125,-0.0625,0.53125,-0.3125,-0.0625,0.53125,-0.3125,-0.0625,0.3125,-0.3125,-0.28125,0.3125,-0.3125,-0.0625,0.3125,-0.3125,-0.28125,0.3125,-0.3125,-0.28125,0.53125,-0.3125,-0.0625,0.53125,-0.3125,-0.0625,0.3125,-0.3125,0.0625,0.09375,0.125,0.0625,0.03125,0.125,0.0625,0.09375,-0.125,0.0625,0.03125,-0.125,-0.1875,0.09375,-0.125,-0.1875,0.03125,-0.125,-0.1875,0.09375,0.125,-0.1875,0.03125,0.125,-0.1875,0.09375,-0.125,-0.1875,0.09375,0.125,0.0625,0.09375,-0.125,0.0625,0.09375,0.125,-0.1875,0.03125,0.125,-0.1875,0.03125,-0.125,0.0625,0.03125,0.125,0.0625,0.03125,-0.125,-0.1875,0.09375,0.125,-0.1875,0.03125,0.125,0.0625,0.09375,0.125,0.0625,0.03125,0.125,0.0625,0.09375,-0.125,0.0625,0.03125,-0.125,-0.1875,0.09375,-0.125,-0.1875,0.03125,-0.125,0.0625,0.125,-0.25,0.0625,0,-0.25,0.0625,0.125,-0.375,0.0625,0,-0.375,-0.0625,0.125,-0.375,-0.0625,0,-0.375,-0.0625,0.125,-0.25,-0.0625,0,-0.25,-0.0625,0.125,-0.375,-0.0625,0.125,-0.25,0.0625,0.125,-0.375,0.0625,0.125,-0.25,-0.0625,0,-0.25,-0.0625,0,-0.375,0.0625,0,-0.25,0.0625,0,-0.375,-0.0625,0.125,-0.25,-0.0625,0,-0.25,0.0625,0.125,-0.25,0.0625,0,-0.25,0.0625,0.125,-0.375,0.0625,0,-0.375,-0.0625,0.125,-0.375,-0.0625,0,-0.375,0,-0.0625,0.0625,0,0.3125,0.0625,0,0.3125,-0.3125,0,-0.0625,-0.3125,0,0.3125,-0.3125,0,0.3125,-0.3125,0,0.3125,0.0625,0,-0.0625,0.0625,0,-0.0625,0.0625,0,-0.0625,-0.3125,0,0.3125,0.0625,0,0.3125,0.0625,0,-0.0625,0.0625,0,0.3125,-0.3125,0,0.3125,-0.3125,0,-0.0625,-0.3125,0.0625,0.53125,-0.3125,0.0625,0.53125,-0.3125,0.0625,0.3125,-0.3125,0.28125,0.53125,-0.3125,0.28125,0.53125,-0.3125,0.28125,0.3125,-0.3125,0.0625,0.53125,-0.3125,0.28125,0.53125,-0.3125,0.28125,0.3125,-0.3125,0.0625,0.3125,-0.3125,0.0625,0.53125,-0.3125,0.28125,0.53125,-0.3125,0.28125,0.3125,-0.3125,0.0625,0.3125,-0.3125,0.1875,0.09375,0.125,0.1875,0.03125,0.125,0.1875,0.09375,-0.125,0.1875,0.03125,-0.125,-0.0625,0.09375,-0.125,-0.0625,0.03125,-0.125,-0.0625,0.09375,0.125,-0.0625,0.03125,0.125,-0.0625,0.09375,-0.125,-0.0625,0.09375,0.125,0.1875,0.09375,-0.125,0.1875,0.09375,0.125,-0.0625,0.03125,0.125,-0.0625,0.03125,-0.125,0.1875,0.03125,0.125,0.1875,0.03125,-0.125,-0.0625,0.09375,0.125,-0.0625,0.03125,0.125,0.1875,0.09375,0.125,0.1875,0.03125,0.125,0.1875,0.09375,-0.125,0.1875,0.03125,-0.125,-0.0625,0.09375,-0.125,-0.0625,0.03125,-0.125,0.3125,0.625,0.3125,0.3125,0,0.3125,0.3125,0.625,-0.3125,0.3125,0,-0.3125,-0.3125,0.625,-0.3125,-0.3125,0,-0.3125,-0.3125,0.625,0.3125,-0.3125,0,0.3125,-0.3125,0.625,-0.3125,-0.3125,0.625,0.3125,0.3125,0.625,-0.3125,0.3125,0.625,0.3125,-0.3125,0,0.3125,-0.3125,0,-0.3125,0.3125,0,0.3125,0.3125,0,-0.3125,-0.3125,0.625,0.3125,-0.3125,0,0.3125,0.3125,0.625,0.3125,0.3125,0,0.3125,0.3125,0.625,-0.3125,0.3125,0,-0.3125,-0.3125,0.625,-0.3125,-0.3125,0,-0.3125,-0.3375000059604645,-0.02500000037252903,-0.3375000059604645,-0.3375000059604645,0.6499999761581421,-0.3375000059604645,-0.3375000059604645,-0.02500000037252903,0.3375000059604645,-0.3375000059604645,0.6499999761581421,0.3375000059604645,0.3375000059604645,-0.02500000037252903,0.3375000059604645,0.3375000059604645,0.6499999761581421,0.3375000059604645,0.3375000059604645,-0.02500000037252903,-0.3375000059604645,0.3375000059604645,0.6499999761581421,-0.3375000059604645,0.3375000059604645,-0.02500000037252903,0.3375000059604645,0.3375000059604645,-0.02500000037252903,-0.3375000059604645,-0.3375000059604645,-0.02500000037252903,0.3375000059604645,-0.3375000059604645,-0.02500000037252903,-0.3375000059604645,0.3375000059604645,0.6499999761581421,-0.3375000059604645,0.3375000059604645,0.6499999761581421,0.3375000059604645,-0.3375000059604645,0.6499999761581421,-0.3375000059604645,-0.3375000059604645,0.6499999761581421,0.3375000059604645,0.3375000059604645,-0.02500000037252903,-0.3375000059604645,0.3375000059604645,0.6499999761581421,-0.3375000059604645,-0.3375000059604645,-0.02500000037252903,-0.3375000059604645,-0.3375000059604645,0.6499999761581421,-0.3375000059604645,-0.3375000059604645,-0.02500000037252903,0.3375000059604645,-0.3375000059604645,0.6499999761581421,0.3375000059604645,0.3375000059604645,-0.02500000037252903,0.3375000059604645,0.3375000059604645,0.6499999761581421,0.3375000059604645],"indices":[0,1,2,1,3,2,4,5,6,5,7,6,8,9,10,9,11,10,12,13,14,13,15,14,16,17,18,17,19,18,20,21,22,21,23,22,24,25,26,24,26,26,27,28,29,27,29,29,30,27,31,30,31,27,32,33,34,32,34,33,35,36,37,35,37,38,39,40,41,40,42,41,43,44,45,44,46,45,47,48,49,48,50,49,51,52,53,52,54,53,55,56,57,56,58,57,59,60,61,60,62,61,63,64,65,64,66,65,67,68,69,68,70,69,71,72,73,72,74,73,75,76,77,76,78,77,79,80,81,80,82,81,83,84,85,84,86,85,87,88,89,87,89,90,91,92,93,91,93,93,94,95,96,94,96,96,97,98,99,97,99,99,100,101,102,100,102,102,103,104,105,103,105,105,106,107,108,106,108,108,106,109,109,106,109,110,111,112,112,111,112,108,113,114,115,113,115,116,117,118,119,118,120,119,121,122,123,122,124,123,125,126,127,126,128,127,129,130,131,130,132,131,133,134,135,134,136,135,137,138,139,138,140,139,141,142,143,142,144,143,145,146,147,146,148,147,149,150,151,150,152,151,153,154,155,154,156,155,157,158,159,158,160,159,161,162,163,162,164,163,165,166,167,166,168,167,169,170,171,170,172,171,173,174,175,174,176,175,177,178,179,178,180,179,181,182,183,182,184,183,185,186,187,186,188,187]},"optimizedModelData":{"":{"meshCount":8},"-named-nodes":{"meshCount":9},"-no-animations":{"meshCount":2}}}