{"schemaVersion":4,"source":{"uri":"models/particles/arrow-plane.glb","sha256":"3e07cf4f85792cde2f3f5b5319bb373f02e78400a8fc9ccd8d1ff0f4e3849b8d"},"animationNames":[],"boundingBox":{"min":{"x":-1,"y":0.020000003278255463,"z":-1.508467197418213},"max":{"x":1,"y":0.020000003278255463,"z":1.491532802581787}},"nodeNames":["Plane"],"trimesh":{"vertices":[-1,0,1.5,1,0,1.5,1,0,-1.5,-1,0,-1.5],"indices":[0,1,2,0,2,3]},"optimizedModelData":{"":{"meshCount":1},"-named-nodes":{"meshCount":1},"-no-animations":{"meshCount":1}}}