{"schemaVersion":4,"source":{"uri":"models/environment/apple-basket.gltf","sha256":"61977e2f645d617f1810327e2a58ec42b44a3281108845b9bfa8224c1418ac27"},"animationNames":[],"boundingBox":{"min":{"x":0.1875,"y":0,"z":0.1875},"max":{"x":0.8125,"y":0.9259513280433644,"z":0.8125}},"nodeNames":["cube","cube","cube","cube","cube","cube","cube","cube","cube","cube","cube","cube","cube","cube","cube","cube","group",""],"trimesh":{"vertices":[0.3125,0.2870243489742279,0.3125,0.3125,0.1620243340730667,0.3125,0.3125,0.2870243489742279,-0.3125,0.3125,0.1620243340730667,-0.3125,-0.3125,0.2870243489742279,-0.3125,-0.3125,0.1620243340730667,-0.3125,-0.3125,0.2870243489742279,0.3125,-0.3125,0.1620243340730667,0.3125,-0.3125,0.2870243489742279,-0.3125,-0.3125,0.2870243489742279,0.3125,0.3125,0.2870243489742279,-0.3125,0.3125,0.2870243489742279,0.3125,-0.3125,0.1620243340730667,0.3125,-0.3125,0.1620243340730667,-0.3125,0.3125,0.1620243340730667,0.3125,0.3125,0.1620243340730667,-0.3125,-0.3125,0.2870243489742279,0.3125,-0.3125,0.1620243340730667,0.3125,0.3125,0.2870243489742279,0.3125,0.3125,0.1620243340730667,0.3125,0.3125,0.2870243489742279,-0.3125,0.3125,0.1620243340730667,-0.3125,-0.3125,0.2870243489742279,-0.3125,-0.3125,0.1620243340730667,-0.3125,0.3125,-0.3379756510257721,0.3125,0.3125,-0.4629756510257721,0.3125,0.3125,-0.3379756510257721,-0.3125,0.3125,-0.4629756510257721,-0.3125,-0.3125,-0.3379756510257721,-0.3125,-0.3125,-0.4629756510257721,-0.3125,-0.3125,-0.3379756510257721,0.3125,-0.3125,-0.4629756510257721,0.3125,-0.3125,-0.3379756510257721,-0.3125,-0.3125,-0.3379756510257721,0.3125,0.3125,-0.3379756510257721,-0.3125,0.3125,-0.3379756510257721,0.3125,-0.3125,-0.4629756510257721,0.3125,-0.3125,-0.4629756510257721,-0.3125,0.3125,-0.4629756510257721,0.3125,0.3125,-0.4629756510257721,-0.3125,-0.3125,-0.3379756510257721,0.3125,-0.3125,-0.4629756510257721,0.3125,0.3125,-0.3379756510257721,0.3125,0.3125,-0.4629756510257721,0.3125,0.3125,-0.3379756510257721,-0.3125,0.3125,-0.4629756510257721,-0.3125,-0.3125,-0.3379756510257721,-0.3125,-0.3125,-0.4629756510257721,-0.3125,0.25,0.2870243489742279,-0.249937504529953,0.25,-0.3379756510257721,-0.249937504529953,0.25,0.2870243489742279,-0.25,0.25,-0.3379756510257721,-0.25,-0.25,0.2870243489742279,-0.25,-0.25,-0.3379756510257721,-0.25,-0.25,0.2870243489742279,-0.249937504529953,-0.25,-0.3379756510257721,-0.249937504529953,-0.25,0.2870243489742279,-0.25,-0.25,0.2870243489742279,-0.249937504529953,0.25,0.2870243489742279,-0.25,0.25,0.2870243489742279,-0.249937504529953,-0.25,-0.3379756510257721,-0.249937504529953,-0.25,-0.3379756510257721,-0.25,0.25,-0.3379756510257721,-0.249937504529953,0.25,-0.3379756510257721,-0.25,-0.25,0.2870243489742279,-0.249937504529953,-0.25,-0.3379756510257721,-0.249937504529953,0.25,0.2870243489742279,-0.249937504529953,0.25,-0.3379756510257721,-0.249937504529953,0.25,0.2870243489742279,-0.25,0.25,-0.3379756510257721,-0.25,-0.25,0.2870243489742279,-0.25,-0.25,-0.3379756510257721,-0.25,-0.249937504529953,0.2870243489742279,0.25,-0.249937504529953,-0.3379756510257721,0.25,-0.249937504529953,0.2870243489742279,-0.25,-0.249937504529953,-0.3379756510257721,-0.25,-0.25,0.2870243489742279,-0.25,-0.25,-0.3379756510257721,-0.25,-0.25,0.2870243489742279,0.25,-0.25,-0.3379756510257721,0.25,-0.25,0.2870243489742279,0.25,-0.249937504529953,0.2870243489742279,-0.25,-0.249937504529953,0.2870243489742279,0.25,-0.25,-0.3379756510257721,0.25,-0.249937504529953,-0.3379756510257721,0.25,-0.249937504529953,-0.3379756510257721,-0.25,-0.25,0.2870243489742279,0.25,-0.25,-0.3379756510257721,0.25,-0.249937504529953,0.2870243489742279,0.25,-0.249937504529953,-0.3379756510257721,0.25,-0.249937504529953,0.2870243489742279,-0.25,-0.249937504529953,-0.3379756510257721,-0.25,-0.25,0.2870243489742279,-0.25,-0.25,-0.3379756510257721,-0.25,0.25,0.2870243489742279,0.250062495470047,0.25,-0.3379756510257721,0.250062495470047,0.25,0.2870243489742279,0.25,0.25,-0.3379756510257721,0.25,-0.25,0.2870243489742279,0.25,-0.25,-0.3379756510257721,0.25,-0.25,0.2870243489742279,0.250062495470047,-0.25,-0.3379756510257721,0.250062495470047,-0.25,0.2870243489742279,0.250062495470047,0.25,0.2870243489742279,0.25,0.25,0.2870243489742279,0.250062495470047,-0.25,-0.3379756510257721,0.250062495470047,0.25,-0.3379756510257721,0.250062495470047,0.25,-0.3379756510257721,0.25,-0.25,0.2870243489742279,0.250062495470047,-0.25,-0.3379756510257721,0.250062495470047,0.25,0.2870243489742279,0.250062495470047,0.25,-0.3379756510257721,0.250062495470047,0.25,0.2870243489742279,0.25,0.25,-0.3379756510257721,0.25,-0.25,0.2870243489742279,0.25,-0.25,-0.3379756510257721,0.25,0.250062495470047,0.2870243489742279,0.25,0.250062495470047,-0.3379756510257721,0.25,0.250062495470047,0.2870243489742279,-0.25,0.250062495470047,-0.3379756510257721,-0.25,0.25,0.2870243489742279,-0.25,0.25,-0.3379756510257721,-0.25,0.25,0.2870243489742279,0.25,0.25,-0.3379756510257721,0.25,0.25,0.2870243489742279,-0.25,0.25,0.2870243489742279,0.25,0.250062495470047,0.2870243489742279,-0.25,0.250062495470047,0.2870243489742279,0.25,0.25,-0.3379756510257721,0.25,0.25,-0.3379756510257721,-0.25,0.250062495470047,-0.3379756510257721,0.25,0.250062495470047,-0.3379756510257721,-0.25,0.25,0.2870243489742279,0.25,0.25,-0.3379756510257721,0.25,0.250062495470047,0.2870243489742279,0.25,0.250062495470047,-0.3379756510257721,0.25,0.250062495470047,0.2870243489742279,-0.25,0.250062495470047,-0.3379756510257721,-0.25,0.25,0.2870243489742279,-0.25,0.25,-0.3379756510257721,-0.25,0.234375,-0.11922566592693329,0.015625,0.234375,-0.3692256510257721,0.015625,0.234375,-0.11922566592693329,-0.234375,0.234375,-0.3692256510257721,-0.234375,-0.015625,-0.11922566592693329,-0.234375,-0.015625,-0.3692256510257721,-0.234375,-0.015625,-0.11922566592693329,0.015625,-0.015625,-0.3692256510257721,0.015625,-0.015625,-0.11922566592693329,-0.234375,-0.015625,-0.11922566592693329,0.015625,0.234375,-0.11922566592693329,-0.234375,0.234375,-0.11922566592693329,0.015625,-0.015625,-0.3692256510257721,0.015625,-0.015625,-0.3692256510257721,-0.234375,0.234375,-0.3692256510257721,0.015625,0.234375,-0.3692256510257721,-0.234375,-0.015625,-0.11922566592693329,0.015625,-0.015625,-0.3692256510257721,0.015625,0.234375,-0.11922566592693329,0.015625,0.234375,-0.3692256510257721,0.015625,0.234375,-0.11922566592693329,-0.234375,0.234375,-0.3692256510257721,-0.234375,-0.015625,-0.11922566592693329,-0.234375,-0.015625,-0.3692256510257721,-0.234375,0.140625,0.005774335935711861,-0.078125,0.140625,-0.11922566592693329,-0.078125,0.140625,0.005774335935711861,-0.140625,0.140625,-0.11922566592693329,-0.140625,0.078125,0.005774335935711861,-0.140625,0.078125,-0.11922566592693329,-0.140625,0.078125,0.005774335935711861,-0.078125,0.078125,-0.11922566592693329,-0.078125,0.078125,0.005774335935711861,-0.140625,0.078125,0.005774335935711861,-0.078125,0.140625,0.005774335935711861,-0.140625,0.140625,0.005774335935711861,-0.078125,0.078125,-0.11922566592693329,-0.078125,0.078125,-0.11922566592693329,-0.140625,0.140625,-0.11922566592693329,-0.078125,0.140625,-0.11922566592693329,-0.140625,0.078125,0.005774335935711861,-0.078125,0.078125,-0.11922566592693329,-0.078125,0.140625,0.005774335935711861,-0.078125,0.140625,-0.11922566592693329,-0.078125,0.140625,0.005774335935711861,-0.140625,0.140625,-0.11922566592693329,-0.140625,0.078125,0.005774335935711861,-0.140625,0.078125,-0.11922566592693329,-0.140625,-0.00937499850988388,0.4390579164028168,0.12466394901275635,-0.00937499850988388,0.3235730230808258,0.07682852447032928,-0.00937499850988388,0.46297571063041687,0.06692147254943848,-0.00937499850988388,0.34749075770378113,0.019086048007011414,-0.07187499850988388,0.46297571063041687,0.06692147254943848,-0.07187499850988388,0.34749075770378113,0.019086048007011414,-0.07187499850988388,0.4390579164028168,0.12466394901275635,-0.07187499850988388,0.3235730230808258,0.07682852447032928,-0.07187499850988388,0.46297571063041687,0.06692147254943848,-0.07187499850988388,