{"schemaVersion":4,"source":{"uri":"models/players/hair/hair-0002.gltf","sha256":"65027b0699a0c6e09a495f3c077eae1cc3fc949e5d08f14e85353e482e14e5e6"},"animationNames":[],"boundingBox":{"min":{"x":-0.2526562514901161,"y":1.029218750745058,"z":-0.20609375},"max":{"x":0.2526562514901161,"y":1.488593743443489,"z":0.23796874940395354}},"nodeNames":["hair-0002-geo","hair-0002-curl-geo","hair-0002-curl-2-geo","hair-extra","head-anchor"],"trimesh":{"vertices":[0.20671874284744263,0.1837500035762787,0.19140625,0.20671874284744263,-0.22968749701976776,0.19140625,0.20671874284744263,0.1837500035762787,-0.22203125059604645,0.20671874284744263,-0.22968749701976776,-0.22203125059604645,-0.20671875774860382,0.1837500035762787,-0.22203125059604645,-0.20671875774860382,-0.22968749701976776,-0.22203125059604645,-0.20671875774860382,0.1837500035762787,0.19140625,-0.20671875774860382,-0.22968749701976776,0.19140625,-0.20671875774860382,0.1837500035762787,-0.22203125059604645,-0.20671875774860382,0.1837500035762787,0.19140625,0.20671874284744263,0.1837500035762787,-0.22203125059604645,0.20671874284744263,0.1837500035762787,0.19140625,-0.20671875774860382,-0.22968749701976776,0.19140625,-0.20671875774860382,-0.22968749701976776,-0.22203125059604645,0.20671874284744263,-0.22968749701976776,0.19140625,0.20671874284744263,-0.22968749701976776,-0.22203125059604645,-0.20671875774860382,0.1837500035762787,0.19140625,-0.20671875774860382,-0.22968749701976776,0.19140625,0.20671874284744263,0.1837500035762787,0.19140625,0.20671874284744263,-0.22968749701976776,0.19140625,0.20671874284744263,0.1837500035762787,-0.22203125059604645,0.20671874284744263,-0.22968749701976776,-0.22203125059604645,-0.20671875774860382,0.1837500035762787,-0.22203125059604645,-0.20671875774860382,-0.22968749701976776,-0.22203125059604645,0.2526562511920929,0.22968751192092896,0.22203125059604645,0.2526562511920929,0.03062499687075615,0.22203125059604645,0.2526562511920929,0.22968751192092896,-0.1301562488079071,0.2526562511920929,0.03062499687075615,-0.1301562488079071,0.053593747317790985,0.22968751192092896,-0.1301562488079071,0.053593747317790985,0.03062499687075615,-0.1301562488079071,0.053593747317790985,0.22968751192092896,0.22203125059604645,0.053593747317790985,0.03062499687075615,0.22203125059604645,0.053593747317790985,0.22968751192092896,-0.1301562488079071,0.053593747317790985,0.22968751192092896,0.22203125059604645,0.2526562511920929,0.22968751192092896,-0.1301562488079071,0.2526562511920929,0.22968751192092896,0.22203125059604645,0.053593747317790985,0.03062499687075615,0.22203125059604645,0.053593747317790985,0.03062499687075615,-0.1301562488079071,0.2526562511920929,0.03062499687075615,0.22203125059604645,0.2526562511920929,0.03062499687075615,-0.1301562488079071,0.053593747317790985,0.22968751192092896,0.22203125059604645,0.053593747317790985,0.03062499687075615,0.22203125059604645,0.2526562511920929,0.22968751192092896,0.22203125059604645,0.2526562511920929,0.03062499687075615,0.22203125059604645,0.2526562511920929,0.22968751192092896,-0.1301562488079071,0.2526562511920929,0.03062499687075615,-0.1301562488079071,0.053593747317790985,0.22968751192092896,-0.1301562488079071,0.053593747317790985,0.03062499687075615,-0.1301562488079071,-0.053593751043081284,0.22968751192092896,0.22203125059604645,-0.053593751043081284,0.03062499687075615,0.22203125059604645,-0.053593751043081284,0.22968751192092896,-0.1301562488079071,-0.053593751043081284,0.03062499687075615,-0.1301562488079071,-0.2526562511920929,0.22968751192092896,-0.1301562488079071,-0.2526562511920929,0.03062499687075615,-0.1301562488079071,-0.2526562511920929,0.22968751192092896,0.22203125059604645,-0.2526562511920929,0.03062499687075615,0.22203125059604645,-0.2526562511920929,0.22968751192092896,-0.1301562488079071,-0.2526562511920929,0.22968751192092896,0.22203125059604645,-0.053593751043081284,0.22968751192092896,-0.1301562488079071,-0.053593751043081284,0.22968751192092896,0.22203125059604645,-0.2526562511920929,0.03062499687075615,0.22203125059604645,-0.2526562511920929,0.03062499687075615,-0.1301562488079071,-0.053593751043081284,0.03062499687075615,0.22203125059604645,-0.053593751043081284,0.03062499687075615,-0.1301562488079071,-0.2526562511920929,0.22968751192092896,0.22203125059604645,-0.2526562511920929,0.03062499687075615,0.22203125059604645,-0.053593751043081284,0.22968751192092896,0.22203125059604645,-0.053593751043081284,0.03062499687075615,0.22203125059604645,-0.053593751043081284,0.22968751192092896,-0.1301562488079071,-0.053593751043081284,0.03062499687075615,-0.1301562488079071,-0.2526562511920929,0.22968751192092896,-0.1301562488079071,-0.2526562511920929,0.03062499687075615,-0.1301562488079071],"indices":[0,1,2,1,3,2,4,5,6,5,7,6,8,9,10,9,11,10,12,13,14,13,15,14,16,17,18,17,19,18,20,21,22,21,23,22,24,25,26,25,27,26,28,29,30,29,31,30,32,33,34,33,35,34,36,37,38,37,39,38,40,41,42,41,43,42,44,45,46,45,47,46,48,49,50,49,51,50,52,53,54,53,55,54,56,57,58,57,59,58,60,61,62,61,63,62,64,65,66,65,67,66,68,69,70,69,71,70]},"optimizedModelData":{"":{"meshCount":1},"-named-nodes":{"meshCount":3},"-no-animations":{"meshCount":1}}}