{"schemaVersion":4,"source":{"uri":"models/environment/bed-ground.gltf","sha256":"5b12553634b8114f78b7014d06be65d1b6ac570e85814f9eff1593101216f34b"},"animationNames":[],"boundingBox":{"min":{"x":0.12500001377105718,"y":1.823425288538516e-8,"z":-0.31250000327110294},"max":{"x":0.8750000137710572,"y":0.2499999884319305,"z":1.3124999669265747}},"nodeNames":["cube","cube","bed",""],"trimesh":{"vertices":[0.375,-1.4901161193847656e-8,0.8125,0.375,-0.1249999850988388,0.8125,0.375,-1.4901161193847656e-8,-0.8125,0.375,-0.1249999850988388,-0.8125,-0.375,-1.4901161193847656e-8,-0.8125,-0.375,-0.1249999850988388,-0.8125,-0.375,-1.4901161193847656e-8,0.8125,-0.375,-0.1249999850988388,0.8125,-0.375,-1.4901161193847656e-8,-0.8125,-0.375,-1.4901161193847656e-8,0.8125,0.375,-1.4901161193847656e-8,-0.8125,0.375,-1.4901161193847656e-8,0.8125,-0.375,-0.1249999850988388,0.8125,-0.375,-0.1249999850988388,-0.8125,0.375,-0.1249999850988388,0.8125,0.375,-0.1249999850988388,-0.8125,-0.375,-1.4901161193847656e-8,0.8125,-0.375,-0.1249999850988388,0.8125,0.375,-1.4901161193847656e-8,0.8125,0.375,-0.1249999850988388,0.8125,0.375,-1.4901161193847656e-8,-0.8125,0.375,-0.1249999850988388,-0.8125,-0.375,-1.4901161193847656e-8,-0.8125,-0.375,-0.1249999850988388,-0.8125,0.375,0.1249999850988388,0.8125,0.375,-1.4901161193847656e-8,0.8125,0.375,0.1249999850988388,0.3750000596046448,0.375,-1.4901161193847656e-8,0.3750000596046448,-0.375,0.1249999850988388,0.3750000596046448,-0.375,-1.4901161193847656e-8,0.3750000596046448,-0.375,0.1249999850988388,0.8125,-0.375,-1.4901161193847656e-8,0.8125,-0.375,0.1249999850988388,0.3750000596046448,-0.375,0.1249999850988388,0.8125,0.375,0.1249999850988388,0.3750000596046448,0.375,0.1249999850988388,0.8125,-0.375,-1.4901161193847656e-8,0.8125,-0.375,-1.4901161193847656e-8,0.3750000596046448,0.375,-1.4901161193847656e-8,0.8125,0.375,-1.4901161193847656e-8,0.3750000596046448,-0.375,0.1249999850988388,0.8125,-0.375,-1.4901161193847656e-8,0.8125,0.375,0.1249999850988388,0.8125,0.375,-1.4901161193847656e-8,0.8125,0.375,0.1249999850988388,0.3750000596046448,0.375,-1.4901161193847656e-8,0.3750000596046448,-0.375,0.1249999850988388,0.3750000596046448,-0.375,-1.4901161193847656e-8,0.3750000596046448],"indices":[0,1,2,1,3,2,4,5,6,5,7,6,8,9,10,9,11,10,12,13,14,13,15,14,16,17,18,17,19,18,20,21,22,21,23,22,24,25,26,25,27,26,28,29,30,29,31,30,32,33,34,33,35,34,36,37,38,37,39,38,40,41,42,41,43,42,44,45,46,45,47,46]},"optimizedModelData":{"":{"meshCount":1},"-named-nodes":{"meshCount":2},"-no-animations":{"meshCount":1}}}