{"schemaVersion":4,"source":{"uri":"models/players/hair/hair-0001.gltf","sha256":"297664a69014b9848c431fee5340d38939a770828cb83068960ed34911cef0f3"},"animationNames":[],"boundingBox":{"min":{"x":-0.2067187523841858,"y":0.9048437452316285,"z":-0.204375},"max":{"x":0.20671874821186065,"y":1.5020312643051148,"z":0.3315624989569187}},"nodeNames":["hair-0001-geo","hair-0001-extra-geo","hair-extra","head-anchor"],"trimesh":{"vertices":[0.20671874284744263,0.23734374344348907,0.14546875655651093,0.20671874284744263,-0.17609375715255737,0.14546875655651093,0.20671874284744263,0.23734374344348907,-0.2679687440395355,0.20671874284744263,-0.17609375715255737,-0.2679687440395355,-0.20671874284744263,0.23734374344348907,-0.2679687440395355,-0.20671874284744263,-0.17609375715255737,-0.2679687440395355,-0.20671874284744263,0.23734374344348907,0.14546875655651093,-0.20671874284744263,-0.17609375715255737,0.14546875655651093,-0.20671874284744263,0.23734374344348907,-0.2679687440395355,-0.20671874284744263,0.23734374344348907,0.14546875655651093,0.20671874284744263,0.23734374344348907,-0.2679687440395355,0.20671874284744263,0.23734374344348907,0.14546875655651093,-0.20671874284744263,-0.17609375715255737,0.14546875655651093,-0.20671874284744263,-0.17609375715255737,-0.2679687440395355,0.20671874284744263,-0.17609375715255737,0.14546875655651093,0.20671874284744263,-0.17609375715255737,-0.2679687440395355,-0.20671874284744263,0.23734374344348907,0.14546875655651093,-0.20671874284744263,-0.17609375715255737,0.14546875655651093,0.20671874284744263,0.23734374344348907,0.14546875655651093,0.20671874284744263,-0.17609375715255737,0.14546875655651093,0.20671874284744263,0.23734374344348907,-0.2679687440395355,0.20671874284744263,-0.17609375715255737,-0.2679687440395355,-0.20671874284744263,0.23734374344348907,-0.2679687440395355,-0.20671874284744263,-0.17609375715255737,-0.2679687440395355,0.11484375596046448,0.29859375953674316,0.2679687440395355,0.11484375596046448,-0.29859375953674316,0.2679687440395355,0.11484375596046448,0.29859375953674316,0.06890624016523361,0.11484375596046448,-0.29859375953674316,0.06890624016523361,-0.11484374850988388,0.29859375953674316,0.06890624016523361,-0.11484374850988388,-0.29859375953674316,0.06890624016523361,-0.11484374850988388,0.29859375953674316,0.2679687440395355,-0.11484374850988388,-0.29859375953674316,0.2679687440395355,-0.11484374850988388,0.29859375953674316,0.06890624016523361,-0.11484374850988388,0.29859375953674316,0.2679687440395355,0.11484375596046448,0.29859375953674316,0.06890624016523361,0.11484375596046448,0.29859375953674316,0.2679687440395355,-0.11484374850988388,-0.29859375953674316,0.2679687440395355,-0.11484374850988388,-0.29859375953674316,0.06890624016523361,0.11484375596046448,-0.29859375953674316,0.2679687440395355,0.11484375596046448,-0.29859375953674316,0.06890624016523361,-0.11484374850988388,0.29859375953674316,0.2679687440395355,-0.11484374850988388,-0.29859375953674316,0.2679687440395355,0.11484375596046448,0.29859375953674316,0.2679687440395355,0.11484375596046448,-0.29859375953674316,0.2679687440395355,0.11484375596046448,0.29859375953674316,0.06890624016523361,0.11484375596046448,-0.29859375953674316,0.06890624016523361,-0.11484374850988388,0.29859375953674316,0.06890624016523361,-0.11484374850988388,-0.29859375953674316,0.06890624016523361],"indices":[0,1,2,1,3,2,4,5,6,5,7,6,8,9,10,9,11,10,12,13,14,13,15,14,16,17,18,17,19,18,20,21,22,21,23,22,24,25,26,25,27,26,28,29,30,29,31,30,32,33,34,33,35,34,36,37,38,37,39,38,40,41,42,41,43,42,44,45,46,45,47,46]},"optimizedModelData":{"":{"meshCount":1},"-named-nodes":{"meshCount":2},"-no-animations":{"meshCount":1}}}