{"schemaVersion":4,"source":{"uri":"models/projectiles/small-spinning-fireball.gltf","sha256":"72036b7ff0f3a78d97bd00b3971e4d41016ffd874783389623a5c2633af435ef"},"animationNames":["idle"],"boundingBox":{"min":{"x":-0.125,"y":-0.125,"z":-0.25},"max":{"x":0.125,"y":0.125,"z":0.15625}},"nodeNames":["cube","bullet","cube","flame1","cube","flame2","cube","flame3","vfx","fire_bullet",""],"trimesh":{"vertices":[0.09375,0.09375,0.15625,0.09375,-0.09375,0.15625,0.09375,0.09375,-0.15625,0.09375,-0.09375,-0.15625,-0.09375,0.09375,-0.15625,-0.09375,-0.09375,-0.15625,-0.09375,0.09375,0.15625,-0.09375,-0.09375,0.15625,-0.09375,0.09375,-0.15625,-0.09375,0.09375,0.15625,0.09375,0.09375,-0.15625,0.09375,0.09375,0.15625,-0.09375,-0.09375,0.15625,-0.09375,-0.09375,-0.15625,0.09375,-0.09375,0.15625,0.09375,-0.09375,-0.15625,-0.09375,0.09375,0.15625,-0.09375,-0.09375,0.15625,0.09375,0.09375,0.15625,0.09375,-0.09375,0.15625,0.09375,0.09375,-0.15625,0.09375,-0.09375,-0.15625,-0.09375,0.09375,-0.15625,-0.09375,-0.09375,-0.15625,0.125,0.125,0,0.125,-0.125,0,0.125,0.125,-0.25,0.125,-0.125,-0.25,-0.125,0.125,-0.25,-0.125,-0.125,-0.25,-0.125,0.125,0,-0.125,-0.125,0,-0.125,0.125,-0.25,-0.125,0.125,0,0.125,0.125,-0.25,0.125,0.125,0,-0.125,-0.125,0,-0.125,-0.125,-0.25,0.125,-0.125,0,0.125,-0.125,-0.25,-0.125,0.125,0,-0.125,-0.125,0,0.125,0.125,0,0.125,-0.125,0,0.125,0.125,-0.25,0.125,-0.125,-0.25,-0.125,0.125,-0.25,-0.125,-0.125,-0.25,0.125,0.125,0,0.125,-0.125,0,0.125,0.125,-0.25,0.125,-0.125,-0.25,-0.125,0.125,-0.25,-0.125,-0.125,-0.25,-0.125,0.125,0,-0.125,-0.125,0,-0.125,0.125,-0.25,-0.125,0.125,0,0.125,0.125,-0.25,0.125,0.125,0,-0.125,-0.125,0,-0.125,-0.125,-0.25,0.125,-0.125,0,0.125,-0.125,-0.25,-0.125,0.125,0,-0.125,-0.125,0,0.125,0.125,0,0.125,-0.125,0,0.125,0.125,-0.25,0.125,-0.125,-0.25,-0.125,0.125,-0.25,-0.125,-0.125,-0.25,0.125,0.125,0,0.125,-0.125,0,0.125,0.125,-0.25,0.125,-0.125,-0.25,-0.125,0.125,-0.25,-0.125,-0.125,-0.25,-0.125,0.125,0,-0.125,-0.125,0,-0.125,0.125,-0.25,-0.125,0.125,0,0.125,0.125,-0.25,0.125,0.125,0,-0.125,-0.125,0,-0.125,-0.125,-0.25,0.125,-0.125,0,0.125,-0.125,-0.25,-0.125,0.125,0,-0.125,-0.125,0,0.125,0.125,0,0.125,-0.125,0,0.125,0.125,-0.25,0.125,-0.125,-0.25,-0.125,0.125,-0.25,-0.125,-0.125,-0.25],"indices":[0,1,2,1,3,2,4,5,6,5,7,6,8,9,10,9,11,10,12,13,14,13,15,14,16,17,18,17,19,18,20,21,22,21,23,22,24,25,26,25,27,26,28,29,30,29,31,30,32,33,34,33,35,34,36,37,38,37,39,38,40,41,42,41,43,42,44,45,46,45,47,46,48,49,50,49,51,50,52,53,54,53,55,54,56,57,58,57,59,58,60,61,62,61,63,62,64,65,66,65,67,66,68,69,70,69,71,70,72,73,74,73,75,74,76,77,78,77,79,78,80,81,82,81,83,82,84,85,86,85,87,86,88,89,90,89,91,90,92,93,94,93,95,94]},"optimizedModelData":{"":{"meshCount":3},"-named-nodes":{"meshCount":3},"-no-animations":{"meshCount":1}}}