{"schemaVersion":4,"source":{"uri":"models/pets/common/cat.gltf","sha256":"3adba44fd9312efed6970b270aec7d42e0ef62ebb9d469c42ed4f35ab94c04e0"},"animationNames":["idle"],"boundingBox":{"min":{"x":-0.3125,"y":0,"z":-0.4375},"max":{"x":0.3125,"y":0.9725787446601875,"z":0.6521114703367619}},"nodeNames":["cube","cube","cube","cube","cube","cube","cube","cube","cube","left_arm","cube","tail","cube","left_ear","cube","right_ear","cube","right_arm","cube","left_leg","cube","right_leg","cube","left_eye","cube","right_eye","head","cube-pet"],"trimesh":{"vertices":[0.3125,0.625,0.3125,0.3125,0,0.3125,0.3125,0.625,-0.3125,0.3125,0,-0.3125,-0.3125,0.625,-0.3125,-0.3125,0,-0.3125,-0.3125,0.625,0.3125,-0.3125,0,0.3125,-0.3125,0.625,-0.3125,-0.3125,0.625,0.3125,0.3125,0.625,-0.3125,0.3125,0.625,0.3125,-0.3125,0,0.3125,-0.3125,0,-0.3125,0.3125,0,0.3125,0.3125,0,-0.3125,-0.3125,0.625,0.3125,-0.3125,0,0.3125,0.3125,0.625,0.3125,0.3125,0,0.3125,0.3125,0.625,-0.3125,0.3125,0,-0.3125,-0.3125,0.625,-0.3125,-0.3125,0,-0.3125,0.125,0.28125,-0.3125,0.125,0.09375,-0.3125,0.125,0.28125,-0.4375,0.125,0.09375,-0.4375,-0.125,0.28125,-0.4375,-0.125,0.09375,-0.4375,-0.125,0.28125,-0.3125,-0.125,0.09375,-0.3125,-0.125,0.28125,-0.4375,-0.125,0.28125,-0.3125,0.125,0.28125,-0.4375,0.125,0.28125,-0.3125,-0.125,0.09375,-0.3125,-0.125,0.09375,-0.4375,0.125,0.09375,-0.3125,0.125,0.09375,-0.4375,-0.125,0.28125,-0.3125,-0.125,0.09375,-0.3125,0.125,0.28125,-0.3125,0.125,0.09375,-0.3125,0.125,0.28125,-0.4375,0.125,0.09375,-0.4375,-0.125,0.28125,-0.4375,-0.125,0.09375,-0.4375,-0.125,0.203125,-0.375,-0.125,0.203125,-0.375,-0.125,0.171875,-0.375,-0.3125,0.203125,-0.375,-0.3125,0.203125,-0.375,-0.3125,0.171875,-0.375,-0.125,0.203125,-0.375,-0.3125,0.203125,-0.375,-0.125,0.203125,-0.375,-0.125,0.171875,-0.375,-0.3125,0.171875,-0.375,-0.125,0.171875,-0.375,-0.3125,0.171875,-0.375,-0.3125,0.203125,-0.375,-0.125,0.203125,-0.375,-0.125,0.171875,-0.375,-0.11053186655044556,0.22855904698371887,-0.375,-0.11053186655044556,0.22855904698371887,-0.375,-0.12249071896076202,0.19968780875205994,-0.375,-0.2837592661380768,0.30031219124794006,-0.375,-0.2837592661380768,0.30031219124794006,-0.375,-0.29571813344955444,0.27144095301628113,-0.375,-0.11053186655044556,0.22855904698371887,-0.375,-0.2837592661380768,0.30031219124794006,-0.375,-0.11053186655044556,0.22855904698371887,-0.375,-0.12249071896076202,0.19968780875205994,-0.375,-0.29571813344955444,0.27144095301628113,-0.375,-0.12249071896076202,0.19968780875205994,-0.375,-0.29571813344955444,0.27144095301628113,-0.375,-0.2837592661380768,0.30031219124794006,-0.375,-0.11053186655044556,0.22855904698371887,-0.375,-0.12249071896076202,0.19968780875205994,-0.375,-0.11053186655044556,0.14644095301628113,-0.375,-0.11053186655044556,0.14644095301628113,-0.375,-0.12249071896076202,0.17531219124794006,-0.375,-0.2837592661380768,0.07468780875205994,-0.375,-0.2837592661380768,0.07468780875205994,-0.375,-0.29571813344955444,0.10355904698371887,-0.375,-0.2837592661380768,0.07468780875205994,-0.375,-0.11053186655044556,0.14644095301628113,-0.375,-0.2837592661380768,0.07468780875205994,-0.375,-0.29571813344955444,0.10355904698371887,-0.375,-0.12249071896076202,0.17531219124794006,-0.375,-0.29571813344955444,0.10355904698371887,-0.375,-0.11053186655044556,0.14644095301628113,-0.375,-0.2837592661380768,0.07468780875205994,-0.375,-0.29571813344955444,0.10355904698371887,-0.375,-0.12249071896076202,0.17531219124794006,-0.375,0.11053186655044556,0.22855904698371887,-0.375,0.11053186655044556,0.22855904698371887,-0.375,0.12249071896076202,0.19968780875205994,-0.375,0.2837592661380768,0.30031219124794006,-0.375,0.2837592661380768,0.30031219124794006,-0.375,0.29571813344955444,0.27144095301628113,-0.375,0.2837592661380768,0.30031219124794006,-0.375,0.11053186655044556,0.22855904698371887,-0.375,0.2837592661380768,0.30031219124794006,-0.375,0.29571813344955444,0.27144095301628113,-0.375,0.12249071896076202,0.19968780875205994,-0.375,0.29571813344955444,0.27144095301628113,-0.375,0.11053186655044556,0.22855904698371887,-0.375,0.2837592661380768,0.30031219124794006,-0.375,0.29571813344955444,0.27144095301628113,-0.375,0.12249071896076202,0.19968780875205994,-0.375,0.125,0.203125,-0.375,0.125,0.203125,-0.375,0.125,0.171875,-0.375,0.3125,0.203125,-0.375,0.3125,0.203125,-0.375,0.3125,0.171875,-0.375,0.3125,0.203125,-0.375,0.125,0.203125,-0.375,0.3125,0.203125,-0.375,0.3125,0.171875,-0.375,0.125,0.171875,-0.375,0.3125,0.171875,-0.375,0.125,0.203125,-0.375,0.3125,0.203125,-0.375,0.3125,0.171875,-0.375,0.125,0.171875,-0.375,0.11053186655044556,0.14644095301628113,-0.375,0.11053186655044556,0.14644095301628113,-0.375,0.12249071896076202,0.17531219124794006,-0.375,0.2837592661380768,0.07468780875205994,-0.375,0.2837592661380768,0.07468780875205994,-0.375,0.29571813344955444,0.10355904698371887,-0.375,0.11053186655044556,0.14644095301628113,-0.375,0.2837592661380768,0.07468780875205994,-0.375,0.11053186655044556,0.14644095301628113,-0.375,0.12249071896076202,0.17531219124794006,-0.375,0.29571813344955444,0.10355904698371887,-0.375,0.12249071896076202,0.17531219124794006,-0.375,0.29571813344955444,0.10355904698371887,-0.375,0.2837592661380768,0.07468780875205994,-0.375,0.11053186655044556,0.14644095301628113,-0.375,0.12249071896076202,0.17531219124794006,-0.375,0.125,0.125,0.0625,0.125,0,0.0625,0.125,0.125,-0.125,0.125,0,-0.125,-0.0625,0.125,-0.125,-0.0625,0,-0.125,-0.0625,0.125,0.0625,-0.0625,0,0.0625,-0.0625,0.125,-0.125,-0.0625,0.125,0.0625,0.125,0.125,-0.125,0.125,0.125,0.0625,-0.0625,0,0.0625,-0.0625,0,-0.125,0.125,0,0.0625,0.125,0,-0.125,-0.0625,0.125,0.0625,-0.0625,0,0.0625,0.125,0.125,0.0625,0.125,0,0.0625,0.125,0.125,-0.125,0.125,0,-0.125,-0.0625,0.125,-0.125,-0.0625,0,-0.125,0.09375,0.40625,0.1875,0.09375,0.21875,0.1875,0.09375,0.40625,-0.1875,0.09375,0.21875,-0.1875,-0.09375,0.40625,-0.1875,-0.09375,0.21875,-0.1875,-0.09375,0.40625,0.1875,-0.09375,0.21875,0.1875,-0.09375,0.40625,-0.1875,-0.09375,0.40625,0.1875,0.09375,0.40625,-0.1875,0.09375,0.40625,0.1875,-0.09375,0.21875,0.1875,-0.09375,0.21875,-0.1875,0.09375,0.21875,0.1875,0.09375,0.21875,-0.1875,-0.09375,0.40625,0.1875,-0.09375,0.21875,0.1875,0.09375,0.40625,0.1875,0.09375,0.21875,0.1875,0.09375,0.40625,-0.1875,0.09375,0.21875,-0.1875,-0.09375,0.40625,-0.1875,-0.09375,0.21875,-0.1875,-0.125,0.25,0,-0.125,0,0,-0.125,0.25,-0.0625,-0.125,0,-0.0625,-0.375,0.25,-0.0625,-0.375,0,-0.0625,-0.375,0.25,0,-0.375,0,0,-0.375,0.25,-0.0625,-0.375,0.25,0,-0.125,0.25,-0.0625,-0.125,0.25,0,-0.375,0,0,-0.375,0,-0.0625,-0.125,0,0,-0.125,0,-0.0625,-0.375,0.25,0,-0.375,0,0,-0.125,0.25,0,-0.125,0,0,-0.125,0.25,-0.0625,-0.125,0,-0.0625,-0.375,0.25,-0.0625,-0.375,0,-0.0625,0.375,0.25,0,0.375,0,0,0.375,0.25,-0.0625,0.375,0,-0.0625,0.125,0.25,-0.0625,0.125,0,-0.0625,0.125,0.25,0,0.125,0,0,0.125,0.25,-0.0625,0.125,0.25,0,0.375,0.25,-0.0625,0.375,0.25,0,0.125,0,0,0.125,0,-0.0625,0.375,0,0,0.375,0,-0.0625,0.125,0.25,0,0.125,0,0,0.375,0.25,0,0.375,0,0,0.375,0.25,-0.0625,0.375,0,-0.0625,0.125,0.25,-0.0625,0.125,0,-0.0625,0.0625,0.125,0.0625,0.0625,0,0.0625,0.0625,0.125,-0.125,0.0625,0,-0.125,-0.125,0.125,-0.125,-0.125,0,-0.125,-0.125,0.125,0.0625,-0.125,0,0.0625,-0.125,0.125,-0.125,-0.125,0.125,0.0625,0.0625,0.125,-0.125,0.0625,0.125,0.0625,-0.125,0,0.0625,-0.125,0,-0.125,0.0625,0,0.0625,0.0625,0,-0.125,-0.125,0.125,0.0625,-0.125,0,0.0625,0.0625,0.125,0.0625,0.0625,0,0.0625,0.0625,0.125,-0.125,0.0625,0,-0.125,-0.125,0.125,-0.125,-0.125,0,-0.125,0.125,0.125,0.0625,0.125,0,0.0625,0.125,0.125,-0.125,0.125,0,-0.125,-0.0625,0.125,-0.125,-0.0625,0,-0.125,-0.0625,0.125,0.0625,-0.0625,0,0.0625,-0.0625,0.125,-0.125,-0.0625,0.125,0.0625,0.125,0.125,-0.125,0.125,0.125,0.0625,-0.0625,0,0.0625,-0.0625,0,-0.125,0.125,0,0.0625,0.125,0,-0.125,-0.0625,0.125,0.0625,-0.0625,0,0.0625,0.125,0.125,0.0625,0.125,0,0.0625,0.125,0.125,-0.125,0.125,0,-0.125,-0.0625,0.125,-0.125,-0.0625,0,-0.125,0.0625,0.125,0.0625,0.0625,0,0.0625,0.0625,0.125,-0.125,0.0625,0,-0.125,-0.125,0.125,-0.125,