{"schemaVersion":4,"source":{"uri":"models/weapons/wooden-sword.gltf","sha256":"2c5d2d91dd1cf1f38dc461cb461b2d3d450728effc210ba0a8cae4141b2b1f73"},"animationNames":[],"boundingBox":{"min":{"x":0.40625,"y":0,"z":0.25},"max":{"x":0.59375,"y":1.4994828857561915,"z":0.75}},"nodeNames":["cube","cube","cube","cube","cube","cube","cube","group",""],"trimesh":{"vertices":[0.03125,-0.18724144995212555,0.0625,0.03125,-0.7497414350509644,0.0625,0.03125,-0.18724144995212555,-0.0625,0.03125,-0.7497414350509644,-0.0625,-0.03125,-0.18724144995212555,-0.0625,-0.03125,-0.7497414350509644,-0.0625,-0.03125,-0.18724144995212555,0.0625,-0.03125,-0.7497414350509644,0.0625,-0.03125,-0.18724144995212555,-0.0625,-0.03125,-0.18724144995212555,0.0625,0.03125,-0.18724144995212555,-0.0625,0.03125,-0.18724144995212555,0.0625,-0.03125,-0.7497414350509644,0.0625,-0.03125,-0.7497414350509644,-0.0625,0.03125,-0.7497414350509644,0.0625,0.03125,-0.7497414350509644,-0.0625,-0.03125,-0.18724144995212555,0.0625,-0.03125,-0.7497414350509644,0.0625,0.03125,-0.18724144995212555,0.0625,0.03125,-0.7497414350509644,0.0625,0.03125,-0.18724144995212555,-0.0625,0.03125,-0.7497414350509644,-0.0625,-0.03125,-0.18724144995212555,-0.0625,-0.03125,-0.7497414350509644,-0.0625,0.06234375014901161,-0.6247414350509644,0.09375,0.06234375014901161,-0.6872414350509644,0.09375,0.06234375014901161,-0.6247414350509644,-0.09375,0.06234375014901161,-0.6872414350509644,-0.09375,-0.062343746423721313,-0.6247414350509644,-0.09375,-0.062343746423721313,-0.6872414350509644,-0.09375,-0.062343746423721313,-0.6247414350509644,0.09375,-0.062343746423721313,-0.6872414350509644,0.09375,-0.062343746423721313,-0.6247414350509644,-0.09375,-0.062343746423721313,-0.6247414350509644,0.09375,0.06234375014901161,-0.6247414350509644,-0.09375,0.06234375014901161,-0.6247414350509644,0.09375,-0.062343746423721313,-0.6872414350509644,0.09375,-0.062343746423721313,-0.6872414350509644,-0.09375,0.06234375014901161,-0.6872414350509644,0.09375,0.06234375014901161,-0.6872414350509644,-0.09375,-0.062343746423721313,-0.6247414350509644,0.09375,-0.062343746423721313,-0.6872414350509644,0.09375,0.06234375014901161,-0.6247414350509644,0.09375,0.06234375014901161,-0.6872414350509644,0.09375,0.06234375014901161,-0.6247414350509644,-0.09375,0.06234375014901161,-0.6872414350509644,-0.09375,-0.062343746423721313,-0.6247414350509644,-0.09375,-0.062343746423721313,-0.6872414350509644,-0.09375,0.09375,0.00025855712010525167,0.09375,0.09375,-0.18724144995212555,0.09375,0.09375,0.00025855712010525167,-0.09375,0.09375,-0.18724144995212555,-0.09375,-0.09375,0.00025855712010525167,-0.09375,-0.09375,-0.18724144995212555,-0.09375,-0.09375,0.00025855712010525167,0.09375,-0.09375,-0.18724144995212555,0.09375,-0.09375,0.00025855712010525167,-0.09375,-0.09375,0.00025855712010525167,0.09375,0.09375,0.00025855712010525167,-0.09375,0.09375,0.00025855712010525167,0.09375,-0.09375,-0.18724144995212555,0.09375,-0.09375,-0.18724144995212555,-0.09375,0.09375,-0.18724144995212555,0.09375,0.09375,-0.18724144995212555,-0.09375,-0.09375,0.00025855712010525167,0.09375,-0.09375,-0.18724144995212555,0.09375,0.09375,0.00025855712010525167,0.09375,0.09375,-0.18724144995212555,0.09375,0.09375,0.00025855712010525167,-0.09375,0.09375,-0.18724144995212555,-0.09375,-0.09375,0.00025855712010525167,-0.09375,-0.09375,-0.18724144995212555,-0.09375,0.03750000149011612,-0.24974144995212555,0.06874999403953552,0.03750000149011612,-0.6247414350509644,0.06874999403953552,0.03750000149011612,-0.24974144995212555,-0.06874999403953552,0.03750000149011612,-0.6247414350509644,-0.06874999403953552,-0.03750000149011612,-0.24974144995212555,-0.06874999403953552,-0.03750000149011612,-0.6247414350509644,-0.06874999403953552,-0.03750000149011612,-0.24974144995212555,0.06874999403953552,-0.03750000149011612,-0.6247414350509644,0.06874999403953552,-0.03750000149011612,-0.24974144995212555,-0.06874999403953552,-0.03750000149011612,-0.24974144995212555,0.06874999403953552,0.03750000149011612,-0.24974144995212555,-0.06874999403953552,0.03750000149011612,-0.24974144995212555,0.06874999403953552,-0.03750000149011612,-0.6247414350509644,0.06874999403953552,-0.03750000149011612,-0.6247414350509644,-0.06874999403953552,0.03750000149011612,-0.6247414350509644,0.06874999403953552,0.03750000149011612,-0.6247414350509644,-0.06874999403953552,-0.03750000149011612,-0.24974144995212555,0.06874999403953552,-0.03750000149011612,-0.6247414350509644,0.06874999403953552,0.03750000149011612,-0.24974144995212555,0.06874999403953552,0.03750000149011612,-0.6247414350509644,0.06874999403953552,0.03750000149011612,-0.24974144995212555,-0.06874999403953552,0.03750000149011612,-0.6247414350509644,-0.06874999403953552,-0.03750000149011612,-0.24974144995212555,-0.06874999403953552,-0.03750000149011612,-0.6247414350509644,-0.06874999403953552,0.0625,-0.06224144250154495,0.25,0.0625,-0.12474144250154495,0.25,0.0625,-0.06224144250154495,-0.25,0.0625,-0.12474144250154495,-0.25,-0.0625,-0.06224144250154495,-0.25,-0.0625,-0.12474144250154495,-0.25,-0.0625,-0.06224144250154495,0.25,-0.0625,-0.12474144250154495,0.25,-0.0625,-0.06224144250154495,-0.25,-0.0625,-0.06224144250154495,0.25,0.0625,-0.06224144250154495,-0.25,0.0625,-0.06224144250154495,0.25,-0.0625,-0.12474144250154495,0.25,-0.0625,-0.12474144250154495,-0.25,0.0625,-0.12474144250154495,0.25,0.0625,-0.12474144250154495,-0.25,-0.0625,-0.06224144250154495,0.25,-0.0625,-0.12474144250154495,0.25,0.0625,-0.06224144250154495,0.25,0.0625,-0.12474144250154495,0.25,0.0625,-0.06224144250154495,-0.25,0.0625,-0.12474144250154495,-0.25,-0.0625,-0.06224144250154495,-0.25,-0.0625,-0.12474144250154495,-0.25,0.03125,0.6252585649490356,0.125,0.03125,-0.06224144250154495,0.125,0.03125,0.6252585649490356,-0.125,0.03125,-0.06224144250154495,-0.125,-0.03125,0.6252585649490356,-0.125,-0.03125,-0.06224144250154495,-0.125,-0.03125,0.6252585649490356,0.125,-0.03125,-0.06224144250154495,0.125,-0.03125,0.6252585649490356,-0.125,-0.03125,0.6252585649490356,0.125,0.03125,0.6252585649490356,-0.125,0.03125,0.6252585649490356,0.125,-0.03125,-0.06224144250154495,0.125,-0.03125,-0.06224144250154495,-0.125,0.03125,-0.06224144250154495,0.125,0.03125,-0.06224144250154495,-0.125,-0.03125,0.6252585649490356,0.125,-0.03125,-0.06224144250154495,0.125,0.03125,0.6252585649490356,0.125,0.03125,-0.06224144250154495,0.125,0.03125,0.6252585649490356,-0.125,0.03125,-0.06224144250154495,-0.125,-0.03125,0.6252585649490356,-0.125,-0.03125,-0.06224144250154495,-0.125,0.031562499701976776,0.6248929500579834,0.12484854459762573,0.031562499701976776,0.5000443458557129,0,0.031562499701976776,0.7497414350509644,0,0.031562499701976776,0.6248929500579834,-0.12484854459762573,-0.031562499701976776,0.7497414350509644,0,-0.031562499701976776,0.6248929500579834,-0.12484854459762573,-0.031562499701976776,0.6248929500579834,0.12484854459762573,-0.031562499701976776,0.5000443458557129,0,-0.031562499701976776,0.7497414350509644,0,-0.031562499701976776,0.6248929500579834,0.12484854459762573,0.031562499701976776,0.7497414350509644,0,0.031562499701976776,0.6248929500579834,0.12484854459762573,-0.031562499701976776,0.5000443458557129,0,-0.031562499701976776,0.6248929500579834,-0.12484854459762573,0.031562499701976776,0.5000443458557129,0,0.031562499701976776,0.6248929500579834,-0.12484854459762573,-0.031562499701976776,0.6248929500579834,0.12484854459762573,-0.031562499701976776,0.5000443458557129,0,0.031562499701976776,0.6248929500579834,0.12484854459762573,0.031562499701976776,0.5000443458557129,0,0.031562499701976776,0.7497414350509644,0,0.031562499701976776,0.6248929500579834,-0.12484854459762573,-0.031562499701976776,0.7497414350509644,0,-0.031562499701976776,0.6248929500579834,-0.12484854459762573],