{"schemaVersion":4,"source":{"uri":"models/environment/flower-purple.gltf","sha256":"5229db1eb36b5c3e2fb4d6616bc83b6ba6cda1c9d3c867fde3f68322fe8f1a11"},"animationNames":[],"boundingBox":{"min":{"x":0.0391879916027815,"y":0,"z":0.050282041635156594},"max":{"x":0.9783476437853501,"y":0.8750000000000002,"z":0.9710832028308557}},"nodeNames":["cube","cube","cube","cube","cube","cube","cube","cube","cube","cube","cube","cube","cube","cube","cube","cube","cube","cube","cube","flower",""],"trimesh":{"vertices":[-0.4007536768913269,0.25,0.2757772207260132,-0.4007536768913269,-0.4375,0.2757772207260132,-0.13765880465507507,0.25,-0.3593899607658386,-0.13765880465507507,-0.4375,-0.3593899607658386,-0.13771654665470123,0.25,-0.35941386222839355,-0.13771654665470123,-0.4375,-0.35941386222839355,-0.40081140398979187,0.25,0.27575331926345825,-0.40081140398979187,-0.4375,0.27575331926345825,0.15775005519390106,0.375,0.44173088669776917,0.15775005519390106,-0.4375,0.44173088669776917,0.15775001049041748,0.375,-0.24576912820339203,0.15775001049041748,-0.4375,-0.24576912820339203,0.15768755972385406,0.375,-0.24576912820339203,0.15768755972385406,-0.4375,-0.24576912820339203,0.15768760442733765,0.375,0.44173088669776917,0.15768760442733765,-0.4375,0.44173088669776917,0.3788049817085266,-0.1875,0.0077296774834394455,0.3788049817085266,-0.4375,0.0077296774834394455,0.18746322393417358,-0.1875,-0.4542100727558136,0.18746322393417358,-0.4375,-0.4542100727558136,0.18740545213222504,-0.1875,-0.45418617129325867,0.18740545213222504,-0.4375,-0.45418617129325867,0.37874719500541687,-0.1875,0.007753598969429731,0.37874719500541687,-0.4375,0.007753598969429731,-0.4526815712451935,0.125,0.07723933458328247,-0.4526815712451935,-0.4375,0.07723933458328247,0.12474309653043747,0.125,0.316416472196579,0.12474309653043747,-0.4375,0.316416472196579,0.1247670128941536,0.125,0.3163587152957916,0.1247670128941536,-0.4375,0.3163587152957916,-0.45265766978263855,0.125,0.07718159258365631,-0.45265766978263855,-0.4375,0.07718159258365631,-0.15546520054340363,0.3125,-0.2211657017469406,-0.15546520054340363,-0.4375,-0.2211657017469406,0.4219594895839691,0.3125,-0.4603428542613983,0.4219594895839691,-0.4375,-0.4603428542613983,0.4219355881214142,0.3125,-0.4604005813598633,0.4219355881214142,-0.4375,-0.4604005813598633,-0.15548911690711975,0.3125,-0.22122344374656677,-0.15548911690711975,-0.4375,-0.22122344374656677,-0.3559015989303589,0.3125,-0.07764910906553268,-0.3559015989303589,-0.0625,-0.07764910906553268,-0.18267418444156647,0.3125,-0.005895963404327631,-0.18267418444156647,-0.0625,-0.005895963404327631,-0.18265026807785034,0.3125,-0.005953701678663492,-0.18265026807785034,-0.0625,-0.005953701678663492,-0.35587769746780396,0.3125,-0.07770684361457825,-0.35587769746780396,-0.0625,-0.07770684361457825,-0.451572448015213,0.25,0.15332074463367462,-0.451572448015213,-0.125,0.15332074463367462,-0.2783450484275818,0.25,0.2250738888978958,-0.2783450484275818,-0.125,0.2250738888978958,-0.27832111716270447,0.25,0.22501617670059204,-0.27832111716270447,-0.125,0.22501617670059204,-0.4515485465526581,0.25,0.15326303243637085,-0.4515485465526581,-0.125,0.15326303243637085,-0.26023074984550476,0.25,-0.3086189925670624,-0.26023074984550476,-0.125,-0.3086189925670624,-0.08700332790613174,0.25,-0.2368658483028412,-0.08700332790613174,-0.125,-0.2368658483028412,-0.08697941154241562,0.25,-0.23692359030246735,-0.08697941154241562,-0.125,-0.23692359030246735,-0.26020681858062744,0.25,-0.30867671966552734,-0.26020681858062744,-0.125,-0.30867671966552734,0.09518755227327347,0.4375,0.09804338961839676,0.09518755227327347,0.125,0.09804338961839676,0.22018757462501526,0.4375,0.09804338961839676,0.22018757462501526,0.125,0.09804338961839676,0.22018752992153168,0.4375,0.09798087179660797,0.22018752992153168,0.125,0.09798087179660797,0.09518757462501526,0.4375,0.09798088669776917,0.09518757462501526,0.125,0.09798088669776917,0.09518753737211227,0.25,-0.15195663273334503,0.09518753737211227,-0.0625,-0.15195663273334503,0.22018754482269287,0.25,-0.15195661783218384,0.22018754482269287,-0.0625,-0.15195661783218384,0.22018755972385406,0.25,-0.15201911330223083,0.22018755972385406,-0.0625,-0.15201911330223083,0.09518755227327347,0.25,-0.15201911330223083,0.09518755227327347,-0.0625,-0.15201911330223083,0.09518755972385406,0.25,0.28554338216781616,0.09518755972385406,-0.0625,0.28554338216781616,0.22018757462501526,0.25,0.28554338216781616,0.22018757462501526,-0.0625,0.28554338216781616,0.22018752992153168,0.25,0.28548088669776917,0.22018752992153168,-0.0625,0.28548088669776917,0.09518756717443466,0.25,0.28548088669776917,0.09518756717443466,-0.0625,0.28548088669776917,-0.13006281852722168,0.1875,0.2784542739391327,-0.13006281852722168,-0.0625,0.2784542739391327,-0.08222738653421402,0.1875,0.16296932101249695,-0.08222738653421402,-0.0625,0.16296932101249695,0.012842530384659767,0.3125,-0.22329916059970856,0.012842530384659767,0.0625,-0.22329916059970856,-0.03499292954802513,0.3125,-0.3387841284275055,-0.03499292954802513,0.0625,-0.3387841284275055,-0.0350506454706192,0.3125,-0.3387601971626282,-0.0350506454706192,0.0625,-0.3387601971626282,0.012784759514033794,0.3125,-0.22327525913715363,0.012784759514033794,0.0625,-0.22327525913715363,0.27268362045288086,0.375,-0.33092889189720154,0.27268362045288086,0.125,-0.33092889189720154,0.224848210811615,0.375,-0.4464138150215149,0.224848210811615,0.125,-0.4464138150215149,0.22479043900966644,0.375,-0.44638991355895996,0.22479043900966644,0.125,-0.44638991355895996,0.2726259231567383,0.375,-0.3309049606323242,0.2726259231567383,0.125,-0.3309049606323242,0.04979013651609421,-0.1875,0.46040061116218567,0.04979013651609421,-0.4375,0.46040061116218567,0.40334352850914,-0.1875,0.10684718936681747,0.40334352850914,-0.4375,0.10684718936681747,0.4032992720603943,-0.1875,0.10680295526981354,0.4032992720603943,-0.4375,0.10680295526981354,0.049745891243219376,-0.1875,0.46035635471343994,0.049745891243219376,-0.4375,0.46035635471343994,-0.469579815864563,-0.1875,-0.43453145027160645,-0.469579815864563,-0.4375,-0.43453145027160645,-0.11602642387151718,-0.1875,-0.08097805827856064,-0.11602642387151718,-0.4375,-0.08097805827856064,-0.11598224937915802,-0.1875,-0.08102225512266159,-0.11598224937915802,-0.4375,-0.08102225512266159,-0.46953561902046204,-0.1875,-0.4345756471157074,-0.46953561902046204,-0.4375,-0.4345756471157074,-0.2134803682565689,-0.1875,0.4560108184814453,-0.2134803682565689,-0.4375,0.4560108184814453,-0.4287397861480713,-0.1875,-0.06367141008377075,-0.4287397861480713,-0.4375,-0.06367141008377075,-0.42879751324653625,-0.1875,-0.06364752352237701,-0.42879751324653625,-0.4375,-0.06364752352237701,-0.2135380655527115,-0.1875,0.45603471994400024,-0.2135380655527115,-0.4375,0.45603471994400024,0.468461811542511,-1.1102230246251565e-16,-0.2257581353187561,0.468461811542511,-0.4375,-0.2257581353187561,0.06426449120044708,-1.1102230246251565e-16,-0.05833415687084198,0.06426449120044708,-0.4375,-0.05833415687084198,0.23040267825126648,0.125,0.22481542825698853,0.23040267825126648,-0.4375,0.22481542825698853,0.469579815864563,0.125,-0.3526092767715454,0.469579815864563,-0.4375,-0.3526092767715454,0.46952205896377563,0.125,-0.35263320803642273,0.46952205896377563,-0.4375,-0.35263320803642273,0.23034490644931793,0.125,0.2247914969921112,0.23034490644931793,-0.4375,0.2247914969921112],