{"schemaVersion":4,"source":{"uri":"models/pets/rare/green-dragon.gltf","sha256":"25cc1fc8353bdf4144be51d92eec427d9940131f316e7b1ed65a316d2bdc220d"},"animationNames":["idle"],"boundingBox":{"min":{"x":-0.9797495722501519,"y":-0.058902973812735626,"z":-0.4375},"max":{"x":0.9797496221526634,"y":1.0690897602185694,"z":0.7965652937823492}},"nodeNames":["cube","cube","cube","left_arm","cube","cube","tail","cube","cube","cube","left_ear","cube","right_arm","cube","left_leg","cube","right_leg","cube","cube","left_eye","right_eye","cube","cube","cube","left_wing","cube","cube","cube","right_wing","cube","cube","cube","right_ear","head","cube-pet"],"trimesh":{"vertices":[0.15625,0.25,0.3125,0.15625,0.0625,0.3125,0.15625,0.25,0.1875,0.15625,0.0625,0.1875,-0.15625,0.25,0.1875,-0.15625,0.0625,0.1875,-0.15625,0.25,0.3125,-0.15625,0.0625,0.3125,-0.15625,0.25,0.1875,-0.15625,0.25,0.3125,0.15625,0.25,0.1875,0.15625,0.25,0.3125,-0.15625,0.0625,0.3125,-0.15625,0.0625,0.1875,0.15625,0.0625,0.3125,0.15625,0.0625,0.1875,-0.15625,0.25,0.3125,-0.15625,0.0625,0.3125,0.15625,0.25,0.3125,0.15625,0.0625,0.3125,0.15625,0.25,0.1875,0.15625,0.0625,0.1875,-0.15625,0.25,0.1875,-0.15625,0.0625,0.1875,0.3125,0.5625,0.9375,0.3125,-0.0625,0.9375,0.3125,0.5625,0.3125,0.3125,-0.0625,0.3125,-0.3125,0.5625,0.3125,-0.3125,-0.0625,0.3125,-0.3125,0.5625,0.9375,-0.3125,-0.0625,0.9375,-0.3125,0.5625,0.3125,-0.3125,0.5625,0.9375,0.3125,0.5625,0.3125,0.3125,0.5625,0.9375,-0.3125,-0.0625,0.9375,-0.3125,-0.0625,0.3125,0.3125,-0.0625,0.9375,0.3125,-0.0625,0.3125,-0.3125,0.5625,0.9375,-0.3125,-0.0625,0.9375,0.3125,0.5625,0.9375,0.3125,-0.0625,0.9375,0.3125,0.5625,0.3125,0.3125,-0.0625,0.3125,-0.3125,0.5625,0.3125,-0.3125,-0.0625,0.3125,0.125,0.125,0.0625,0.125,0,0.0625,0.125,0.125,-0.125,0.125,0,-0.125,-0.0625,0.125,-0.125,-0.0625,0,-0.125,-0.0625,0.125,0.0625,-0.0625,0,0.0625,-0.0625,0.125,-0.125,-0.0625,0.125,0.0625,0.125,0.125,-0.125,0.125,0.125,0.0625,-0.0625,0,0.0625,-0.0625,0,-0.125,0.125,0,0.0625,0.125,0,-0.125,-0.0625,0.125,0.0625,-0.0625,0,0.0625,0.125,0.125,0.0625,0.125,0,0.0625,0.125,0.125,-0.125,0.125,0,-0.125,-0.0625,0.125,-0.125,-0.0625,0,-0.125,0.125,0.4375,0.0625,0.125,0.1875,0.0625,0.125,0.4375,-0.1875,0.125,0.1875,-0.1875,-0.125,0.4375,-0.1875,-0.125,0.1875,-0.1875,-0.125,0.4375,0.0625,-0.125,0.1875,0.0625,-0.125,0.4375,-0.1875,-0.125,0.4375,0.0625,0.125,0.4375,-0.1875,0.125,0.4375,0.0625,-0.125,0.1875,0.0625,-0.125,0.1875,-0.1875,0.125,0.1875,0.0625,0.125,0.1875,-0.1875,-0.125,0.4375,0.0625,-0.125,0.1875,0.0625,0.125,0.4375,0.0625,0.125,0.1875,0.0625,0.125,0.4375,-0.1875,0.125,0.1875,-0.1875,-0.125,0.4375,-0.1875,-0.125,0.1875,-0.1875,0.0625,0.3125,0.3125,0.0625,0.1875,0.3125,0.0625,0.3125,0.0625,0.0625,0.1875,0.0625,-0.0625,0.3125,0.0625,-0.0625,0.1875,0.0625,-0.0625,0.3125,0.3125,-0.0625,0.1875,0.3125,-0.0625,0.3125,0.0625,-0.0625,0.3125,0.3125,0.0625,0.3125,0.0625,0.0625,0.3125,0.3125,-0.0625,0.1875,0.3125,-0.0625,0.1875,0.0625,0.0625,0.1875,0.3125,0.0625,0.1875,0.0625,-0.0625,0.3125,0.3125,-0.0625,0.1875,0.3125,0.0625,0.3125,0.3125,0.0625,0.1875,0.3125,0.0625,0.3125,0.0625,0.0625,0.1875,0.0625,-0.0625,0.3125,0.0625,-0.0625,0.1875,0.0625,-0.171875,0.125,0.046875,-0.171875,0,0.046875,-0.171875,0.125,-0.109375,-0.171875,0,-0.109375,-0.328125,0.125,-0.109375,-0.328125,0,-0.109375,-0.328125,0.125,0.046875,-0.328125,0,0.046875,-0.328125,0.125,-0.109375,-0.328125,0.125,0.046875,-0.171875,0.125,-0.109375,-0.171875,0.125,0.046875,-0.328125,0,0.046875,-0.328125,0,-0.109375,-0.171875,0,0.046875,-0.171875,0,-0.109375,-0.328125,0.125,0.046875,-0.328125,0,0.046875,-0.171875,0.125,0.046875,-0.171875,0,0.046875,-0.171875,0.125,-0.109375,-0.171875,0,-0.109375,-0.328125,0.125,-0.109375,-0.328125,0,-0.109375,-0.12526220083236694,0.25039222836494446,0.03125,-0.19701534509658813,0.07716482877731323,0.03125,-0.12526220083236694,0.25039222836494446,-0.09375,-0.19701534509658813,0.07716482877731323,-0.09375,-0.24074715375900269,0.2982276678085327,-0.09375,-0.3125002980232239,0.1250002533197403,-0.09375,-0.24074715375900269,0.2982276678085327,0.03125,-0.3125002980232239,0.1250002533197403,0.03125,-0.24074715375900269,0.2982276678085327,-0.09375,-0.24074715375900269,0.2982276678085327,0.03125,-0.12526220083236694,0.25039222836494446,-0.09375,-0.12526220083236694,0.25039222836494446,0.03125,-0.3125002980232239,0.1250002533197403,0.03125,-0.3125002980232239,0.1250002533197403,-0.09375,-0.19701534509658813,0.07716482877731323,0.03125,-0.19701534509658813,0.07716482877731323,-0.09375,-0.24074715375900269,0.2982276678085327,0.03125,-0.3125002980232239,0.1250002533197403,0.03125,-0.12526220083236694,0.25039222836494446,0.03125,-0.19701534509658813,0.07716482877731323,0.03125,-0.12526220083236694,0.25039222836494446,-0.09375,-0.19701534509658813,0.07716482877731323,-0.09375,-0.24074715375900269,0.2982276678085327,-0.09375,-0.3125002980232239,0.1250002533197403,-0.09375,-0.24074715375900269,0.2982276678085327,0.03125,-0.2646648585796356,0.24048520624637604,0.03125,-0.24074715375900269,0.2982276678085327,-0.09375,-0.2646648585796356,0.24048520624637604,-0.09375,-0.29848963022232056,0.32214537262916565,-0.09375,-0.3224073350429535,0.26440292596817017,-0.09375,-0.29848963022232056,0.32214537262916565,0.03125,-0.3224073350429535,0.26440292596817017,0.03125,-0.29848963022232056,0.32214537262916565,-0.09375,-0.29848963022232056,0.32214537262916565,0.03125,-0.24074715375900269,0.2982276678085327,-0.09375,-0.24074715375900269,0.2982276678085327,0.03125,-0.3224073350429535,0.26440292596817017,0.03125,-0.3224073350429535,0.26440292596817017,-0.09375,-0.2646648585796356,0.24048520624637604,0.03125,-0.2646648585796356,0.24048520624637604,-0.09375,-0.29848963022232056,0.32214537262916565,0.03125,-0.3224073350429535,0.26440292596817017,0.03125,-0.24074715375900269,0.2982276678085327,0.03125,-0.2646648585796356,0.24048520624637604,0.03125,-0.24074715375900269,0.2982276678085327,-0.09375,-0.2646648585796356,0.24048520624637604,-0.09375,-0.29848963022232056,0.32214537262916565,-0.09375,-0.3224073350429535,0.26440292596817017,-0.09375,0.0625,0.125,0.0625,0.0625,0,0.0625,0.0625,0.125,-0.125,0.0625,0,-0.125,-0.125,0.125,-0.125,-0.125,0,-0.125,-0.125,0.125,0.0625,-0.125,0,0.0625,-0.125,0.125,-0.125,-0.125,0.125,0.0625,0.0625,0.125,-0.125,0.0625,0.125,0.0625,-0.125,0,0.0625,-0.125,0,-0.125,0.0625,0,0.0625,0.0625,0,-0.125,-0.125,0.125,0.0625,-0.125,0,0.0625,0.0625,0.125,0.0625,0.0625,0,0.0625,0.0625,0.125,-0.125,0.0625,0,-0.125,-0.125,0.125,-0.125,-0.125,0,-0.125,0.125,0.125,0.0625,0.125,0,0.0625,0.125,0.125,-0.125,0.125,0,-0.125,-0.0625,0.125,-0.125,-0.0625,0,-0.125,-0.0625,0.125,0.0625,-0.0625,0,0.0625,-0.0625,0.125,-0.125,-0.0625,0.125,0.0625,0.125,0.125,-0.125,0.125,0.125,0.0625,-0.0625,0,0.0625,-0.0625,0,-0.125,0.125,0,0.0625,0.125,0,-0.125,-0.0625,0.125,0.0625,-0.0625,0,0.0625,0.125,0.125,0.0625,0.125,0,0.0625,0.125,0.125,-0.125,0.125,0,-0.125,-0.0625,0.125,-0.125,-0.0625,0,-0.125,0.0625,0.125,0.0625,0.0625,0,0.0625,0.0625,0.125,-0.125,0.0625,0,-0.125,-0.125,0.125,-0.125,-0.125,0,-0.125,-0.125,0.125,0.0625,-0.125,0,0.0625,-0.125,0.125,-0.125,-0.125,0.125,0.0625,0.0625,0.125,-0.125,0.0625,0.125,0.0625,-0.125,0,0.0625,-0.125,0,-0.125,0.0625,0,0.0625,0.0625,0,-0.125,-0.125,0.125,0.0625,-0.125,0,0.0625,0.0625,0.125,0.0625,0.0625,0,0.0625,0.0625,0.125,-0.125,0.0625,0,-0.125,-0.125,0.125,-0.125,-0.125,0,-0.125,-0.0625,0.53125,-0.3125,-0.0625,0.53125,-0.3125,-0.0625,0.3125,-0.3125,-0.28125,0.53125,-0.3125,-0.28125,0.53125,-0.3125,-0.28125,0.3125,-0.3125,-0.0625,0.53125,-0.3125,-0.0625,0.53125,-0.3125,-0.0625,0.3125,-0.3125,-0.28125,0.3125,-0.3125,-0.0625,0.3125,-0.3125,-0.28125,0.3125,-0.3125,-0.28125,0.53125,-0.3125,-0.0625,0.53125,-0.3125,-0.0625,0.3125,-0.3125,0.0625,0.53125,-0.3125,0.0625,0.53125,-0.3125,0.0625,0.3125,-0.3125,0.28125,0.53125,-0.3125,0.28125,0.53125,-0.3125,0.28125,0.3125,-0.3125,0.0625,0.53125,-0.3125,0.28125,0.53125,-0.3125,0.28125,0.3125,-0.3125,0.0625,0.3125,-0.3125,0.0625,0.53125,-0.3125,0.28125,0.53125,