{"schemaVersion":4,"source":{"uri":"models/pets/epic/butterfly.gltf","sha256":"dd30fd71d3714abd35dea7be9769812e3969dcd496c97c72bdf563f60dbfa4a5"},"animationNames":["idle"],"boundingBox":{"min":{"x":-0.7823463103929542,"y":0,"z":-0.3140625},"max":{"x":0.7823463103929542,"y":1.125,"z":0.3125}},"nodeNames":["cube","cube","left_arm","cube","left_ear","cube","right_arm","cube","left_leg","cube","right_leg","cube","left_eye","cube","left_wing","cube","right_wing","cube","right_eye","cube","right_ear","head","cube-pet"],"trimesh":{"vertices":[0.3125,0.625,0.3125,0.3125,0,0.3125,0.3125,0.625,-0.3125,0.3125,0,-0.3125,-0.3125,0.625,-0.3125,-0.3125,0,-0.3125,-0.3125,0.625,0.3125,-0.3125,0,0.3125,-0.3125,0.625,-0.3125,-0.3125,0.625,0.3125,0.3125,0.625,-0.3125,0.3125,0.625,0.3125,-0.3125,0,0.3125,-0.3125,0,-0.3125,0.3125,0,0.3125,0.3125,0,-0.3125,-0.3125,0.625,0.3125,-0.3125,0,0.3125,0.3125,0.625,0.3125,0.3125,0,0.3125,0.3125,0.625,-0.3125,0.3125,0,-0.3125,-0.3125,0.625,-0.3125,-0.3125,0,-0.3125,0.125,0.125,0.0625,0.125,0,0.0625,0.125,0.125,-0.125,0.125,0,-0.125,-0.0625,0.125,-0.125,-0.0625,0,-0.125,-0.0625,0.125,0.0625,-0.0625,0,0.0625,-0.0625,0.125,-0.125,-0.0625,0.125,0.0625,0.125,0.125,-0.125,0.125,0.125,0.0625,-0.0625,0,0.0625,-0.0625,0,-0.125,0.125,0,0.0625,0.125,0,-0.125,-0.0625,0.125,0.0625,-0.0625,0,0.0625,0.125,0.125,0.0625,0.125,0,0.0625,0.125,0.125,-0.125,0.125,0,-0.125,-0.0625,0.125,-0.125,-0.0625,0,-0.125,0,0,0.3125,0,0.375,0.3125,0,0.375,-0.0625,0,0,-0.0625,0,0.375,-0.0625,0,0.375,-0.0625,0,0.375,0.3125,0,0,0.3125,0,0,0.3125,0,0,-0.0625,0,0.375,0.3125,0,0.375,0.3125,0,0,0.3125,0,0.375,-0.0625,0,0.375,-0.0625,0,0,-0.0625,0.0625,0.125,0.0625,0.0625,0,0.0625,0.0625,0.125,-0.125,0.0625,0,-0.125,-0.125,0.125,-0.125,-0.125,0,-0.125,-0.125,0.125,0.0625,-0.125,0,0.0625,-0.125,0.125,-0.125,-0.125,0.125,0.0625,0.0625,0.125,-0.125,0.0625,0.125,0.0625,-0.125,0,0.0625,-0.125,0,-0.125,0.0625,0,0.0625,0.0625,0,-0.125,-0.125,0.125,0.0625,-0.125,0,0.0625,0.0625,0.125,0.0625,0.0625,0,0.0625,0.0625,0.125,-0.125,0.0625,0,-0.125,-0.125,0.125,-0.125,-0.125,0,-0.125,0.125,0.125,0.0625,0.125,0,0.0625,0.125,0.125,-0.125,0.125,0,-0.125,-0.0625,0.125,-0.125,-0.0625,0,-0.125,-0.0625,0.125,0.0625,-0.0625,0,0.0625,-0.0625,0.125,-0.125,-0.0625,0.125,0.0625,0.125,0.125,-0.125,0.125,0.125,0.0625,-0.0625,0,0.0625,-0.0625,0,-0.125,0.125,0,0.0625,0.125,0,-0.125,-0.0625,0.125,0.0625,-0.0625,0,0.0625,0.125,0.125,0.0625,0.125,0,0.0625,0.125,0.125,-0.125,0.125,0,-0.125,-0.0625,0.125,-0.125,-0.0625,0,-0.125,0.0625,0.125,0.0625,0.0625,0,0.0625,0.0625,0.125,-0.125,0.0625,0,-0.125,-0.125,0.125,-0.125,-0.125,0,-0.125,-0.125,0.125,0.0625,-0.125,0,0.0625,-0.125,0.125,-0.125,-0.125,0.125,0.0625,0.0625,0.125,-0.125,0.0625,0.125,0.0625,-0.125,0,0.0625,-0.125,0,-0.125,0.0625,0,0.0625,0.0625,0,-0.125,-0.125,0.125,0.0625,-0.125,0,0.0625,0.0625,0.125,0.0625,0.0625,0,0.0625,0.0625,0.125,-0.125,0.0625,0,-0.125,-0.125,0.125,-0.125,-0.125,0,-0.125,-0.0625,0.53125,-0.3125,-0.0625,0.53125,-0.3125,-0.0625,0.3125,-0.3125,-0.28125,0.53125,-0.3125,-0.28125,0.53125,-0.3125,-0.28125,0.3125,-0.3125,-0.0625,0.53125,-0.3125,-0.0625,0.53125,-0.3125,-0.0625,0.3125,-0.3125,-0.28125,0.3125,-0.3125,-0.0625,0.3125,-0.3125,-0.28125,0.3125,-0.3125,-0.28125,0.53125,-0.3125,-0.0625,0.53125,-0.3125,-0.0625,0.3125,-0.3125,0.0625,0.5,0,0.0625,0.5,0,0.0625,-0.375,0,-0.4375,0.5,0,-0.4375,0.5,0,-0.4375,-0.375,0,0.0625,0.5,0,-0.4375,0.5,0,0.0625,0.5,0,0.0625,-0.375,0,-0.4375,-0.375,0,0.0625,-0.375,0,-0.4375,-0.375,0,-0.4375,0.5,0,0.0625,0.5,0,0.0625,-0.375,0,0.4375,0.5,0,0.4375,0.5,0,0.4375,-0.375,0,-0.0625,0.5,0,-0.0625,0.5,0,-0.0625,-0.375,0,0.4375,0.5,0,-0.0625,0.5,0,0.4375,0.5,0,0.4375,-0.375,0,-0.0625,-0.375,0,0.4375,-0.375,0,-0.0625,-0.375,0,-0.0625,0.5,0,0.4375,0.5,0,0.4375,-0.375,0,0.0625,0.53125,-0.3125,0.0625,0.53125,-0.3125,0.0625,0.3125,-0.3125,0.28125,0.53125,-0.3125,0.28125,0.53125,-0.3125,0.28125,0.3125,-0.3125,0.0625,0.53125,-0.3125,0.28125,0.53125,-0.3125,0.28125,0.3125,-0.3125,0.0625,0.3125,-0.3125,0.0625,0.53125,-0.3125,0.28125,0.53125,-0.3125,0.28125,0.3125,-0.3125,0.0625,0.3125,-0.3125,0,0,0.3125,0,0.375,0.3125,0,0.375,-0.0625,0,0,-0.0625,0,0.375,-0.0625,0,0.375,-0.0625,0,0.375,0.3125,0,0,0.3125,0,0,0.3125,0,0,-0.0625,0,0.375,0.3125,0,0.375,0.3125,0,0,0.3125,0,0.375,-0.0625,0,0.375,-0.0625,0,0,-0.0625],"indices":[0,1,2,1,3,2,4,5,6,5,7,6,8,9,10,9,11,10,12,13,14,13,15,14,16,17,18,17,19,18,20,21,22,21,23,22,24,25,26,25,27,26,28,29,30,29,31,30,32,33,34,33,35,34,36,37,38,37,39,38,40,41,42,41,43,42,44,45,46,45,47,46,48,49,50,48,50,51,52,53,54,52,54,54,55,56,57,55,57,57,58,59,60,58,60,60,61,62,63,61,63,63,64,65,66,65,67,66,68,69,70,69,71,70,72,73,74,73,75,74,76,77,78,77,79,78,80,81,82,81,83,82,84,85,86,85,87,86,88,89,90,89,91,90,92,93,94,93,95,94,96,97,98,97,99,98,100,101,102,101,103,102,104,105,106,105,107,106,108,109,110,109,111,110,112,113,114,113,115,114,116,117,118,117,119,118,120,121,122,121,123,122,124,125,126,125,127,126,128,129,130,129,131,130,132,133,134,133,135,134,136,137,138,136,138,138,139,140,141,139,141,141,142,139,143,142,143,139,144,145,146,144,146,145,147,148,149,147,149,150,151,152,153,151,153,153,154,155,156,154,156,156,157,158,159,157,159,158,160,161,162,160,162,161,163,164,165,163,165,166,167,168,169,167,169,169,170,171,172,170,172,172,173,174,175,173,175,174,176,177,178,176,178,177,179,180,181,179,181,182,183,184,185,183,185,185,186,187,188,186,188,188,186,189,189,186,189,190,191,192,192,191,192,188,193,194,195,193,195,196,197,198,199,197,199,200,201,202,203,201,203,203,204,205,206,204,206,206,207,208,209,207,209,209,210,211,212,210,212,212]},"optimizedModelData":{"":{"meshCount":11},"-named-nodes":{"meshCount":11},"-no-animations":{"meshCount":1}}}