{"schemaVersion":4,"source":{"uri":"models/pets/legendary/pink-slime.glb","sha256":"f853189f0f3bbbfa359d40b95ec3615f3b9abb81d5bc479f02496b736b241b61"},"animationNames":["idle"],"boundingBox":{"min":{"x":-0.3734310267398496,"y":0.03312499679625036,"z":-0.37343436216942427},"max":{"x":0.3778012572663583,"y":0.9088413764188401,"z":0.37780457064863215}},"nodeNames":["cube.003","crown","cube","cube_outline","cube.001","left_eye","cube.002","right_eye","head","cube-pet"],"trimesh":{"vertices":[0.375,0.3125,0.375,0.375,-0.0625,0.375,0.375,0.3125,-0.375,0.375,-0.0625,-0.375,-0.375,0.3125,-0.375,-0.375,-0.0625,-0.375,-0.375,0.3125,0.375,-0.375,-0.0625,0.375,-0.375,0.3125,-0.375,-0.375,0.3125,0.375,0.375,0.3125,-0.375,0.375,0.3125,0.375,-0.375,-0.0625,0.375,-0.375,-0.0625,-0.375,0.375,-0.0625,0.375,0.375,-0.0625,-0.375,-0.375,0.3125,0.375,-0.375,-0.0625,0.375,0.375,0.3125,0.375,0.375,-0.0625,0.375,0.375,0.3125,-0.375,0.375,-0.0625,-0.375,-0.375,0.3125,-0.375,-0.375,-0.0625,-0.375,0.3125,0.625,0.3125,0.3125,0,0.3125,0.3125,0.625,-0.3125,0.3125,0,-0.3125,-0.3125,0.625,-0.3125,-0.3125,0,-0.3125,-0.3125,0.625,0.3125,-0.3125,0,0.3125,-0.3125,0.625,-0.3125,-0.3125,0.625,0.3125,0.3125,0.625,-0.3125,0.3125,0.625,0.3125,-0.3125,0,0.3125,-0.3125,0,-0.3125,0.3125,0,0.3125,0.3125,0,-0.3125,-0.3125,0.625,0.3125,-0.3125,0,0.3125,0.3125,0.625,0.3125,0.3125,0,0.3125,0.3125,0.625,-0.3125,0.3125,0,-0.3125,-0.3125,0.625,-0.3125,-0.3125,0,-0.3125,-0.33125001192092896,-0.01875000074505806,-0.33125001192092896,-0.33125001192092896,0.643750011920929,-0.33125001192092896,-0.33125001192092896,-0.01875000074505806,0.33125001192092896,-0.33125001192092896,0.643750011920929,0.33125001192092896,0.33125001192092896,-0.01875000074505806,0.33125001192092896,0.33125001192092896,0.643750011920929,0.33125001192092896,0.33125001192092896,-0.01875000074505806,-0.33125001192092896,0.33125001192092896,0.643750011920929,-0.33125001192092896,0.33125001192092896,-0.01875000074505806,0.33125001192092896,0.33125001192092896,-0.01875000074505806,-0.33125001192092896,-0.33125001192092896,-0.01875000074505806,0.33125001192092896,-0.33125001192092896,-0.01875000074505806,-0.33125001192092896,0.33125001192092896,0.643750011920929,-0.33125001192092896,0.33125001192092896,0.643750011920929,0.33125001192092896,-0.33125001192092896,0.643750011920929,-0.33125001192092896,-0.33125001192092896,0.643750011920929,0.33125001192092896,0.33125001192092896,-0.01875000074505806,-0.33125001192092896,0.33125001192092896,0.643750011920929,-0.33125001192092896,-0.33125001192092896,-0.01875000074505806,-0.33125001192092896,-0.33125001192092896,0.643750011920929,-0.33125001192092896,-0.33125001192092896,-0.01875000074505806,0.33125001192092896,-0.33125001192092896,0.643750011920929,0.33125001192092896,0.33125001192092896,-0.01875000074505806,0.33125001192092896,0.33125001192092896,0.643750011920929,0.33125001192092896,-0.0625,0.53125,-0.3125,-0.0625,0.53125,-0.3125,-0.0625,0.3125,-0.3125,-0.28125,0.53125,-0.3125,-0.28125,0.53125,-0.3125,-0.28125,0.3125,-0.3125,-0.0625,0.53125,-0.3125,-0.28125,0.53125,-0.3125,-0.0625,0.53125,-0.3125,-0.0625,0.3125,-0.3125,-0.28125,0.3125,-0.3125,-0.0625,0.3125,-0.3125,-0.28125,0.3125,-0.3125,-0.28125,0.53125,-0.3125,-0.0625,0.53125,-0.3125,-0.0625,0.3125,-0.3125,0.0625,0.53125,-0.3125,0.0625,0.53125,-0.3125,0.0625,0.3125,-0.3125,0.28125,0.53125,-0.3125,0.28125,0.53125,-0.3125,0.28125,0.3125,-0.3125,0.28125,0.53125,-0.3125,0.0625,0.53125,-0.3125,0.0625,0.53125,-0.3125,0.28125,0.53125,-0.3125,0.28125,0.3125,-0.3125,0.0625,0.3125,-0.3125,0.0625,0.3125,-0.3125,0.0625,0.53125,-0.3125,0.28125,0.53125,-0.3125,0.28125,0.3125,-0.3125,0.0625,0.3125,-0.3125],"indices":[0,1,2,1,3,2,4,5,6,5,7,6,8,9,10,9,11,10,12,13,14,13,15,14,16,17,18,17,19,18,20,21,22,21,23,22,24,25,26,25,27,26,28,29,30,29,31,30,32,33,34,33,35,34,36,37,38,37,39,38,40,41,42,41,43,42,44,45,46,45,47,46,48,49,50,49,51,50,52,53,54,53,55,54,56,57,58,57,59,58,60,61,62,61,63,62,64,65,66,65,67,66,68,69,70,69,71,70,72,73,74,72,74,74,75,76,77,75,77,77,78,79,80,78,80,79,81,82,83,81,83,82,84,85,86,84,86,87,88,89,90,88,90,90,91,92,93,91,93,93,94,95,96,94,96,97,98,99,100,98,100,93,101,102,103,101,103,104]},"optimizedModelData":{"":{"meshCount":4},"-named-nodes":{"meshCount":5},"-no-animations":{"meshCount":2}}}