{"schemaVersion":4,"source":{"uri":"models/pets/legendary/reaper.gltf","sha256":"9f8d054eb5136c0d0a6bab8e0d2b75477e5021b9c4c29b9de58239ec09d18c80"},"animationNames":["idle"],"boundingBox":{"min":{"x":-0.515625,"y":0.109375,"z":-0.6773306049194863},"max":{"x":0.763779532183795,"y":1.1822567542275626,"z":0.5945794716118188}},"nodeNames":["cube","cube","cube","left_leg","right_leg","cube","left_eye","cube","right_eye","cube","cube","cube","cube","scythe","right_hand","cube","left_hand","head","cube-pet"],"trimesh":{"vertices":[0.3125,0.625,0.3125,0.3125,0,0.3125,0.3125,0.625,-0.3125,0.3125,0,-0.3125,-0.3125,0.625,-0.3125,-0.3125,0,-0.3125,-0.3125,0.625,0.3125,-0.3125,0,0.3125,-0.3125,0.625,-0.3125,-0.3125,0.625,0.3125,0.3125,0.625,-0.3125,0.3125,0.625,0.3125,-0.3125,0,0.3125,-0.3125,0,-0.3125,0.3125,0,0.3125,0.3125,0,-0.3125,-0.3125,0.625,0.3125,-0.3125,0,0.3125,0.3125,0.625,0.3125,0.3125,0,0.3125,0.3125,0.625,-0.3125,0.3125,0,-0.3125,-0.3125,0.625,-0.3125,-0.3125,0,-0.3125,0.1875,0.4438059329986572,0.5945794582366943,0.1875,0.09735111147165298,0.45107316970825195,0.1875,0.5633944869041443,0.30586710572242737,0.1875,0.21693968772888184,0.16236083209514618,-0.1875,0.5633944869041443,0.30586710572242737,-0.1875,0.21693968772888184,0.16236083209514618,-0.1875,0.4438059329986572,0.5945794582366943,-0.1875,0.09735111147165298,0.45107316970825195,-0.1875,0.5633944869041443,0.30586710572242737,-0.1875,0.4438059329986572,0.5945794582366943,0.1875,0.5633944869041443,0.30586710572242737,0.1875,0.4438059329986572,0.5945794582366943,-0.1875,0.09735111147165298,0.45107316970825195,-0.1875,0.21693968772888184,0.16236083209514618,0.1875,0.09735111147165298,0.45107316970825195,0.1875,0.21693968772888184,0.16236083209514618,-0.1875,0.4438059329986572,0.5945794582366943,-0.1875,0.09735111147165298,0.45107316970825195,0.1875,0.4438059329986572,0.5945794582366943,0.1875,0.09735111147165298,0.45107316970825195,0.1875,0.5633944869041443,0.30586710572242737,0.1875,0.21693968772888184,0.16236083209514618,-0.1875,0.5633944869041443,0.30586710572242737,-0.1875,0.21693968772888184,0.16236083209514618,0.328125,0.640625,0.328125,0.328125,-0.015625,0.328125,0.328125,0.640625,-0.328125,0.328125,-0.015625,-0.328125,-0.328125,0.640625,-0.328125,-0.328125,-0.015625,-0.328125,-0.328125,0.640625,0.328125,-0.328125,-0.015625,0.328125,-0.328125,0.640625,-0.328125,-0.328125,0.640625,0.328125,0.328125,0.640625,-0.328125,0.328125,0.640625,0.328125,-0.328125,-0.015625,0.328125,-0.328125,-0.015625,-0.328125,0.328125,-0.015625,0.328125,0.328125,-0.015625,-0.328125,-0.328125,0.640625,0.328125,-0.328125,-0.015625,0.328125,0.328125,0.640625,0.328125,0.328125,-0.015625,0.328125,0.328125,0.640625,-0.328125,0.328125,-0.015625,-0.328125,-0.328125,0.640625,-0.328125,-0.328125,-0.015625,-0.328125,-0.0625,0.53125,-0.3125,-0.0625,0.53125,-0.3125,-0.0625,0.3125,-0.3125,-0.28125,0.53125,-0.3125,-0.28125,0.53125,-0.3125,-0.28125,0.3125,-0.3125,-0.0625,0.53125,-0.3125,-0.0625,0.53125,-0.3125,-0.0625,0.3125,-0.3125,-0.28125,0.3125,-0.3125,-0.0625,0.3125,-0.3125,-0.28125,0.3125,-0.3125,-0.28125,0.53125,-0.3125,-0.0625,0.53125,-0.3125,-0.0625,0.3125,-0.3125,0.0625,0.53125,-0.3125,0.0625,0.53125,-0.3125,0.0625,0.3125,-0.3125,0.28125,0.53125,-0.3125,0.28125,0.53125,-0.3125,0.28125,0.3125,-0.3125,0.0625,0.53125,-0.3125,0.28125,0.53125,-0.3125,0.28125,0.3125,-0.3125,0.0625,0.3125,-0.3125,0.0625,0.53125,-0.3125,0.28125,0.53125,-0.3125,0.28125,0.3125,-0.3125,0.0625,0.3125,-0.3125,0.125,0.125,0.09375,0.125,-0.25,0.09375,0.125,0.125,-0.09375,0.125,-0.25,-0.09375,-0.0625,0.125,-0.09375,-0.0625,-0.25,-0.09375,-0.0625,0.125,0.09375,-0.0625,-0.25,0.09375,-0.0625,0.125,-0.09375,-0.0625,0.125,0.09375,0.125,0.125,-0.09375,0.125,0.125,0.09375,-0.0625,-0.25,0.09375,-0.0625,-0.25,-0.09375,0.125,-0.25,0.09375,0.125,-0.25,-0.09375,-0.0625,0.125,0.09375,-0.0625,-0.25,0.09375,0.125,0.125,0.09375,0.125,-0.25,0.09375,0.125,0.125,-0.09375,0.125,-0.25,-0.09375,-0.0625,0.125,-0.09375,-0.0625,-0.25,-0.09375,0.078125,-0.109375,0.28125,0.078125,-0.203125,0.28125,0.078125,-0.109375,-0.46875,0.078125,-0.203125,-0.46875,-0.015625,-0.109375,-0.46875,-0.015625,-0.203125,-0.46875,-0.015625,-0.109375,0.28125,-0.015625,-0.203125,0.28125,-0.015625,-0.109375,-0.46875,-0.015625,-0.109375,0.28125,0.078125,-0.109375,-0.46875,0.078125,-0.109375,0.28125,-0.015625,-0.203125,0.28125,-0.015625,-0.203125,-0.46875,0.078125,-0.203125,0.28125,0.078125,-0.203125,-0.46875,-0.015625,-0.109375,0.28125,-0.015625,-0.203125,0.28125,0.078125,-0.109375,0.28125,0.078125,-0.203125,0.28125,0.078125,-0.109375,-0.46875,0.078125,-0.203125,-0.46875,-0.015625,-0.109375,-0.46875,-0.015625,-0.203125,-0.46875,0.109375,-0.078125,-0.46875,0.109375,-0.234375,-0.46875,0.109375,-0.078125,-0.78125,0.109375,-0.234375,-0.78125,-0.046875,-0.078125,-0.78125,-0.046875,-0.234375,-0.78125,-0.046875,-0.078125,-0.46875,-0.046875,-0.234375,-0.46875,-0.046875,-0.078125,-0.78125,-0.046875,-0.078125,-0.46875,0.109375,-0.078125,-0.78125,0.109375,-0.078125,-0.46875,-0.046875,-0.234375,-0.46875,-0.046875,-0.234375,-0.78125,0.109375,-0.234375,-0.46875,0.109375,-0.234375,-0.78125,-0.046875,-0.078125,-0.46875,-0.046875,-0.234375,-0.46875,0.109375,-0.078125,-0.46875,0.109375,-0.234375,-0.46875,0.109375,-0.078125,-0.78125,0.109375,-0.234375,-0.78125,-0.046875,-0.078125,-0.78125,-0.046875,-0.234375,-0.78125,0.03125,-0.078125,-0.40625,0.03125,0.484375,-0.40625,0.03125,0.484375,-0.71875,0.03125,-0.078125,-0.71875,0.03125,0.484375,-0.71875,0.03125,0.484375,-0.71875,0.03125,0.484375,-0.40625,0.03125,-0.078125,-0.40625,0.03125,-0.078125,-0.40625,0.03125,-0.078125,-0.71875,0.03125,0.484375,-0.40625,0.03125,0.484375,-0.40625,0.03125,-0.078125,-0.40625,0.03125,0.484375,-0.71875,0.03125,0.484375,-0.71875,0.03125,-0.078125,-0.71875,0.0625,0.125,0.09375,0.0625,-0.25,0.09375,0.0625,0.125,-0.09375,0.0625,-0.25,-0.09375,-0.125,0.125,-0.09375,-0.125,-0.25,-0.09375,-0.125,0.125,0.09375,-0.125,-0.25,0.09375,-0.125,0.125,-0.09375,-0.125,0.125,0.09375,0.0625,0.125,-0.09375,0.0625,0.125,0.09375,-0.125,-0.25,0.09375,-0.125,-0.25,-0.09375,0.0625,-0.25,0.09375,0.0625,-0.25,-0.09375,-0.125,0.125,0.09375,-0.125,-0.25,0.09375,0.0625,0.125,0.09375,0.0625,-0.25,0.09375,0.0625,0.125,-0.09375,0.0625,-0.25,-0.09375,-0.125,0.125,-0.09375,-0.125,-0.25,-0.09375],"indices":[0,1,2,1,3,2,4,5,6,5,7,6,8,9,10,9,11,10,12,13,14,13,15,14,16,17,18,17,19,18,20,21,22,21,23,22,24,25,26,25,27,26,28,29,30,29,31,30,32,33,34,33,35,34,36,37,38,37,39,38,40,41,42,41,43,42,44,45,46,45,47,46,48,49,50,49,51,50,52,53,54,53,55,54,56,57,58,57,59,58,60,61,62,61,63,62,64,65,66,65,67,66,68,69,70,69,71,70,72,73,74,72,74,74,75,76,77,75,77,77,78,75,79,78,79,75,80,81,82,80,82,81,83,84,85,83,85,86,87,88,89,87,89,89,90,91,92,90,92,92,90,93,93,90,93,94,95,96,96,95,96,92,97,98,99,97,99,100,101,102,103,102,104,103,105,106,107,106,108,107,109,110,111,110,112,111,113,114,115,114,116,115,117,118,119,118,120,119,121,122,123,122,124,123,125,126,127,126,128,127,129,130,131,130,132,131,133,134,135,134,136,135,137,138,139,138,140,139,141,142,143,142,144,143,145,146,147,146,148,147,149,150,151,150,152,151,153,154,155,154,156,155,157,158,159,158,160,159,161,162,163,162,164,163,165,166,167,166,168,167,169,170,171,170,172,171,173,174,175,173,175,176,177,178,179,177,179,179,180,181,182,180,182,182,183,184,185,183,185,185,186,187,188,186,188,188,189,190,191,190,192,191,193,194,195,194,196,195,197,198,199,198,200,199,201,202,203,202,204,203,205,206,207,206,208,207,209,210,211,210,212,211]},"optimizedModelData":{"":{"meshCount":6},"-named-nodes":{"meshCount":10},"-no-animations":{"meshCount":1}}}