{"schemaVersion":4,"source":{"uri":"models/environment/lamp.gltf","sha256":"50907741bb1a84a57d1825c46a6ad271cc4749ca4e469ba8d164f7d5c844dfa5"},"animationNames":[],"boundingBox":{"min":{"x":0.359375,"y":-6.9999694929379075e-9,"z":0.359375},"max":{"x":0.640625,"y":0.6874999930000305,"z":0.640687495470047}},"nodeNames":["cube","cube","cube","cube","cube","cube","cube","cube","cube","cube","cube","camplamp",""],"trimesh":{"vertices":[0.0000625000029685907,0.34375,0.0937187522649765,0.0000625000029685907,0.15625,0.0937187522649765,0.0000625000029685907,0.34375,-0.0937812477350235,0.0000625000029685907,0.15625,-0.0937812477350235,0,0.34375,-0.0937812477350235,0,0.15625,-0.0937812477350235,0,0.34375,0.0937187522649765,0,0.15625,0.0937187522649765,0,0.34375,-0.0937812477350235,0,0.34375,0.0937187522649765,0.0000625000029685907,0.34375,-0.0937812477350235,0.0000625000029685907,0.34375,0.0937187522649765,0,0.15625,0.0937187522649765,0,0.15625,-0.0937812477350235,0.0000625000029685907,0.15625,0.0937187522649765,0.0000625000029685907,0.15625,-0.0937812477350235,0,0.34375,0.0937187522649765,0,0.15625,0.0937187522649765,0.0000625000029685907,0.34375,0.0937187522649765,0.0000625000029685907,0.15625,0.0937187522649765,0.0000625000029685907,0.34375,-0.0937812477350235,0.0000625000029685907,0.15625,-0.0937812477350235,0,0.34375,-0.0937812477350235,0,0.15625,-0.0937812477350235,0.140625,-0.28125,0.1405937522649765,0.140625,-0.34375,0.1405937522649765,0.140625,-0.28125,-0.1406562477350235,0.140625,-0.34375,-0.1406562477350235,-0.140625,-0.28125,-0.1406562477350235,-0.140625,-0.34375,-0.1406562477350235,-0.140625,-0.28125,0.1405937522649765,-0.140625,-0.34375,0.1405937522649765,-0.140625,-0.28125,-0.1406562477350235,-0.140625,-0.28125,0.1405937522649765,0.140625,-0.28125,-0.1406562477350235,0.140625,-0.28125,0.1405937522649765,-0.140625,-0.34375,0.1405937522649765,-0.140625,-0.34375,-0.1406562477350235,0.140625,-0.34375,0.1405937522649765,0.140625,-0.34375,-0.1406562477350235,-0.140625,-0.28125,0.1405937522649765,-0.140625,-0.34375,0.1405937522649765,0.140625,-0.28125,0.1405937522649765,0.140625,-0.34375,0.1405937522649765,0.140625,-0.28125,-0.1406562477350235,0.140625,-0.34375,-0.1406562477350235,-0.140625,-0.28125,-0.1406562477350235,-0.140625,-0.34375,-0.1406562477350235,0.078125,0.0312500074505806,0.0780937522649765,0.078125,-0.28125,0.0780937522649765,0.078125,0.0312500074505806,-0.0781562477350235,0.078125,-0.28125,-0.0781562477350235,-0.078125,0.0312500074505806,-0.0781562477350235,-0.078125,-0.28125,-0.0781562477350235,-0.078125,0.0312500074505806,0.0780937522649765,-0.078125,-0.28125,0.0780937522649765,-0.078125,0.0312500074505806,-0.0781562477350235,-0.078125,0.0312500074505806,0.0780937522649765,0.078125,0.0312500074505806,-0.0781562477350235,0.078125,0.0312500074505806,0.0780937522649765,-0.078125,-0.28125,0.0780937522649765,-0.078125,-0.28125,-0.0781562477350235,0.078125,-0.28125,0.0780937522649765,0.078125,-0.28125,-0.0781562477350235,-0.078125,0.0312500074505806,0.0780937522649765,-0.078125,-0.28125,0.0780937522649765,0.078125,0.0312500074505806,0.0780937522649765,0.078125,-0.28125,0.0780937522649765,0.078125,0.0312500074505806,-0.0781562477350235,0.078125,-0.28125,-0.0781562477350235,-0.078125,0.0312500074505806,-0.0781562477350235,-0.078125,-0.28125,-0.0781562477350235,0.140625,0.09375,0.1405937522649765,0.140625,0.0312500074505806,0.1405937522649765,0.140625,0.09375,-0.1406562477350235,0.140625,0.0312500074505806,-0.1406562477350235,-0.140625,0.09375,-0.1406562477350235,-0.140625,0.0312500074505806,-0.1406562477350235,-0.140625,0.09375,0.1405937522649765,-0.140625,0.0312500074505806,0.1405937522649765,-0.140625,0.09375,-0.1406562477350235,-0.140625,0.09375,0.1405937522649765,0.140625,0.09375,-0.1406562477350235,0.140625,0.09375,0.1405937522649765,-0.140625,0.0312500074505806,0.1405937522649765,-0.140625,0.0312500074505806,-0.1406562477350235,0.140625,0.0312500074505806,0.1405937522649765,0.140625,0.0312500074505806,-0.1406562477350235,-0.140625,0.09375,0.1405937522649765,-0.140625,0.0312500074505806,0.1405937522649765,0.140625,0.09375,0.1405937522649765,0.140625,0.0312500074505806,0.1405937522649765,0.140625,0.09375,-0.1406562477350235,0.140625,0.0312500074505806,-0.1406562477350235,-0.140625,0.09375,-0.1406562477350235,-0.140625,0.0312500074505806,-0.1406562477350235,0.0625,0.15625,0.0624687522649765,0.0625,0.09375,0.0624687522649765,0.0625,0.15625,-0.0625312477350235,0.0625,0.09375,-0.0625312477350235,-0.0625,0.15625,-0.0625312477350235,-0.0625,0.09375,-0.0625312477350235,-0.0625,0.15625,0.0624687522649765,-0.0625,0.09375,0.0624687522649765,-0.0625,0.15625,-0.0625312477350235,-0.0625,0.15625,0.0624687522649765,0.0625,0.15625,-0.0625312477350235,0.0625,0.15625,0.0624687522649765,-0.0625,0.09375,0.0624687522649765,-0.0625,0.09375,-0.0625312477350235,0.0625,0.09375,0.0624687522649765,0.0625,0.09375,-0.0625312477350235,-0.0625,0.15625,0.0624687522649765,-0.0625,0.09375,0.0624687522649765,0.0625,0.15625,0.0624687522649765,0.0625,0.09375,0.0624687522649765,0.0625,0.15625,-0.0625312477350235,0.0625,0.09375,-0.0625312477350235,-0.0625,0.15625,-0.0625312477350235,-0.0625,0.09375,-0.0625312477350235,-0.0936874970793724,0.0312500074505806,0.0937187522649765,-0.0936874970793724,-0.28125,0.0937187522649765,-0.0936874970793724,0.0312500074505806,-0.0937812477350235,-0.0936874970793724,-0.28125,-0.0937812477350235,-0.09375,0.0312500074505806,-0.0937812477350235,-0.09375,-0.28125,-0.0937812477350235,-0.09375,0.0312500074505806,0.0937187522649765,-0.09375,-0.28125,0.0937187522649765,-0.09375,0.0312500074505806,-0.0937812477350235,-0.09375,0.0312500074505806,0.0937187522649765,-0.0936874970793724,0.0312500074505806,-0.0937812477350235,-0.0936874970793724,0.0312500074505806,0.0937187522649765,-0.09375,-0.28125,0.0937187522649765,-0.09375,-0.28125,-0.0937812477350235,-0.0936874970793724,-0.28125,0.0937187522649765,-0.0936874970793724,-0.28125,-0.0937812477350235,-0.09375,0.0312500074505806,0.0937187522649765,-0.09375,-0.28125,0.0937187522649765,-0.0936874970793724,0.0312500074505806,0.0937187522649765,-0.0936874970793724,-0.28125,0.0937187522649765,-0.0936874970793724,0.0312500074505806,-0.0937812477350235,-0.0936874970793724,-0.28125,-0.0937812477350235,-0.09375,0.0312500074505806,-0.0937812477350235,-0.09375,-0.28125,-0.0937812477350235,0.09375,0.0312500074505806,-0.0937187448143959,0.09375,-0.28125,-0.0937187448143959,0.09375,0.0312500074505806,-0.0937812477350235,0.09375,-0.28125,-0.0937812477350235,-0.09375,0.0312500074505806,-0.0937812477350235,-0.09375,-0.28125,-0.0937812477350235,-0.09375,0.0312500074505806,-0.0937187448143959,-0.09375,-0.28125,-0.0937187448143959,-0.09375,0.0312500074505806,-0.0937812477350235,-0.09375,0.0312500074505806,-0.0937187448143959,0.09375,0.0312500074505806,-0.0937812477350235,0.09375,0.0312500074505806,-0.0937187448143959,-0.09375,-0.28125,-0.0937187448143959,-0.09375,-0.28125,-0.0937812477350235,0.09375,-0.28125,-0.0937187448143959,0.09375,-0.28125,-0.0937812477350235,-0.09375,0.0312500074505806,-0.0937187448143959,-0.09375,-0.28125,-0.0937187448143959,0.09375,0.0312500074505806,-0.0937187448143959,0.09375,-0.28125,-0.0937187448143959,0.09375,0.0312500074505806,-0.0937812477350235,0.09375,-0.28125,-0.0937812477350235,-0.09375,0.0312500074505806,-0.0937812477350235,-0.09375,-0.28125,-0.0937812477350235,0.09375,0.0312500074505806,0.0937812551856041,0.09375,-0.28125,0.0937812551856041,0.09375,0.0312500074505806,0.0937187522649765,0.09375,-0.28125,0.0937187522649765,-0.09375,0.0312500074505806,0.0937187522649765,-0.09375,-0.28125,0.0937187522649765,-0.09375,0.0312500074505806,0.0937812551856041,-0.09375,-0.28125,0.0937812551856041,-0.09375,0.0312500074505806,0.0937187522649765,-0.09375,0.0312500074505806,0.0937812551856041,0.09375,0.0312500074505806,0.0937187522649765,0.09375,0.0312500074505806,0.0937812551856041,-0.09375,-0.28125,0.0937812551856041,-0.09375,-0.28125,0.0937187522649765,0.09375,-0.28125,0.0937812551856041,0.09375,