{"schemaVersion":4,"source":{"uri":"models/players/hair/hair-0003.gltf","sha256":"e1bec94c7d475dfa7660318cb53aa43d6418e46adc6c8955a892fda6bf7c5f1f"},"animationNames":[],"boundingBox":{"min":{"x":-0.2067187523841858,"y":1.027656250745058,"z":-0.20671875},"max":{"x":0.20671874821186065,"y":1.441093747615814,"z":0.20671875059604644}},"nodeNames":["hair-0003-geo","head-anchor"],"trimesh":{"vertices":[0.20671874284744263,-0.20671874284744263,-0.20671874284744263,0.20671874284744263,0.20671874284744263,-0.20671874284744263,0.20671874284744263,0.20671874284744263,0.20671874284744263,0.20671874284744263,-0.20671874284744263,0.20671874284744263,-0.20671874284744263,-0.20671874284744263,0.20671874284744263,-0.20671874284744263,0.20671874284744263,0.20671874284744263,-0.20671874284744263,0.20671874284744263,-0.20671874284744263,-0.20671874284744263,-0.20671874284744263,-0.20671874284744263,0.20671874284744263,0.20671874284744263,0.20671874284744263,0.20671874284744263,0.20671874284744263,-0.20671874284744263,-0.20671874284744263,0.20671874284744263,-0.20671874284744263,-0.20671874284744263,0.20671874284744263,0.20671874284744263,0.20671874284744263,-0.20671874284744263,-0.20671874284744263,0.20671874284744263,-0.20671874284744263,0.20671874284744263,-0.20671874284744263,-0.20671874284744263,0.20671874284744263,-0.20671874284744263,-0.20671874284744263,-0.20671874284744263,0.20671874284744263,-0.20671874284744263,0.20671874284744263,0.20671874284744263,0.20671874284744263,0.20671874284744263,-0.20671874284744263,0.20671874284744263,0.20671874284744263,-0.20671874284744263,-0.20671874284744263,0.20671874284744263,-0.20671874284744263,-0.20671874284744263,-0.20671874284744263,-0.20671874284744263,0.20671874284744263,-0.20671874284744263,0.20671874284744263,0.20671874284744263,-0.20671874284744263,0.20671874284744263,-0.20671874284744263,-0.20671874284744263],"indices":[0,1,2,0,2,3,4,5,6,4,6,7,8,9,10,8,10,11,12,13,14,12,14,15,16,17,18,16,18,19,20,21,22,20,22,23]},"optimizedModelData":{"":{"meshCount":1},"-named-nodes":{"meshCount":1},"-no-animations":{"meshCount":1}}}