{"schemaVersion":4,"source":{"uri":"models/environment/Space/medium-asteroid.gltf","sha256":"3f7ea07e53b7f602d2b59006a0eb3f8b8ae4becaa28b8e6dc7bb7ed2a795a4af"},"animationNames":[],"boundingBox":{"min":{"x":-0.421875,"y":0,"z":-0.421875},"max":{"x":0.609375,"y":0.84375,"z":0.640625}},"nodeNames":["cube","cube","medium_asteroid"],"trimesh":{"vertices":[0.328125,0.421875,0.3125,0.328125,-0.421875,0.3125,0.328125,0.421875,-0.53125,0.328125,-0.421875,-0.53125,-0.515625,0.421875,-0.53125,-0.515625,-0.421875,-0.53125,-0.515625,0.421875,0.3125,-0.515625,-0.421875,0.3125,-0.515625,0.421875,-0.53125,-0.515625,0.421875,0.3125,0.328125,0.421875,-0.53125,0.328125,0.421875,0.3125,-0.515625,-0.421875,0.3125,-0.515625,-0.421875,-0.53125,0.328125,-0.421875,0.3125,0.328125,-0.421875,-0.53125,-0.515625,0.421875,0.3125,-0.515625,-0.421875,0.3125,0.328125,0.421875,0.3125,0.328125,-0.421875,0.3125,0.328125,0.421875,-0.53125,0.328125,-0.421875,-0.53125,-0.515625,0.421875,-0.53125,-0.515625,-0.421875,-0.53125,0.515625,0.171875,0.53125,0.515625,-0.390625,0.53125,0.515625,0.171875,-0.03125,0.515625,-0.390625,-0.03125,-0.046875,0.171875,-0.03125,-0.046875,-0.390625,-0.03125,-0.046875,0.171875,0.53125,-0.046875,-0.390625,0.53125,-0.046875,0.171875,-0.03125,-0.046875,0.171875,0.53125,0.515625,0.171875,-0.03125,0.515625,0.171875,0.53125,-0.046875,-0.390625,0.53125,-0.046875,-0.390625,-0.03125,0.515625,-0.390625,0.53125,0.515625,-0.390625,-0.03125,-0.046875,0.171875,0.53125,-0.046875,-0.390625,0.53125,0.515625,0.171875,0.53125,0.515625,-0.390625,0.53125,0.515625,0.171875,-0.03125,0.515625,-0.390625,-0.03125,-0.046875,0.171875,-0.03125,-0.046875,-0.390625,-0.03125],"indices":[0,1,2,1,3,2,4,5,6,5,7,6,8,9,10,9,11,10,12,13,14,13,15,14,16,17,18,17,19,18,20,21,22,21,23,22,24,25,26,25,27,26,28,29,30,29,31,30,32,33,34,33,35,34,36,37,38,37,39,38,40,41,42,41,43,42,44,45,46,45,47,46]},"optimizedModelData":{"":{"meshCount":1},"-named-nodes":{"meshCount":2},"-no-animations":{"meshCount":1}}}