{"schemaVersion":4,"source":{"uri":"models/players/hair/hair-0004.gltf","sha256":"dcdafa76aa00f2f93b6a49e1392cab29078617efaa8264f1423a9bce900f9b4c"},"animationNames":[],"boundingBox":{"min":{"x":-0.22203124523162843,"y":1.0123437467217444,"z":-0.22203124284744263},"max":{"x":0.22203124850988387,"y":1.4564062404632567,"z":0.22203124344348907}},"nodeNames":["hair-0004-geo","hair-0004-extra-geo","hair-extra","head-anchor"],"trimesh":{"vertices":[0.20671874284744263,-0.20671874284744263,-0.20671874284744263,0.20671874284744263,0.20671875774860382,-0.20671874284744263,0.20671874284744263,0.20671875774860382,0.20671874284744263,0.20671874284744263,-0.20671874284744263,0.20671874284744263,-0.20671875774860382,-0.20671874284744263,0.20671874284744263,-0.20671875774860382,0.20671875774860382,0.20671874284744263,-0.20671875774860382,0.20671875774860382,-0.20671874284744263,-0.20671875774860382,-0.20671874284744263,-0.20671874284744263,0.20671874284744263,0.20671875774860382,0.20671874284744263,0.20671874284744263,0.20671875774860382,-0.20671874284744263,-0.20671875774860382,0.20671875774860382,-0.20671874284744263,-0.20671875774860382,0.20671875774860382,0.20671874284744263,0.20671874284744263,-0.20671874284744263,-0.20671874284744263,0.20671874284744263,-0.20671874284744263,0.20671874284744263,-0.20671875774860382,-0.20671874284744263,0.20671874284744263,-0.20671875774860382,-0.20671874284744263,-0.20671874284744263,0.20671874284744263,-0.20671874284744263,0.20671874284744263,0.20671874284744263,0.20671875774860382,0.20671874284744263,-0.20671875774860382,0.20671875774860382,0.20671874284744263,-0.20671875774860382,-0.20671874284744263,0.20671874284744263,-0.20671875774860382,-0.20671874284744263,-0.20671874284744263,-0.20671875774860382,0.20671875774860382,-0.20671874284744263,0.20671874284744263,0.20671875774860382,-0.20671874284744263,0.20671874284744263,-0.20671874284744263,-0.20671874284744263,0.22203125059604645,-0.22203125059604645,-0.22203123569488525,0.22203125059604645,0.22203125059604645,-0.22203123569488525,0.22203125059604645,0.22203125059604645,0.22203123569488525,0.22203125059604645,-0.22203125059604645,0.22203123569488525,-0.22203125059604645,-0.22203125059604645,0.22203123569488525,-0.22203125059604645,0.22203125059604645,0.22203123569488525,-0.22203125059604645,0.22203125059604645,-0.22203123569488525,-0.22203125059604645,-0.22203125059604645,-0.22203123569488525,0.22203125059604645,0.22203125059604645,0.22203123569488525,0.22203125059604645,0.22203125059604645,-0.22203123569488525,-0.22203125059604645,0.22203125059604645,-0.22203123569488525,-0.22203125059604645,0.22203125059604645,0.22203123569488525,0.22203125059604645,-0.22203125059604645,-0.22203123569488525,0.22203125059604645,-0.22203125059604645,0.22203123569488525,-0.22203125059604645,-0.22203125059604645,0.22203123569488525,-0.22203125059604645,-0.22203125059604645,-0.22203123569488525,0.22203125059604645,-0.22203125059604645,0.22203123569488525,0.22203125059604645,0.22203125059604645,0.22203123569488525,-0.22203125059604645,0.22203125059604645,0.22203123569488525,-0.22203125059604645,-0.22203125059604645,0.22203123569488525,-0.22203125059604645,-0.22203125059604645,-0.22203123569488525,-0.22203125059604645,0.22203125059604645,-0.22203123569488525,0.22203125059604645,0.22203125059604645,-0.22203123569488525,0.22203125059604645,-0.22203125059604645,-0.22203123569488525],"indices":[0,1,2,0,2,3,4,5,6,4,6,7,8,9,10,8,10,11,12,13,14,12,14,15,16,17,18,16,18,19,20,21,22,20,22,23,24,25,26,24,26,27,28,29,30,28,30,31,32,33,34,32,34,35,36,37,38,36,38,39,40,41,42,40,42,43,44,45,46,44,46,47]},"optimizedModelData":{"":{"meshCount":1},"-named-nodes":{"meshCount":2},"-no-animations":{"meshCount":1}}}