{"schemaVersion":4,"source":{"uri":"models/pets/epic/cyclops.gltf","sha256":"c67343918f6dfa314e14556b1564fc395e598c3cd32efafe2d7db7eaedd062c5"},"animationNames":["idle"],"boundingBox":{"min":{"x":-0.528125,"y":0,"z":-0.3140625},"max":{"x":0.528125,"y":0.75,"z":0.3125}},"nodeNames":["cube","cube","cube","left_ear","cube","left_leg","cube","right_leg","cube","eye","cube","cube","right_ear","cube","left_arm","cube","right_arm","head","cube-pet"],"trimesh":{"vertices":[0.3125,0.625,0.3125,0.3125,0,0.3125,0.3125,0.625,-0.3125,0.3125,0,-0.3125,-0.3125,0.625,-0.3125,-0.3125,0,-0.3125,-0.3125,0.625,0.3125,-0.3125,0,0.3125,-0.3125,0.625,-0.3125,-0.3125,0.625,0.3125,0.3125,0.625,-0.3125,0.3125,0.625,0.3125,-0.3125,0,0.3125,-0.3125,0,-0.3125,0.3125,0,0.3125,0.3125,0,-0.3125,-0.3125,0.625,0.3125,-0.3125,0,0.3125,0.3125,0.625,0.3125,0.3125,0,0.3125,0.3125,0.625,-0.3125,0.3125,0,-0.3125,-0.3125,0.625,-0.3125,-0.3125,0,-0.3125,5.551115123125783e-17,0.0625,0.03125,5.551115123125783e-17,-0.1875,0.03125,5.551115123125783e-17,0.0625,-0.03125,5.551115123125783e-17,-0.1875,-0.03125,-0.25,0.0625,-0.03125,-0.25,-0.1875,-0.03125,-0.25,0.0625,0.03125,-0.25,-0.1875,0.03125,-0.25,0.0625,-0.03125,-0.25,0.0625,0.03125,5.551115123125783e-17,0.0625,-0.03125,5.551115123125783e-17,0.0625,0.03125,-0.25,-0.1875,0.03125,-0.25,-0.1875,-0.03125,5.551115123125783e-17,-0.1875,0.03125,5.551115123125783e-17,-0.1875,-0.03125,-0.25,0.0625,0.03125,-0.25,-0.1875,0.03125,5.551115123125783e-17,0.0625,0.03125,5.551115123125783e-17,-0.1875,0.03125,5.551115123125783e-17,0.0625,-0.03125,5.551115123125783e-17,-0.1875,-0.03125,-0.25,0.0625,-0.03125,-0.25,-0.1875,-0.03125,0.074599489569664,-0.053046729415655136,0.02968749962747097,-0.019875479862093925,-0.28112947940826416,0.02968749962747097,0.074599489569664,-0.053046729415655136,-0.02968749962747097,-0.019875479862093925,-0.28112947940826416,-0.02968749962747097,-0.15348327159881592,0.04142824187874794,-0.02968749962747097,-0.247958242893219,-0.18665452301502228,-0.02968749962747097,-0.15348327159881592,0.04142824187874794,0.02968749962747097,-0.247958242893219,-0.18665452301502228,0.02968749962747097,-0.15348327159881592,0.04142824187874794,-0.02968749962747097,-0.15348327159881592,0.04142824187874794,0.02968749962747097,0.074599489569664,-0.053046729415655136,-0.02968749962747097,0.074599489569664,-0.053046729415655136,0.02968749962747097,-0.247958242893219,-0.18665452301502228,0.02968749962747097,-0.247958242893219,-0.18665452301502228,-0.02968749962747097,-0.019875479862093925,-0.28112947940826416,0.02968749962747097,-0.019875479862093925,-0.28112947940826416,-0.02968749962747097,-0.15348327159881592,0.04142824187874794,0.02968749962747097,-0.247958242893219,-0.18665452301502228,0.02968749962747097,0.074599489569664,-0.053046729415655136,0.02968749962747097,-0.019875479862093925,-0.28112947940826416,0.02968749962747097,0.074599489569664,-0.053046729415655136,-0.02968749962747097,-0.019875479862093925,-0.28112947940826416,-0.02968749962747097,-0.15348327159881592,0.04142824187874794,-0.02968749962747097,-0.247958242893219,-0.18665452301502228,-0.02968749962747097,0.125,0.125,0.0625,0.125,0,0.0625,0.125,0.125,-0.125,0.125,0,-0.125,-0.0625,0.125,-0.125,-0.0625,0,-0.125,-0.0625,0.125,0.0625,-0.0625,0,0.0625,-0.0625,0.125,-0.125,-0.0625,0.125,0.0625,0.125,0.125,-0.125,0.125,0.125,0.0625,-0.0625,0,0.0625,-0.0625,0,-0.125,0.125,0,0.0625,0.125,0,-0.125,-0.0625,0.125,0.0625,-0.0625,0,0.0625,0.125,0.125,0.0625,0.125,0,0.0625,0.125,0.125,-0.125,0.125,0,-0.125,-0.0625,0.125,-0.125,-0.0625,0,-0.125,0.0625,0.125,0.0625,0.0625,0,0.0625,0.0625,0.125,-0.125,0.0625,0,-0.125,-0.125,0.125,-0.125,-0.125,0,-0.125,-0.125,0.125,0.0625,-0.125,0,0.0625,-0.125,0.125,-0.125,-0.125,0.125,0.0625,0.0625,0.125,-0.125,0.0625,0.125,0.0625,-0.125,0,0.0625,-0.125,0,-0.125,0.0625,0,0.0625,0.0625,0,-0.125,-0.125,0.125,0.0625,-0.125,0,0.0625,0.0625,0.125,0.0625,0.0625,0,0.0625,0.0625,0.125,-0.125,0.0625,0,-0.125,-0.125,0.125,-0.125,-0.125,0,-0.125,0,0.59375,-0.3125,0,0.59375,-0.3125,0,0.25,-0.3125,-0.34375,0.59375,-0.3125,-0.34375,0.59375,-0.3125,-0.34375,0.25,-0.3125,0,0.59375,-0.3125,0,0.59375,-0.3125,0,0.25,-0.3125,-0.34375,0.25,-0.3125,0,0.25,-0.3125,-0.34375,0.25,-0.3125,-0.34375,0.59375,-0.3125,0,0.59375,-0.3125,0,0.25,-0.3125,0.25,0.0625,0.03125,0.25,-0.1875,0.03125,0.25,0.0625,-0.03125,0.25,-0.1875,-0.03125,-5.551115123125783e-17,0.0625,-0.03125,-5.551115123125783e-17,-0.1875,-0.03125,-5.551115123125783e-17,0.0625,0.03125,-5.551115123125783e-17,-0.1875,0.03125,-5.551115123125783e-17,0.0625,-0.03125,-5.551115123125783e-17,0.0625,0.03125,0.25,0.0625,-0.03125,0.25,0.0625,0.03125,-5.551115123125783e-17,-0.1875,0.03125,-5.551115123125783e-17,-0.1875,-0.03125,0.25,-0.1875,0.03125,0.25,-0.1875,-0.03125,-5.551115123125783e-17,0.0625,0.03125,-5.551115123125783e-17,-0.1875,0.03125,0.25,0.0625,0.03125,0.25,-0.1875,0.03125,0.25,0.0625,-0.03125,0.25,-0.1875,-0.03125,-5.551115123125783e-17,0.0625,-0.03125,-5.551115123125783e-17,-0.1875,-0.03125,0.15348327159881592,0.04142824187874794,0.02968749962747097,0.247958242893219,-0.18665452301502228,0.02968749962747097,0.15348327159881592,0.04142824187874794,-0.02968749962747097,0.247958242893219,-0.18665452301502228,-0.02968749962747097,-0.074599489569664,-0.053046729415655136,-0.02968749962747097,0.019875479862093925,-0.28112947940826416,-0.02968749962747097,-0.074599489569664,-0.053046729415655136,0.02968749962747097,0.019875479862093925,-0.28112947940826416,0.02968749962747097,-0.074599489569664,-0.053046729415655136,-0.02968749962747097,-0.074599489569664,-0.053046729415655136,0.02968749962747097,0.15348327159881592,0.04142824187874794,-0.02968749962747097,0.15348327159881592,0.04142824187874794,0.02968749962747097,0.019875479862093925,-0.28112947940826416,0.02968749962747097,0.019875479862093925,-0.28112947940826416,-0.02968749962747097,0.247958242893219,-0.18665452301502228,0.02968749962747097,0.247958242893219,-0.18665452301502228,-0.02968749962747097,-0.074599489569664,-0.053046729415655136,0.02968749962747097,0.019875479862093925,-0.28112947940826416,0.02968749962747097,0.15348327159881592,0.04142824187874794,0.02968749962747097,0.247958242893219,-0.18665452301502228,0.02968749962747097,0.15348327159881592,0.04142824187874794,-0.02968749962747097,0.247958242893219,-0.18665452301502228,-0.02968749962747097,-0.074599489569664,-0.053046729415655136,-0.02968749962747097,0.019875479862093925,-0.28112947940826416,-0.02968749962747097,0.125,0.125,0.0625,0.125,0,0.0625,0.125,0.125,-0.125,0.125,0,-0.125,-0.0625,0.125,-0.125,-0.0625,0,-0.125,-0.0625,0.125,0.0625,-0.0625,0,0.0625,-0.0625,0.125,-0.125,-0.0625,0.125,0.0625,0.125,0.125,-0.125,0.125,0.125,0.0625,-0.0625,0,0.0625,-0.0625,0,-0.125,0.125,0,0.0625,0.125,0,-0.125,-0.0625,0.125,0.0625,-0.0625,0,0.0625,0.125,0.125,0.0625,0.125,0,0.0625,0.125,0.125,-0.125,0.125,0,-0.125,-0.0625,0.125,-0.125,-0.0625,0,-0.125,0.0625,0.125,0.0625,0.0625,0,0.0625,0.0625,0.125,-0.125,0.0625,0,-0.125,-0.125,0.125,-0.125,-0.125,0,-0.125,-0.125,0.125,0.0625,-0.125,0,0.0625,-0.125,0.125,-0.125,-0.125,0.125,0.0625,0.0625,0.125,-0.125,0.0625,0.125,0.0625,-0.125,0,0.0625,-0.125,0,-0.125,0.0625,0,0.0625,0.0625,0,-0.125,-0.125,0.125,0.0625,-0.125,0,0.0625,0.0625,0.125,0.0625,0.0625,0,0.0625,0.0625,0.125,-0.125,0.0625,0,-0.125,-0.125,0.125,-0.125,-0.125,0,-0.125],