{"schemaVersion":4,"source":{"uri":"models/weapons/iron-long-sword.gltf","sha256":"0292579ee9de3c224e1351a4c60f680e84d4baf3cb0fadfcc3875056f02b8408"},"animationNames":[],"boundingBox":{"min":{"x":0.11047164161544273,"y":-0.7419575214724776,"z":0.40625},"max":{"x":0.8895283583845573,"y":1.7490577608160496,"z":0.59375}},"nodeNames":["cube","cube","cube","cube","cube","cube","cube","root",""],"trimesh":{"vertices":[0.0620262511074543,-0.34730011224746704,0.0625,0.0620262511074543,-1.0973001718521118,0.0625,0.0620262511074543,-0.34730011224746704,-0.0625,0.0620262511074543,-1.0973001718521118,-0.0625,-0.062973752617836,-0.34730011224746704,-0.0625,-0.062973752617836,-1.0973001718521118,-0.0625,-0.062973752617836,-0.34730011224746704,0.0625,-0.062973752617836,-1.0973001718521118,0.0625,-0.062973752617836,-0.34730011224746704,-0.0625,-0.062973752617836,-0.34730011224746704,0.0625,0.0620262511074543,-0.34730011224746704,-0.0625,0.0620262511074543,-0.34730011224746704,0.0625,-0.062973752617836,-1.0973001718521118,0.0625,-0.062973752617836,-1.0973001718521118,-0.0625,0.0620262511074543,-1.0973001718521118,0.0625,0.0620262511074543,-1.0973001718521118,-0.0625,-0.062973752617836,-0.34730011224746704,0.0625,-0.062973752617836,-1.0973001718521118,0.0625,0.0620262511074543,-0.34730011224746704,0.0625,0.0620262511074543,-1.0973001718521118,0.0625,0.0620262511074543,-0.34730011224746704,-0.0625,0.0620262511074543,-1.0973001718521118,-0.0625,-0.062973752617836,-0.34730011224746704,-0.0625,-0.062973752617836,-1.0973001718521118,-0.0625,-0.00047374999849125743,-0.9803426265716553,0.09375,0.13210876286029816,-1.1129251718521118,0.09375,-0.00047374999849125743,-0.9803426265716553,-0.09375,0.13210876286029816,-1.1129251718521118,-0.09375,-0.13305626809597015,-1.1129251718521118,-0.09375,-0.00047374999849125743,-1.2455075979232788,-0.09375,-0.13305626809597015,-1.1129251718521118,0.09375,-0.00047374999849125743,-1.2455075979232788,0.09375,-0.13305626809597015,-1.1129251718521118,-0.09375,-0.13305626809597015,-1.1129251718521118,0.09375,-0.00047374999849125743,-0.9803426265716553,-0.09375,-0.00047374999849125743,-0.9803426265716553,0.09375,-0.00047374999849125743,-1.2455075979232788,0.09375,-0.00047374999849125743,-1.2455075979232788,-0.09375,0.13210876286029816,-1.1129251718521118,0.09375,0.13210876286029816,-1.1129251718521118,-0.09375,-0.13305626809597015,-1.1129251718521118,0.09375,-0.00047374999849125743,-1.2455075979232788,0.09375,-0.00047374999849125743,-0.9803426265716553,0.09375,0.13210876286029816,-1.1129251718521118,0.09375,-0.00047374999849125743,-0.9803426265716553,-0.09375,0.13210876286029816,-1.1129251718521118,-0.09375,-0.13305626809597015,-1.1129251718521118,-0.09375,-0.00047374999849125743,-1.2455075979232788,-0.09375,0.218276247382164,-0.22230011224746704,0.0625,0.218276247382164,-0.34730011224746704,0.0625,0.218276247382164,-0.22230011224746704,-0.0625,0.218276247382164,-0.34730011224746704,-0.0625,-0.219223752617836,-0.22230011224746704,-0.0625,-0.219223752617836,-0.34730011224746704,-0.0625,-0.219223752617836,-0.22230011224746704,0.0625,-0.219223752617836,-0.34730011224746704,0.0625,-0.219223752617836,-0.22230011224746704,-0.0625,-0.219223752617836,-0.22230011224746704,0.0625,0.218276247382164,-0.22230011224746704,-0.0625,0.218276247382164,-0.22230011224746704,0.0625,-0.219223752617836,-0.34730011224746704,0.0625,-0.219223752617836,-0.34730011224746704,-0.0625,0.218276247382164,-0.34730011224746704,0.0625,0.218276247382164,-0.34730011224746704,-0.0625,-0.219223752617836,-0.22230011224746704,0.0625,-0.219223752617836,-0.34730011224746704,0.0625,0.218276247382164,-0.22230011224746704,0.0625,0.218276247382164,-0.34730011224746704,0.0625,0.218276247382164,-0.22230011224746704,-0.0625,0.218276247382164,-0.34730011224746704,-0.0625,-0.219223752617836,-0.22230011224746704,-0.0625,-0.219223752617836,-0.34730011224746704,-0.0625,-0.12436331808567047,-0.25377219915390015,0.000062502920627594,-0.21275167167186737,-0.34216052293777466,0.000062502920627594,-0.12436331808567047,-0.25377219915390015,0,-0.21275167167186737,-0.34216052293777466,0,-0.3011400103569031,-0.07699549943208694,0,-0.3895283341407776,-0.16538387537002563,0,-0.3011400103569031,-0.07699549943208694,0.000062502920627594,-0.3895283341407776,-0.16538387537002563,0.000062502920627594,-0.3011400103569031,-0.07699549943208694,0,-0.3011400103569031,-0.07699549943208694,0.000062502920627594,-0.12436331808567047,-0.25377219915390015,0,-0.12436331808567047,-0.25377219915390015,0.000062502920627594,-0.3895283341407776,-0.16538387537002563,0.000062502920627594,-0.3895283341407776,-0.16538387537002563,0,-0.21275167167186737,-0.34216052293777466,0.000062502920627594,-0.21275167167186737,-0.34216052293777466,0,-0.3011400103569031,-0.07699549943208694,0.000062502920627594,-0.3895283341407776,-0.16538387537002563,0.000062502920627594,-0.12436331808567047,-0.25377219915390015,0.000062502920627594,-0.21275167167186737,-0.34216052293777466,0.000062502920627594,-0.12436331808567047,-0.25377219915390015,0,-0.21275167167186737,-0.34216052293777466,0,-0.3011400103569031,-0.07699549943208694,0,-0.3895283341407776,-0.16538387537002563,0,0.3011400103569031,-0.07699549943208694,0.000062502920627594,0.3895283639431,-0.16538387537002563,0.000062502920627594,0.3011400103569031,-0.07699549943208694,0,0.3895283639431,-0.16538387537002563,0,0.12436331808567047,-0.25377219915390015,0,0.21275167167186737,-0.34216052293777466,0,0.12436331808567047,-0.25377219915390015,0.000062502920627594,0.21275167167186737,-0.34216052293777466,0.000062502920627594,0.12436331808567047,-0.25377219915390015,0,0.12436331808567047,-0.25377219915390015,0.000062502920627594,0.3011400103569031,-0.07699549943208694,0,0.3011400103569031,-0.07699549943208694,0.000062502920627594,0.21275167167186737,-0.34216052293777466,0.000062502920627594,0.21275167167186737,-0.34216052293777466,0,0.3895283639431,-0.16538387537002563,0.000062502920627594,0.3895283639431,-0.16538387537002563,0,0.12436331808567047,-0.25377219915390015,0.000062502920627594,0.21275167167186737,-0.34216052293777466,0.000062502920627594,0.3011400103569031,-0.07699549943208694,0.000062502920627594,0.3895283639431,-0.16538387537002563,0.000062502920627594,0.3011400103569031,-0.07699549943208694,0,0.3895283639431,-0.16538387537002563,0,0.12436331808567047,-0.25377219915390015,0,0.21275167167186737,-0.34216052293777466,0,0.093276247382164,1.1526998281478882,0.03125,0.093276247382164,-0.22230011224746704,0.03125,0.093276247382164,1.1526998281478882,-0.03125,0.093276247382164,-0.22230011224746704,-0.03125,-0.094223752617836,1.1526998281478882,-0.03125,-0.094223752617836,-0.22230011224746704,-0.03125,-0.094223752617836,1.1526998281478882,0.03125,-0.094223752617836,-0.22230011224746704,0.03125,-0.094223752617836,1.1526998281478882,-0.03125,-0.094223752617836,1.1526998281478882,0.03125,0.093276247382164,1.1526998281478882,-0.03125,0.093276247382164,1.1526998281478882,0.03125,-0.094223752617836,-0.22230011224746704,0.03125,-0.094223752617836,-0.22230011224746704,-0.03125,0.093276247382164,-0.22230011224746704,0.03125,0.093276247382164,-0.22230011224746704,-0.03125,-0.094223752617836,1.1526998281478882,0.03125,-0.094223752617836,-0.22230011224746704,0.03125,0.093276247382164,1.1526998281478882,0.03125,0.093276247382164,-0.22230011224746704,0.03125,0.093276247382164,1.1526998281478882,-0.03125,0.093276247382164,-0.22230011224746704,-0.03125,-0.094223752617836,1.1526998281478882,-0.03125,-0.094223752617836,-0.22230011224746704,-0.03125,-0.00047374999849125743,1.2455075979232788,0.030625000596046448,0.09233400225639343,1.1526998281478882,0.030625000596046448,-0.00047374999849125743,1.2455075979232788,-0.030625000596046448,0.09233400225639343,1.1526998281478882,-0.030625000596046448,-0.09328150749206543,1.1526998281478882,-0.030625000596046448,-0.00047374999849125743,1.0598920583724976,-0.030625000596046448,-0.09328150749206543,1.1526998281478882,0.030625000596046448,-0.00047374999849125743,