{"schemaVersion":4,"source":{"uri":"models/pets/uncommon/hedgehog.gltf","sha256":"4958f15415d8091f2548167efce2b338597266c2b9ee529ac62e6697090544e9"},"animationNames":["idle"],"boundingBox":{"min":{"x":-0.375,"y":0,"z":-0.4375},"max":{"x":0.375,"y":0.8125,"z":0.3125}},"nodeNames":["cube","cube","cube","cube","cube","cube","cube","left_arm","cube","right_arm","cube","left_leg","cube","right_leg","cube","left_eye","cube","right_eye","head","cube-pet"],"trimesh":{"vertices":[0.3125,0.625,0.3125,0.3125,0,0.3125,0.3125,0.625,-0.3125,0.3125,0,-0.3125,-0.3125,0.625,-0.3125,-0.3125,0,-0.3125,-0.3125,0.625,0.3125,-0.3125,0,0.3125,-0.3125,0.625,-0.3125,-0.3125,0.625,0.3125,0.3125,0.625,-0.3125,0.3125,0.625,0.3125,-0.3125,0,0.3125,-0.3125,0,-0.3125,0.3125,0,0.3125,0.3125,0,-0.3125,-0.3125,0.625,0.3125,-0.3125,0,0.3125,0.3125,0.625,0.3125,0.3125,0,0.3125,0.3125,0.625,-0.3125,0.3125,0,-0.3125,-0.3125,0.625,-0.3125,-0.3125,0,-0.3125,0.15625,0.3125,-0.3125,0.15625,0.125,-0.3125,0.15625,0.3125,-0.4375,0.15625,0.125,-0.4375,-0.15625,0.3125,-0.4375,-0.15625,0.125,-0.4375,-0.15625,0.3125,-0.3125,-0.15625,0.125,-0.3125,-0.15625,0.3125,-0.4375,-0.15625,0.3125,-0.3125,0.15625,0.3125,-0.4375,0.15625,0.3125,-0.3125,-0.15625,0.125,-0.3125,-0.15625,0.125,-0.4375,0.15625,0.125,-0.3125,0.15625,0.125,-0.4375,-0.15625,0.3125,-0.3125,-0.15625,0.125,-0.3125,0.15625,0.3125,-0.3125,0.15625,0.125,-0.3125,0.15625,0.3125,-0.4375,0.15625,0.125,-0.4375,-0.15625,0.3125,-0.4375,-0.15625,0.125,-0.4375,0.375,0.6875,-0.09375,0.375,0.6875,-0.09375,0.375,0,-0.09375,-0.375,0.6875,-0.09375,-0.375,0.6875,-0.09375,-0.375,0,-0.09375,0.375,0.6875,-0.09375,-0.375,0.6875,-0.09375,0.375,0.6875,-0.09375,0.375,0,-0.09375,-0.375,0,-0.09375,0.375,0,-0.09375,-0.375,0,-0.09375,-0.375,0.6875,-0.09375,0.375,0.6875,-0.09375,0.375,0,-0.09375,0.375,0.6875,-0.25,0.375,0.6875,-0.25,0.375,0,-0.25,-0.375,0.6875,-0.25,-0.375,0.6875,-0.25,-0.375,0,-0.25,0.375,0.6875,-0.25,-0.375,0.6875,-0.25,0.375,0.6875,-0.25,0.375,0,-0.25,-0.375,0,-0.25,0.375,0,-0.25,-0.375,0,-0.25,-0.375,0.6875,-0.25,0.375,0.6875,-0.25,0.375,0,-0.25,0.375,0.6875,0.25,0.375,0.6875,0.25,0.375,0,0.25,-0.375,0.6875,0.25,-0.375,0.6875,0.25,-0.375,0,0.25,-0.375,0.6875,0.25,0.375,0.6875,0.25,-0.375,0.6875,0.25,-0.375,0,0.25,0.375,0,0.25,-0.375,0,0.25,0.375,0.6875,0.25,-0.375,0.6875,0.25,-0.375,0,0.25,0.375,0,0.25,0.375,0.6875,0.09375,0.375,0.6875,0.09375,0.375,0,0.09375,-0.375,0.6875,0.09375,-0.375,0.6875,0.09375,-0.375,0,0.09375,-0.375,0.6875,0.09375,0.375,0.6875,0.09375,-0.375,0.6875,0.09375,-0.375,0,0.09375,0.375,0,0.09375,-0.375,0,0.09375,0.375,0.6875,0.09375,-0.375,0.6875,0.09375,-0.375,0,0.09375,0.375,0,0.09375,0.125,0.125,0.0625,0.125,0,0.0625,0.125,0.125,-0.125,0.125,0,-0.125,-0.0625,0.125,-0.125,-0.0625,0,-0.125,-0.0625,0.125,0.0625,-0.0625,0,0.0625,-0.0625,0.125,-0.125,-0.0625,0.125,0.0625,0.125,0.125,-0.125,0.125,0.125,0.0625,-0.0625,0,0.0625,-0.0625,0,-0.125,0.125,0,0.0625,0.125,0,-0.125,-0.0625,0.125,0.0625,-0.0625,0,0.0625,0.125,0.125,0.0625,0.125,0,0.0625,0.125,0.125,-0.125,0.125,0,-0.125,-0.0625,0.125,-0.125,-0.0625,0,-0.125,0.0625,0.125,0.0625,0.0625,0,0.0625,0.0625,0.125,-0.125,0.0625,0,-0.125,-0.125,0.125,-0.125,-0.125,0,-0.125,-0.125,0.125,0.0625,-0.125,0,0.0625,-0.125,0.125,-0.125,-0.125,0.125,0.0625,0.0625,0.125,-0.125,0.0625,0.125,0.0625,-0.125,0,0.0625,-0.125,0,-0.125,0.0625,0,0.0625,0.0625,0,-0.125,-0.125,0.125,0.0625,-0.125,0,0.0625,0.0625,0.125,0.0625,0.0625,0,0.0625,0.0625,0.125,-0.125,0.0625,0,-0.125,-0.125,0.125,-0.125,-0.125,0,-0.125,0.125,0.125,0.0625,0.125,0,0.0625,0.125,0.125,-0.125,0.125,0,-0.125,-0.0625,0.125,-0.125,-0.0625,0,-0.125,-0.0625,0.125,0.0625,-0.0625,0,0.0625,-0.0625,0.125,-0.125,-0.0625,0.125,0.0625,0.125,0.125,-0.125,0.125,0.125,0.0625,-0.0625,0,0.0625,-0.0625,0,-0.125,0.125,0,0.0625,0.125,0,-0.125,-0.0625,0.125,0.0625,-0.0625,0,0.0625,0.125,0.125,0.0625,0.125,0,0.0625,0.125,0.125,-0.125,0.125,0,-0.125,-0.0625,0.125,-0.125,-0.0625,0,-0.125,0.0625,0.125,0.0625,0.0625,0,0.0625,0.0625,0.125,-0.125,0.0625,0,-0.125,-0.125,0.125,-0.125,-0.125,0,-0.125,-0.125,0.125,0.0625,-0.125,0,0.0625,-0.125,0.125,-0.125,-0.125,0.125,0.0625,0.0625,0.125,-0.125,0.0625,0.125,0.0625,-0.125,0,0.0625,-0.125,0,-0.125,0.0625,0,0.0625,0.0625,0,-0.125,-0.125,0.125,0.0625,-0.125,0,0.0625,0.0625,0.125,0.0625,0.0625,0,0.0625,0.0625,0.125,-0.125,0.0625,0,-0.125,-0.125,0.125,-0.125,-0.125,0,-0.125,-0.0625,0.53125,-0.3125,-0.0625,0.53125,-0.3125,-0.0625,0.3125,-0.3125,-0.28125,0.53125,-0.3125,-0.28125,0.53125,-0.3125,-0.28125,0.3125,-0.3125,-0.0625,0.53125,-0.3125,-0.28125,0.53125,-0.3125,-0.0625,0.53125,-0.3125,-0.0625,0.3125,-0.3125,-0.28125,0.3125,-0.3125,-0.0625,0.3125,-0.3125,-0.28125,0.3125,-0.3125,-0.28125,0.53125,-0.3125,-0.0625,0.53125,-0.3125,-0.0625,0.3125,-0.3125,0.0625,0.53125,-0.3125,0.0625,0.53125,-0.3125,0.0625,0.3125,-0.3125,0.28125,0.53125,-0.3125,0.28125,0.53125,-0.3125,0.28125,0.3125,-0.3125,0.28125,0.53125,-0.3125,0.0625,0.53125,-0.3125,0.28125,0.53125,-0.3125,0.28125,0.3125,-0.3125,0.0625,0.3125,-0.3125,0.28125,0.3125,-0.3125,0.0625,0.53125,-0.3125,0.28125,0.53125,-0.3125,0.28125,0.3125,-0.3125,0.0625,0.3125,-0.3125],"indices":[0,1,2,1,3,2,4,5,6,5,7,6,8,9,10,9,11,10,12,13,14,13,15,14,16,17,18,17,19,18,20,21,22,21,23,22,24,25,26,25,27,26,28,29,30,29,31,30,32,33,34,33,35,34,36,37,38,37,39,38,40,41,42,41,43,42,44,45,46,45,47,46,48,49,50,48,50,50,51,52,53,51,53,53,54,55,56,54,56,55,57,58,59,57,59,58,60,61,62,60,62,63,64,65,66,64,66,66,67,68,69,67,69,69,70,71,72,70,72,71,73,74,75,73,75,74,76,77,78,76,78,79,80,81,82,80,82,82,83,84,85,83,85,85,86,87,87,86,87,88,89,90,90,89,90,91,92,93,94,92,94,95,96,97,98,96,98,98,99,100,101,99,101,101,102,103,103,102,103,104,105,106,106,105,106,107,108,109,110,108,110,111,112,113,114,113,115,114,116,117,118,117,119,118,120,121,122,121,123,122,124,125,126,125,127,126,128,129,130,129,131,130,132,133,134,133,135,134,136,137,138,137,139,138,140,141,142,141,143,142,144,145,146,145,147,146,148,149,150,149,151,150,152,153,154,153,155,154,156,157,158,157,159,158,160,161,162,161,163,162,164,165,166,165,167,166,168,169,170,169,171,170,172,173,174,173,175,174,176,177,178,177,179,178,180,181,182,181,183,182,184,185,186,185,187,186,188,189,190,189,191,190,192,193,194,193,195,194,196,197,198,197,199,198,200,201,202,201,203,202,204,205,206,205,207,206,208,209,210,208,210,210,211,212,213,211,213,213,214,215,216,214,216,215,217,218,219,217,219,218,220,221,222,220,222,223,224,225,226,224,226,226,227,228,229,227,229,229,230,231,231,230,231,232,233,234,234,233,234,235,236,237,238,236,238,239]},"optimizedModelData":{"":{"meshCount":7},"-named-nodes":{"meshCount":12},"-no-animations":{"meshCount":1}}}