{"schemaVersion":4,"source":{"uri":"models/pets/epic/raptor.gltf","sha256":"c247314a159b3c197b8dc3b31bdaf11510a5976869c67abacf8ff7e0a726737c"},"animationNames":["idle"],"boundingBox":{"min":{"x":-0.42530105208137686,"y":0,"z":-0.45864348596803584},"max":{"x":0.42530105208137686,"y":0.9940738758899917,"z":0.6079172965126026}},"nodeNames":["cube","cube","cube","cube","tail","cube","left_leg","cube","right_leg","cube","left_eye","cube","right_eye","cube","cube","left_arm","cube","cube","right_arm","head","cube-pet"],"trimesh":{"vertices":[0.3125,0.625,0.3125,0.3125,0,0.3125,0.3125,0.625,-0.3125,0.3125,0,-0.3125,-0.3125,0.625,-0.3125,-0.3125,0,-0.3125,-0.3125,0.625,0.3125,-0.3125,0,0.3125,-0.3125,0.625,-0.3125,-0.3125,0.625,0.3125,0.3125,0.625,-0.3125,0.3125,0.625,0.3125,-0.3125,0,0.3125,-0.3125,0,-0.3125,0.3125,0,0.3125,0.3125,0,-0.3125,-0.3125,0.625,0.3125,-0.3125,0,0.3125,0.3125,0.625,0.3125,0.3125,0,0.3125,0.3125,0.625,-0.3125,0.3125,0,-0.3125,-0.3125,0.625,-0.3125,-0.3125,0,-0.3125,0.1875,0.8690738677978516,-0.25839003920555115,0.1875,0.8690738677978516,-0.25839003920555115,0.1875,0.6249998807907104,-0.3124999403953552,-0.1875,0.8690738677978516,-0.25839003920555115,-0.1875,0.8690738677978516,-0.25839003920555115,-0.1875,0.6249998807907104,-0.3124999403953552,0.1875,0.8690738677978516,-0.25839003920555115,-0.1875,0.8690738677978516,-0.25839003920555115,0.1875,0.8690738677978516,-0.25839003920555115,0.1875,0.6249998807907104,-0.3124999403953552,-0.1875,0.6249998807907104,-0.3124999403953552,0.1875,0.6249998807907104,-0.3124999403953552,-0.1875,0.6249998807907104,-0.3124999403953552,-0.1875,0.8690738677978516,-0.25839003920555115,0.1875,0.8690738677978516,-0.25839003920555115,0.1875,0.6249998807907104,-0.3124999403953552,0.1875,0.3125,-0.3125,0.1875,0,-0.3125,0.1875,0.3125,-0.4375,0.1875,0,-0.4375,-0.1875,0.3125,-0.4375,-0.1875,0,-0.4375,-0.1875,0.3125,-0.3125,-0.1875,0,-0.3125,-0.1875,0.3125,-0.4375,-0.1875,0.3125,-0.3125,0.1875,0.3125,-0.4375,0.1875,0.3125,-0.3125,-0.1875,0,-0.3125,-0.1875,0,-0.4375,0.1875,0,-0.3125,0.1875,0,-0.4375,-0.1875,0.3125,-0.3125,-0.1875,0,-0.3125,0.1875,0.3125,-0.3125,0.1875,0,-0.3125,0.1875,0.3125,-0.4375,0.1875,0,-0.4375,-0.1875,0.3125,-0.4375,-0.1875,0,-0.4375,0.15625,0.40625,0.125,0.15625,0.15625,0.125,0.15625,0.40625,-0.1875,0.15625,0.15625,-0.1875,-0.15625,0.40625,-0.1875,-0.15625,0.15625,-0.1875,-0.15625,0.40625,0.125,-0.15625,0.15625,0.125,-0.15625,0.40625,-0.1875,-0.15625,0.40625,0.125,0.15625,0.40625,-0.1875,0.15625,0.40625,0.125,-0.15625,0.15625,0.125,-0.15625,0.15625,-0.1875,0.15625,0.15625,0.125,0.15625,0.15625,-0.1875,-0.15625,0.40625,0.125,-0.15625,0.15625,0.125,0.15625,0.40625,0.125,0.15625,0.15625,0.125,0.15625,0.40625,-0.1875,0.15625,0.15625,-0.1875,-0.15625,0.40625,-0.1875,-0.15625,0.15625,-0.1875,0.125,0.125,0.0625,0.125,0,0.0625,0.125,0.125,-0.125,0.125,0,-0.125,-0.0625,0.125,-0.125,-0.0625,0,-0.125,-0.0625,0.125,0.0625,-0.0625,0,0.0625,-0.0625,0.125,-0.125,-0.0625,0.125,0.0625,0.125,0.125,-0.125,0.125,0.125,0.0625,-0.0625,0,0.0625,-0.0625,0,-0.125,0.125,0,0.0625,0.125,0,-0.125,-0.0625,0.125,0.0625,-0.0625,0,0.0625,0.125,0.125,0.0625,0.125,0,0.0625,0.125,0.125,-0.125,0.125,0,-0.125,-0.0625,0.125,-0.125,-0.0625,0,-0.125,0.0625,0.125,0.0625,0.0625,0,0.0625,0.0625,0.125,-0.125,0.0625,0,-0.125,-0.125,0.125,-0.125,-0.125,0,-0.125,-0.125,0.125,0.0625,-0.125,0,0.0625,-0.125,0.125,-0.125,-0.125,0.125,0.0625,0.0625,0.125,-0.125,0.0625,0.125,0.0625,-0.125,0,0.0625,-0.125,0,-0.125,0.0625,0,0.0625,0.0625,0,-0.125,-0.125,0.125,0.0625,-0.125,0,0.0625,0.0625,0.125,0.0625,0.0625,0,0.0625,0.0625,0.125,-0.125,0.0625,0,-0.125,-0.125,0.125,-0.125,-0.125,0,-0.125,-0.0625,0.53125,-0.3125,-0.0625,0.53125,-0.3125,-0.0625,0.3125,-0.3125,-0.28125,0.53125,-0.3125,-0.28125,0.53125,-0.3125,-0.28125,0.3125,-0.3125,-0.0625,0.53125,-0.3125,-0.0625,0.53125,-0.3125,-0.0625,0.3125,-0.3125,-0.28125,0.3125,-0.3125,-0.0625,0.3125,-0.3125,-0.28125,0.3125,-0.3125,-0.28125,0.53125,-0.3125,-0.0625,0.53125,-0.3125,-0.0625,0.3125,-0.3125,0.0625,0.53125,-0.3125,0.0625,0.53125,-0.3125,0.0625,0.3125,-0.3125,0.28125,0.53125,-0.3125,0.28125,0.53125,-0.3125,0.28125,0.3125,-0.3125,0.0625,0.53125,-0.3125,0.28125,0.53125,-0.3125,0.28125,0.3125,-0.3125,0.0625,0.3125,-0.3125,0.0625,0.53125,-0.3125,0.28125,0.53125,-0.3125,0.28125,0.3125,-0.3125,0.0625,0.3125,-0.3125,0.0625,0.125,0.0625,0.0625,0,0.0625,0.0625,0.125,-0.125,0.0625,0,-0.125,-0.0625,0.125,-0.125,-0.0625,0,-0.125,-0.0625,0.125,0.0625,-0.0625,0,0.0625,-0.0625,0.125,-0.125,-0.0625,0.125,0.0625,0.0625,0.125,-0.125,0.0625,0.125,0.0625,-0.0625,0,0.0625,-0.0625,0,-0.125,0.0625,0,0.0625,0.0625,0,-0.125,-0.0625,0.125,0.0625,-0.0625,0,0.0625,0.0625,0.125,0.0625,0.0625,0,0.0625,0.0625,0.125,-0.125,0.0625,0,-0.125,-0.0625,0.125,-0.125,-0.0625,0,-0.125,0.0625,0,-0.0625,0.0625,-0.0625,-0.0625,0.0625,0,-0.125,0.0625,-0.0625,-0.125,-0.0625,0,-0.125,-0.0625,-0.0625,-0.125,-0.0625,0,-0.0625,-0.0625,-0.0625,-0.0625,-0.0625,0,-0.125,-0.0625,0,-0.0625,0.0625,0,-0.125,0.0625,0,-0.0625,-0.0625,-0.0625,-0.0625,-0.0625,-0.0625,-0.125,0.0625,-0.0625,-0.0625,0.0625,-0.0625,-0.125,-0.0625,0,-0.0625,-0.0625,-0.0625,-0.0625,0.0625,0,-0.0625,0.0625,-0.0625,-0.0625,0.0625,0,-0.125,0.0625,-0.0625,-0.125,-0.0625,0,-0.125,-0.0625,-0.0625,-0.125,0.0625,0.125,0.0625,0.0625,0,0.0625,0.0625,0.125,-0.125,0.0625,0,-0.125,-0.0625,0.125,-0.125,-0.0625,0,-0.125,-0.0625,0.125,0.0625,-0.0625,0,0.0625,-0.0625,0.125,-0.125,-0.0625,0.125,0.0625,0.0625,0.125,-0.125,0.0625,0.125,0.0625,-0.0625,0,0.0625,-0.0625,0,-0.125,0.0625,0,0.0625,0.0625,0,-0.125,-0.0625,0.125,0.0625,-0.0625,0,0.0625,0.0625,0.125,0.0625,0.0625,0,0.0625,0.0625,0.125,-0.125,0.0625,0,-0.125,-0.0625,0.125,-0.125,-0.0625,0,-0.125,0.0625,0,-0.0625,0.0625,-0.0625,-0.0625,0.0625,0,-0.125,0.0625,-0.0625,-0.125,-0.0625,0,-0.125,-0.0625,-0.0625,-0.125,-0.0625,0,-0.0625,-0.0625,-0.0625,-0.0625,-0.0625,0,-0.125,-0.0625,0,-0.0625,0.0625,0,-0.125,0.0625,0,-0.0625,-0.0625,-0.0625,-0.0625,-0.0625,-0.0625,-0.125,0.0625,-0.0625,-0.0625,0.0625,-0.0625,-0.125,-0.0625,0,-0.0625,-0.0625,-0.0625,-0.0625,0.0625,0,-0.0625,0.0625,-0.0625,-0.0625,0.0625,0,-0.125,0.0625,-0.0625,-0.125,-0.0625,0,-0.125,-0.0625,-0.0625,-0.125],"indices":[0,1,2,1,3,2,4,5,6,5,7,6,8,9,10,9,11,10,12,13,14,13,15,14,16,17,18,17,19,18,20,21,22,21,23,22,24,25,26,24,26,26,27,28,29,27,29,29,30,31,32,30,32,31,33,34,35,33,35,34,36,37,38,36,38,39,40,41,42,41,43,42,44,45,46,45,47,46,48,49,50,49,51,50,52,53,54,53,55,54,56,57,58,57,59,58,60,61,62,61,63,62,64,65,66,65,67,66,68,69,70,69,71,70,72,73,74,73,75,74,76,77,78,77,79,78,80,81,82,81,83,82,84,85,86,85,87,86,88,89,90,89,91,90,92,93,94,93,95,94,96,97,98,97,99,98,100,101,102,101,103,102,104,105,106,105,107,106,108,109,110,109,111,110,112,113,114,113,115,114,116,117,118,117,119,118,120,121,122,121,123,122,124,125,126,125,127,126,128,129,130,129,131,130,132,133,134,133,135,134,136,137,138,136,138,138,139,140,141,139,141,141,142,139,143,142,143,139,144,145,146,144,146,145,147,148,149,147,149,150,151,152,153,151,153,153,154,155,156,154,156,156,154,157,157,154,157,158,159,160,160,159,160,156,161,162,163,161,163,164,165,166,167,166,168,167,169,170,171,170,172,171,173,174,175,174,176,175,177,178,179,178,180,179,181,182,183,182,184,183,185,186,187,186,188,187,189,190,191,190,192,191,193,194,195,194,196,195,197,198,199,198,200,199,201,202,203,202,204,203,205,206,207,206,208,207,209,210,211,210,212,211,213,214,215,214,216,215,217,218,219,218,220,219,221,222,223,222,224,223,225,226,227,226,228,227,229,230,231,230,232,231,233,234,235,234,236,235,237,238,239,238,240,239,241,242,243,242,244,243,245,246,247,246,248,247,249,250,251,250,252,251,253,254,255,254,256,255,257,258,259,258,260,259]},"optimizedModelData":{"":{"meshCount":8},"-named-nodes":{"meshCount":12},"-no-animations":{"meshCount":1}}}