{"schemaVersion":4,"source":{"uri":"models/environment/flower-white-2.gltf","sha256":"972e085f11051ff49b3a47a092a14f23d3cad26e65ee440e2b3363f4579f697c"},"animationNames":[],"boundingBox":{"min":{"x":-0.574220858374759,"y":0,"z":-0.5432318842411716},"max":{"x":0.49500447189530544,"y":0.562562495470047,"z":0.5819442381509488}},"nodeNames":["cube","cube","cube","cube","cube","cube","cube","cube","cube","cube","cube","cube","cube","cube","flower",""],"trimesh":{"vertices":[-0.2103918045759201,0.2187812477350235,-0.20685617625713348,-0.2103918045759201,0.2187812477350235,0.10564382374286652,0.1021081954240799,0.2187812477350235,-0.20685617625713348,0.1021081954240799,0.2187812477350235,0.10564382374286652,0.2271081954240799,0.2812812328338623,-0.019356176257133484,0.2271081954240799,0.2812812328338623,0.23064382374286652,0.4771081805229187,0.2812812328338623,-0.019356176257133484,0.4771081805229187,0.2812812328338623,0.23064382374286652,0.0396081916987896,0.16099761426448822,0.2738756835460663,0.0396081916987896,0.041409045457839966,0.5625880360603333,0.3521081805229187,0.16099761426448822,0.2738756835460663,0.3521081805229187,0.041409045457839966,0.5625880360603333,-0.1478918045759201,-0.0015023835003376007,-0.5625880360603333,-0.1478918045759201,0.09416847676038742,-0.33161818981170654,0.1021081954240799,-0.0015023835003376007,-0.5625880360603333,0.1021081954240799,0.09416847676038742,-0.33161818981170654,0.24590031802654266,0.22108933329582214,-0.4568561911582947,0.24590031802654266,0.22108933329582214,-0.14435617625713348,0.5346126556396484,0.10150075703859329,-0.4568561911582947,0.5346126556396484,0.10150075703859329,-0.14435617625713348,-0.33515381813049316,0.11448097229003906,0.23064382374286652,-0.33515381813049316,0.11448097229003906,0.4806438088417053,-0.10418392717838287,0.21015183627605438,0.23064382374286652,-0.10418392717838287,0.21015183627605438,0.4806438088417053,-0.5346126556396484,0.07147720456123352,-0.14435617625713348,-0.5346126556396484,0.07147720456123352,0.10564382374286652,-0.30364277958869934,0.16714806854724884,-0.14435617625713348,-0.30364277958869934,0.16714806854724884,0.10564382374286652,-0.4603918194770813,0.2187187522649765,-0.019293680787086487,-0.4603918194770813,-0.2812812328338623,-0.019293680787086487,0.0396081916987896,0.2187187522649765,-0.019293680787086487,0.0396081916987896,-0.2812812328338623,-0.019293680787086487,0.0396081916987896,0.2187187522649765,-0.019356176257133484,0.0396081916987896,-0.2812812328338623,-0.019356176257133484,-0.4603918194770813,0.2187187522649765,-0.019356176257133484,-0.4603918194770813,-0.2812812328338623,-0.019356176257133484,-0.12086302042007446,0.2187187522649765,-0.4804724454879761,-0.12086302042007446,-0.2812812328338623,-0.4804724454879761,0.5143041610717773,0.2187187522649765,-0.21737757325172424,0.5143041610717773,-0.2812812328338623,-0.21737757325172424,0.5143280625343323,0.2187187522649765,-0.2174353152513504,0.5143280625343323,-0.2812812328338623,-0.2174353152513504,-0.12083910405635834,0.2187187522649765,-0.4805302023887634,-0.12083910405635834,-0.2812812328338623,-0.4805302023887634,0.17837007343769073,0.2812187671661377,0.48663759231567383,0.17837007343769073,-0.2812812328338623,0.48663759231567383,0.441464900970459,0.2812187671661377,-0.1485295593738556,0.441464900970459,-0.2812812328338623,-0.1485295593738556,0.4414072036743164,0.2812187671661377,-0.14855347573757172,0.4414072036743164,-0.2812812328338623,-0.14855347573757172,0.17831234633922577,0.2812187671661377,0.4866136908531189,0.17831234633922577,-0.2812812328338623,0.4866136908531189,-0.14916005730628967,0.1562187522649765,0.5129421949386597,-0.14916005730628967,-0.2812812328338623,0.5129421949386597,-0.4122549295425415,0.1562187522649765,-0.12222497910261154,-0.4122549295425415,-0.2812812328338623,-0.12222497910261154,-0.41231268644332886,0.1562187522649765,-0.12220106273889542,-0.41231268644332886,-0.2812812328338623,-0.12220106273889542,-0.14921779930591583,0.1562187522649765,0.5129660964012146,-0.14921779930591583,-0.2812812328338623,0.5129660964012146,0.1977149397134781,0.1562187522649765,0.5129421949386597,0.1977149397134781,-0.2812812328338623,0.5129421949386597,-0.20888620615005493,0.1562187522649765,-0.468679815530777,-0.20888620615005493,-0.2812812328338623,-0.468679815530777,-0.2089439481496811,0.1562187522649765,-0.46865588426589966,-0.2089439481496811,-0.2812812328338623,-0.46865588426589966,0.19765718281269073,0.1562187522649765,0.5129660964012146,0.19765718281269073,-0.2812812328338623,0.5129660964012146,-0.4228918254375458,0.1562187522649765,0.20258133113384247,-0.4228918254375458,-0.2812812328338623,0.20258133113384247,0.4521082043647766,0.1562187522649765,0.20258133113384247,0.4521082043647766,-0.2812812328338623,0.20258133113384247,0.4521082043647766,0.1562187522649765,0.20251883566379547,0.4521082043647766,-0.2812812328338623,0.20251883566379547,-0.4228918254375458,0.1562187522649765,0.20251883566379547,-0.4228918254375458,-0.2812812328338623,0.20251883566379547,-0.41212430596351624,0.1562187522649765,-0.10503529012203217,-0.41212430596351624,-0.2812812328338623,-0.10503529012203217,-0.10276509076356888,0.1562187522649765,-0.4143945276737213,-0.10276509076356888,-0.2812812328338623,-0.4143945276737213,-0.10280928760766983,0.1562187522649765,-0.41443872451782227,-0.10280928760766983,-0.2812812328338623,-0.41443872451782227,-0.4121685028076172,0.1562187522649765,-0.10507947951555252,-0.4121685028076172,-0.2812812328338623,-0.10507947951555252],"indices":[0,1,2,1,3,2,4,5,6,5,7,6,8,9,10,9,11,10,12,13,14,13,15,14,16,17,18,17,19,18,20,21,22,21,23,22,24,25,26,25,27,26,28,29,30,29,31,30,32,33,34,33,35,34,36,37,38,37,39,38,40,41,42,41,43,42,44,45,46,45,47,46,48,49,50,49,51,50,52,53,54,53,55,54,56,57,58,57,59,58,60,61,62,61,63,62,64,65,66,65,67,66,68,69,70,69,71,70,72,73,74,73,75,74,76,77,78,77,79,78,80,81,82,81,83,82]},"optimizedModelData":{"":{"meshCount":1},"-named-nodes":{"meshCount":14},"-no-animations":{"meshCount":1}}}