{"schemaVersion":4,"source":{"uri":"models/players/hair/hair-0008.gltf","sha256":"b420cca69cc5e3512a62c285765e16cd630a107780121325aeee344b0cad41b8"},"animationNames":[],"boundingBox":{"min":{"x":-0.28305587357183903,"y":0.9559430220234675,"z":-0.2203984303474426},"max":{"x":0.28305587357183903,"y":1.4546874904632567,"z":0.23821093809604643}},"nodeNames":["hair-0008-geo","hair-0008-extra-geo","hair-0008-extra-geo","hair-0008-extra-geo","hair-extra","head-anchor"],"trimesh":{"vertices":[0.20671874284744263,-0.1793777495622635,-0.2139921933412552,0.20671874284744263,0.23405973613262177,-0.2139921933412552,0.20671874284744263,0.23405973613262177,0.19944530725479126,0.20671874284744263,-0.1793777495622635,0.19944530725479126,-0.20671875774860382,-0.1793777495622635,0.19944530725479126,-0.20671875774860382,0.23405973613262177,0.19944530725479126,-0.20671875774860382,0.23405973613262177,-0.2139921933412552,-0.20671875774860382,-0.1793777495622635,-0.2139921933412552,0.20671874284744263,0.23405973613262177,0.19944530725479126,0.20671874284744263,0.23405973613262177,-0.2139921933412552,-0.20671875774860382,0.23405973613262177,-0.2139921933412552,-0.20671875774860382,0.23405973613262177,0.19944530725479126,0.20671874284744263,-0.1793777495622635,-0.2139921933412552,0.20671874284744263,-0.1793777495622635,0.19944530725479126,-0.20671875774860382,-0.1793777495622635,0.19944530725479126,-0.20671875774860382,-0.1793777495622635,-0.2139921933412552,0.20671874284744263,-0.1793777495622635,0.19944530725479126,0.20671874284744263,0.23405973613262177,0.19944530725479126,-0.20671875774860382,0.23405973613262177,0.19944530725479126,-0.20671875774860382,-0.1793777495622635,0.19944530725479126,-0.20671875774860382,-0.1793777495622635,-0.2139921933412552,-0.20671875774860382,0.23405973613262177,-0.2139921933412552,0.20671874284744263,0.23405973613262177,-0.2139921933412552,0.20671874284744263,-0.1793777495622635,-0.2139921933412552,0.22203125059604645,-0.1946902573108673,-0.22930468618869781,0.22203125059604645,0.2493722289800644,-0.22930468618869781,0.22203125059604645,0.2493722289800644,0.2147578001022339,0.22203125059604645,-0.1946902573108673,0.2147578001022339,-0.22203125059604645,-0.1946902573108673,0.2147578001022339,-0.22203125059604645,0.2493722289800644,0.2147578001022339,-0.22203125059604645,0.2493722289800644,-0.22930468618869781,-0.22203125059604645,-0.1946902573108673,-0.22930468618869781,0.22203125059604645,0.2493722289800644,0.2147578001022339,0.22203125059604645,0.2493722289800644,-0.22930468618869781,-0.22203125059604645,0.2493722289800644,-0.22930468618869781,-0.22203125059604645,0.2493722289800644,0.2147578001022339,0.22203125059604645,-0.1946902573108673,-0.22930468618869781,0.22203125059604645,-0.1946902573108673,0.2147578001022339,-0.22203125059604645,-0.1946902573108673,0.2147578001022339,-0.22203125059604645,-0.1946902573108673,-0.22930468618869781,0.22203125059604645,-0.1946902573108673,0.2147578001022339,0.22203125059604645,0.2493722289800644,0.2147578001022339,-0.22203125059604645,0.2493722289800644,0.2147578001022339,-0.22203125059604645,-0.1946902573108673,0.2147578001022339,-0.22203125059604645,-0.1946902573108673,-0.22930468618869781,-0.22203125059604645,0.2493722289800644,-0.22930468618869781,0.22203125059604645,0.2493722289800644,-0.22930468618869781,0.22203125059604645,-0.1946902573108673,-0.22930468618869781,-0.06650441139936447,-0.14109650254249573,0.22930468618869781,-0.17478014528751373,-0.24937224388122559,0.22930468618869781,-0.06650441139936447,-0.14109650254249573,0.07617967575788498,-0.17478014528751373,-0.24937224388122559,0.07617967575788498,-0.17478014528751373,-0.03282077983021736,0.07617967575788498,-0.2830558717250824,-0.14109650254249573,0.07617967575788498,-0.17478014528751373,-0.03282077983021736,0.22930468618869781,-0.2830558717250824,-0.14109650254249573,0.22930468618869781,-0.17478014528751373,-0.03282077983021736,0.07617967575788498,-0.17478014528751373,-0.03282077983021736,0.22930468618869781,-0.06650441139936447,-0.14109650254249573,0.07617967575788498,-0.06650441139936447,-0.14109650254249573,0.22930468618869781,-0.2830558717250824,-0.14109650254249573,0.22930468618869781,-0.2830558717250824,-0.14109650254249573,0.07617967575788498,-0.17478014528751373,-0.24937224388122559,0.22930468618869781,-0.17478014528751373,-0.24937224388122559,0.07617967575788498,-0.17478014528751373,-0.03282077983021736,0.22930468618869781,-0.2830558717250824,-0.14109650254249573,0.22930468618869781,-0.06650441139936447,-0.14109650254249573,0.22930468618869781,-0.17478014528751373,-0.24937224388122559,0.22930468618869781,-0.06650441139936447,-0.14109650254249573,0.07617967575788498,-0.17478014528751373,-0.24937224388122559,0.07617967575788498,-0.17478014528751373,-0.03282077983021736,0.07617967575788498,-0.2830558717250824,-0.14109650254249573,0.07617967575788498,0.17478014528751373,-0.03282077983021736,0.22930468618869781,0.2830558717250824,-0.14109650254249573,0.22930468618869781,0.17478014528751373,-0.03282077983021736,0.07617967575788498,0.2830558717250824,-0.14109650254249573,0.07617967575788498,0.06650441884994507,-0.14109650254249573,0.07617967575788498,0.17478014528751373,-0.24937224388122559,0.07617967575788498,0.06650441884994507,-0.14109650254249573,0.22930468618869781,0.17478014528751373,-0.24937224388122559,0.22930468618869781,0.06650441884994507,-0.14109650254249573,0.07617967575788498,0.06650441884994507,-0.14109650254249573,0.22930468618869781,0.17478014528751373,-0.03282077983021736,0.07617967575788498,0.17478014528751373,-0.03282077983021736,0.22930468618869781,0.17478014528751373,-0.24937224388122559,0.22930468618869781,0.17478014528751373,-0.24937224388122559,0.07617967575788498,0.2830558717250824,-0.14109650254249573,0.22930468618869781,0.2830558717250824,-0.14109650254249573,0.07617967575788498,0.06650441884994507,-0.14109650254249573,0.22930468618869781,0.17478014528751373,-0.24937224388122559,0.22930468618869781,0.17478014528751373,-0.03282077983021736,0.22930468618869781,0.2830558717250824,-0.14109650254249573,0.22930468618869781,0.17478014528751373,-0.03282077983021736,0.07617967575788498,0.2830558717250824,-0.14109650254249573,0.07617967575788498,0.06650441884994507,-0.14109650254249573,0.07617967575788498,0.17478014528751373,-0.24937224388122559,0.07617967575788498],"indices":[0,1,2,0,2,3,4,5,6,4,6,7,8,9,10,8,10,11,12,13,14,12,14,15,16,17,18,16,18,19,20,21,22,20,22,23,24,25,26,24,26,27,28,29,30,28,30,31,32,33,34,32,34,35,36,37,38,36,38,39,40,41,42,40,42,43,44,45,46,44,46,47,48,49,50,49,51,50,52,53,54,53,55,54,56,57,58,57,59,58,60,61,62,61,63,62,64,65,66,65,67,66,68,69,70,69,71,70,72,73,74,73,75,74,76,77,78,77,79,78,80,81,82,81,83,82,84,85,86,85,87,86,88,89,90,89,91,90,92,93,94,93,95,94]},"optimizedModelData":{"":{"meshCount":1},"-named-nodes":{"meshCount":4},"-no-animations":{"meshCount":1}}}