{"schemaVersion":4,"source":{"uri":"models/particles/halo-cube-1x1.glb","sha256":"975cf60975ac610cb715c30568882fdd37053a54e7718b028c349c75f50e877b"},"animationNames":[],"boundingBox":{"min":{"x":-0.5,"y":0,"z":-0.5000002384185791},"max":{"x":0.5,"y":0.699999988079071,"z":0.5000002384185791}},"nodeNames":["Cube"],"trimesh":{"vertices":[-0.5,-0.3499999940395355,-0.4999997615814209,-0.5,0.3499999940395355,-0.4999997615814209,0.5,0.3499999940395355,-0.5000002384185791,0.5,-0.3499999940395355,-0.5000002384185791,0.5,-0.3499999940395355,-0.5000002384185791,0.5,0.3499999940395355,-0.5000002384185791,0.5,0.3499999940395355,0.4999997615814209,0.5,-0.3499999940395355,0.4999997615814209,-0.5,0.3499999940395355,0.5000002384185791,-0.5,-0.3499999940395355,0.5000002384185791,-0.5,-0.3499999940395355,0.5000002384185791,-0.5,0.3499999940395355,0.5000002384185791],"indices":[0,1,2,0,2,3,4,5,6,4,6,7,7,6,8,7,8,9,10,11,1,10,1,0]},"optimizedModelData":{"":{"meshCount":1},"-named-nodes":{"meshCount":1},"-no-animations":{"meshCount":1}}}