{"schemaVersion":4,"source":{"uri":"models/pets/epic/yeti.gltf","sha256":"b0b390ab545b7145a800f8f53a4f6a80cc090bd4adda31ebd90dbc34c2324940"},"animationNames":["idle"],"boundingBox":{"min":{"x":-0.5,"y":0,"z":-0.4375},"max":{"x":0.5,"y":1.0670278200246814,"z":0.3125}},"nodeNames":["cube","cube","cube","cube","left_horn","cube","left_leg","cube","right_leg","cube","left_eye","cube","right_eye","cube","left_arm","cube","right_arm","cube","cube","right_horn","head","cube-pet"],"trimesh":{"vertices":[0.3125,0.625,0.3125,0.3125,0,0.3125,0.3125,0.625,-0.3125,0.3125,0,-0.3125,-0.3125,0.625,-0.3125,-0.3125,0,-0.3125,-0.3125,0.625,0.3125,-0.3125,0,0.3125,-0.3125,0.625,-0.3125,-0.3125,0.625,0.3125,0.3125,0.625,-0.3125,0.3125,0.625,0.3125,-0.3125,0,0.3125,-0.3125,0,-0.3125,0.3125,0,0.3125,0.3125,0,-0.3125,-0.3125,0.625,0.3125,-0.3125,0,0.3125,0.3125,0.625,0.3125,0.3125,0,0.3125,0.3125,0.625,-0.3125,0.3125,0,-0.3125,-0.3125,0.625,-0.3125,-0.3125,0,-0.3125,0.15625,0.34375,-0.3125,0.15625,0.09375,-0.3125,0.15625,0.34375,-0.4375,0.15625,0.09375,-0.4375,-0.15625,0.34375,-0.4375,-0.15625,0.09375,-0.4375,-0.15625,0.34375,-0.3125,-0.15625,0.09375,-0.3125,-0.15625,0.34375,-0.4375,-0.15625,0.34375,-0.3125,0.15625,0.34375,-0.4375,0.15625,0.34375,-0.3125,-0.15625,0.09375,-0.3125,-0.15625,0.09375,-0.4375,0.15625,0.09375,-0.3125,0.15625,0.09375,-0.4375,-0.15625,0.34375,-0.3125,-0.15625,0.09375,-0.3125,0.15625,0.34375,-0.3125,0.15625,0.09375,-0.3125,0.15625,0.34375,-0.4375,0.15625,0.09375,-0.4375,-0.15625,0.34375,-0.4375,-0.15625,0.09375,-0.4375,0.015625,0.078125,0.0625,0.015625,-0.171875,0.0625,0.015625,0.078125,-0.0625,0.015625,-0.171875,-0.0625,-0.109375,0.078125,-0.0625,-0.109375,-0.171875,-0.0625,-0.109375,0.078125,0.0625,-0.109375,-0.171875,0.0625,-0.109375,0.078125,-0.0625,-0.109375,0.078125,0.0625,0.015625,0.078125,-0.0625,0.015625,0.078125,0.0625,-0.109375,-0.171875,0.0625,-0.109375,-0.171875,-0.0625,0.015625,-0.171875,0.0625,0.015625,-0.171875,-0.0625,-0.109375,0.078125,0.0625,-0.109375,-0.171875,0.0625,0.015625,0.078125,0.0625,0.015625,-0.171875,0.0625,0.015625,0.078125,-0.0625,0.015625,-0.171875,-0.0625,-0.109375,0.078125,-0.0625,-0.109375,-0.171875,-0.0625,0.078125,0.140625,0.0625,0.078125,-0.046875,0.0625,0.078125,0.140625,-0.0625,0.078125,-0.046875,-0.0625,0.015625,0.140625,-0.0625,0.015625,-0.046875,-0.0625,0.015625,0.140625,0.0625,0.015625,-0.046875,0.0625,0.015625,0.140625,-0.0625,0.015625,0.140625,0.0625,0.078125,0.140625,-0.0625,0.078125,0.140625,0.0625,0.015625,-0.046875,0.0625,0.015625,-0.046875,-0.0625,0.078125,-0.046875,0.0625,0.078125,-0.046875,-0.0625,0.015625,0.140625,0.0625,0.015625,-0.046875,0.0625,0.078125,0.140625,0.0625,0.078125,-0.046875,0.0625,0.078125,0.140625,-0.0625,0.078125,-0.046875,-0.0625,0.015625,0.140625,-0.0625,0.015625,-0.046875,-0.0625,0.125,0.125,0.0625,0.125,0,0.0625,0.125,0.125,-0.125,0.125,0,-0.125,-0.0625,0.125,-0.125,-0.0625,0,-0.125,-0.0625,0.125,0.0625,-0.0625,0,0.0625,-0.0625,0.125,-0.125,-0.0625,0.125,0.0625,0.125,0.125,-0.125,0.125,0.125,0.0625,-0.0625,0,0.0625,-0.0625,0,-0.125,0.125,0,0.0625,0.125,0,-0.125,-0.0625,0.125,0.0625,-0.0625,0,0.0625,0.125,0.125,0.0625,0.125,0,0.0625,0.125,0.125,-0.125,0.125,0,-0.125,-0.0625,0.125,-0.125,-0.0625,0,-0.125,0.0625,0.125,0.0625,0.0625,0,0.0625,0.0625,0.125,-0.125,0.0625,0,-0.125,-0.125,0.125,-0.125,-0.125,0,-0.125,-0.125,0.125,0.0625,-0.125,0,0.0625,-0.125,0.125,-0.125,-0.125,0.125,0.0625,0.0625,0.125,-0.125,0.0625,0.125,0.0625,-0.125,0,0.0625,-0.125,0,-0.125,0.0625,0,0.0625,0.0625,0,-0.125,-0.125,0.125,0.0625,-0.125,0,0.0625,0.0625,0.125,0.0625,0.0625,0,0.0625,0.0625,0.125,-0.125,0.0625,0,-0.125,-0.125,0.125,-0.125,-0.125,0,-0.125,-0.0625,0.53125,-0.3125,-0.0625,0.53125,-0.3125,-0.0625,0.3125,-0.3125,-0.28125,0.53125,-0.3125,-0.28125,0.53125,-0.3125,-0.28125,0.3125,-0.3125,-0.0625,0.53125,-0.3125,-0.0625,0.53125,-0.3125,-0.0625,0.3125,-0.3125,-0.28125,0.3125,-0.3125,-0.0625,0.3125,-0.3125,-0.28125,0.3125,-0.3125,-0.28125,0.53125,-0.3125,-0.0625,0.53125,-0.3125,-0.0625,0.3125,-0.3125,0.0625,0.53125,-0.3125,0.0625,0.53125,-0.3125,0.0625,0.3125,-0.3125,0.28125,0.53125,-0.3125,0.28125,0.53125,-0.3125,0.28125,0.3125,-0.3125,0.0625,0.53125,-0.3125,0.28125,0.53125,-0.3125,0.28125,0.3125,-0.3125,0.0625,0.3125,-0.3125,0.0625,0.53125,-0.3125,0.28125,0.53125,-0.3125,0.28125,0.3125,-0.3125,0.0625,0.3125,-0.3125,0.0625,0.125,0.09375,0.0625,-0.1875,0.09375,0.0625,0.125,-0.09375,0.0625,-0.1875,-0.09375,-0.125,0.125,-0.09375,-0.125,-0.1875,-0.09375,-0.125,0.125,0.09375,-0.125,-0.1875,0.09375,-0.125,0.125,-0.09375,-0.125,0.125,0.09375,0.0625,0.125,-0.09375,0.0625,0.125,0.09375,-0.125,-0.1875,0.09375,-0.125,-0.1875,-0.09375,0.0625,-0.1875,0.09375,0.0625,-0.1875,-0.09375,-0.125,0.125,0.09375,-0.125,-0.1875,0.09375,0.0625,0.125,0.09375,0.0625,-0.1875,0.09375,0.0625,0.125,-0.09375,0.0625,-0.1875,-0.09375,-0.125,0.125,-0.09375,-0.125,-0.1875,-0.09375,0.125,0.125,0.09375,0.125,-0.1875,0.09375,0.125,0.125,-0.09375,0.125,-0.1875,-0.09375,-0.0625,0.125,-0.09375,-0.0625,-0.1875,-0.09375,-0.0625,0.125,0.09375,-0.0625,-0.1875,0.09375,-0.0625,0.125,-0.09375,-0.0625,0.125,0.09375,0.125,0.125,-0.09375,0.125,0.125,0.09375,-0.0625,-0.1875,0.09375,-0.0625,-0.1875,-0.09375,0.125,-0.1875,0.09375,0.125,-0.1875,-0.09375,-0.0625,0.125,0.09375,-0.0625,-0.1875,0.09375,0.125,0.125,0.09375,0.125,-0.1875,0.09375,0.125,0.125,-0.09375,0.125,-0.1875,-0.09375,-0.0625,0.125,-0.09375,-0.0625,-0.1875,-0.09375,0.109375,0.078125,0.0625,0.109375,-0.171875,0.0625,0.109375,0.078125,-0.0625,0.109375,-0.171875,-0.0625,-0.015625,0.078125,-0.0625,-0.015625,-0.171875,-0.0625,-0.015625,0.078125,0.0625,-0.015625,-0.171875,0.0625,-0.015625,0.078125,-0.0625,-0.015625,0.078125,0.0625,0.109375,0.078125,-0.0625,0.109375,0.078125,0.0625,-0.015625,-0.171875,0.0625,-0.015625,-0.171875,-0.0625,0.109375,-0.171875,0.0625,0.109375,-0.171875,-0.0625,-0.015625,0.078125,0.0625,-0.015625,-0.171875,0.0625,0.109375,0.078125,0.0625,0.109375,-0.171875,0.0625,0.109375,0.078125,-0.0625,0.109375,-0.171875,-0.0625,-0.015625,0.078125,-0.0625,-0.015625,-0.171875,-0.0625,-0.015625,0.140625,0.0625,-0.015625,-0.046875,0.0625,-0.015625,0.140625,-0.0625,-0.015625,-0.046875,-0.0625,-0.078125,0.140625,-0.0625,-0.078125,-0.046875,-0.0625,-0.078125,0.140625,0.0625,-0.078125,-0.046875,0.0625,-0.078125,0.140625,-0.0625,-0.078125,0.140625,0.0625,-0.015625,0.140625,-0.0625,-0.015625,0.140625,0.0625,-0.078125,-0.046875,0.0625,-0.078125,-0.046875,-0.0625,-0.015625,-0.046875,0.0625,-0.015625,-0.046875,-0.0625,-0.078125,0.140625,0.0625,-0.078125,-0.046875,0.0625,-0.015625,0.140625,0.0625,-0.015625,-0.046875,0.0625,-0.015625,0.140625,-0.0625,-0.015625,-0.046875,-0.0625,-0.078125,0.140625,-0.0625,-0.078125,-0.046875,-0.0625],