{"schemaVersion":4,"source":{"uri":"models/pets/legendary/sphinx.gltf","sha256":"30fd8763f9b7c17100d0a942520f0cc8b5522f79194c05a408384fbc597224f3"},"animationNames":["idle"],"boundingBox":{"min":{"x":-0.5647208476483184,"y":0,"z":-0.4375},"max":{"x":0.5647208476483184,"y":1,"z":0.6521114703367619}},"nodeNames":["cube","cube","cube","cube","cube","cube","cube","cube","cube","cube","cube","cube","cube","cube","cube","cube","left_arm","cube","tail","cube","right_arm","cube","left_leg","cube","right_leg","cube","left_eye","cube","right_eye","head","cube-pet"],"trimesh":{"vertices":[0.3125,0.625,0.3125,0.3125,0,0.3125,0.3125,0.625,-0.3125,0.3125,0,-0.3125,-0.3125,0.625,-0.3125,-0.3125,0,-0.3125,-0.3125,0.625,0.3125,-0.3125,0,0.3125,-0.3125,0.625,-0.3125,-0.3125,0.625,0.3125,0.3125,0.625,-0.3125,0.3125,0.625,0.3125,-0.3125,0,0.3125,-0.3125,0,-0.3125,0.3125,0,0.3125,0.3125,0,-0.3125,-0.3125,0.625,0.3125,-0.3125,0,0.3125,0.3125,0.625,0.3125,0.3125,0,0.3125,0.3125,0.625,-0.3125,0.3125,0,-0.3125,-0.3125,0.625,-0.3125,-0.3125,0,-0.3125,0.125,0.28125,-0.3125,0.125,0.09375,-0.3125,0.125,0.28125,-0.4375,0.125,0.09375,-0.4375,-0.125,0.28125,-0.4375,-0.125,0.09375,-0.4375,-0.125,0.28125,-0.3125,-0.125,0.09375,-0.3125,-0.125,0.28125,-0.4375,-0.125,0.28125,-0.3125,0.125,0.28125,-0.4375,0.125,0.28125,-0.3125,-0.125,0.09375,-0.3125,-0.125,0.09375,-0.4375,0.125,0.09375,-0.3125,0.125,0.09375,-0.4375,-0.125,0.28125,-0.3125,-0.125,0.09375,-0.3125,0.125,0.28125,-0.3125,0.125,0.09375,-0.3125,0.125,0.28125,-0.4375,0.125,0.09375,-0.4375,-0.125,0.28125,-0.4375,-0.125,0.09375,-0.4375,-0.125,0.203125,-0.375,-0.125,0.203125,-0.375,-0.125,0.171875,-0.375,-0.3125,0.203125,-0.375,-0.3125,0.203125,-0.375,-0.3125,0.171875,-0.375,-0.125,0.203125,-0.375,-0.125,0.203125,-0.375,-0.125,0.171875,-0.375,-0.3125,0.171875,-0.375,-0.125,0.171875,-0.375,-0.3125,0.171875,-0.375,-0.3125,0.203125,-0.375,-0.125,0.203125,-0.375,-0.125,0.171875,-0.375,-0.11053186655044556,0.22855904698371887,-0.375,-0.11053186655044556,0.22855904698371887,-0.375,-0.12249071896076202,0.19968780875205994,-0.375,-0.2837592661380768,0.30031219124794006,-0.375,-0.2837592661380768,0.30031219124794006,-0.375,-0.29571813344955444,0.27144095301628113,-0.375,-0.11053186655044556,0.22855904698371887,-0.375,-0.11053186655044556,0.22855904698371887,-0.375,-0.12249071896076202,0.19968780875205994,-0.375,-0.29571813344955444,0.27144095301628113,-0.375,-0.12249071896076202,0.19968780875205994,-0.375,-0.29571813344955444,0.27144095301628113,-0.375,-0.2837592661380768,0.30031219124794006,-0.375,-0.11053186655044556,0.22855904698371887,-0.375,-0.12249071896076202,0.19968780875205994,-0.375,-0.11053186655044556,0.14644095301628113,-0.375,-0.11053186655044556,0.14644095301628113,-0.375,-0.12249071896076202,0.17531219124794006,-0.375,-0.2837592661380768,0.07468780875205994,-0.375,-0.2837592661380768,0.07468780875205994,-0.375,-0.29571813344955444,0.10355904698371887,-0.375,-0.11053186655044556,0.14644095301628113,-0.375,-0.2837592661380768,0.07468780875205994,-0.375,-0.29571813344955444,0.10355904698371887,-0.375,-0.12249071896076202,0.17531219124794006,-0.375,-0.11053186655044556,0.14644095301628113,-0.375,-0.2837592661380768,0.07468780875205994,-0.375,-0.29571813344955444,0.10355904698371887,-0.375,-0.12249071896076202,0.17531219124794006,-0.375,0.11053186655044556,0.22855904698371887,-0.375,0.11053186655044556,0.22855904698371887,-0.375,0.12249071896076202,0.19968780875205994,-0.375,0.2837592661380768,0.30031219124794006,-0.375,0.2837592661380768,0.30031219124794006,-0.375,0.29571813344955444,0.27144095301628113,-0.375,0.11053186655044556,0.22855904698371887,-0.375,0.2837592661380768,0.30031219124794006,-0.375,0.29571813344955444,0.27144095301628113,-0.375,0.12249071896076202,0.19968780875205994,-0.375,0.11053186655044556,0.22855904698371887,-0.375,0.2837592661380768,0.30031219124794006,-0.375,0.29571813344955444,0.27144095301628113,-0.375,0.12249071896076202,0.19968780875205994,-0.375,0.125,0.203125,-0.375,0.125,0.203125,-0.375,0.125,0.171875,-0.375,0.3125,0.203125,-0.375,0.3125,0.203125,-0.375,0.3125,0.171875,-0.375,0.125,0.203125,-0.375,0.3125,0.203125,-0.375,0.3125,0.171875,-0.375,0.125,0.171875,-0.375,0.125,0.203125,-0.375,0.3125,0.203125,-0.375,0.3125,0.171875,-0.375,0.125,0.171875,-0.375,0.11053186655044556,0.14644095301628113,-0.375,0.11053186655044556,0.14644095301628113,-0.375,0.12249071896076202,0.17531219124794006,-0.375,0.2837592661380768,0.07468780875205994,-0.375,0.2837592661380768,0.07468780875205994,-0.375,0.29571813344955444,0.10355904698371887,-0.375,0.11053186655044556,0.14644095301628113,-0.375,0.11053186655044556,0.14644095301628113,-0.375,0.12249071896076202,0.17531219124794006,-0.375,0.29571813344955444,0.10355904698371887,-0.375,0.12249071896076202,0.17531219124794006,-0.375,0.29571813344955444,0.10355904698371887,-0.375,0.2837592661380768,0.07468780875205994,-0.375,0.11053186655044556,0.14644095301628113,-0.375,0.12249071896076202,0.17531219124794006,-0.375,0.3125,0.875,0.0031249970197677612,0.3125,0.625,0.0031249970197677612,0.3125,0.875,-0.25312501192092896,0.3125,0.625,-0.25312501192092896,-0.3125,0.875,-0.25312501192092896,-0.3125,0.625,-0.25312501192092896,-0.3125,0.875,0.0031249970197677612,-0.3125,0.625,0.0031249970197677612,-0.3125,0.875,-0.25312501192092896,-0.3125,0.875,0.0031249970197677612,0.3125,0.875,-0.25312501192092896,0.3125,0.875,0.0031249970197677612,-0.3125,0.625,0.0031249970197677612,-0.3125,0.625,-0.25312501192092896,0.3125,0.625,0.0031249970197677612,0.3125,0.625,-0.25312501192092896,-0.3125,0.875,0.0031249970197677612,-0.3125,0.625,0.0031249970197677612,0.3125,0.875,0.0031249970197677612,0.3125,0.625,0.0031249970197677612,0.3125,0.875,-0.25312501192092896,0.3125,0.625,-0.25312501192092896,-0.3125,0.875,-0.25312501192092896,-0.3125,0.625,-0.25312501192092896,-0.564720630645752,0.654029369354248,0,-0.31472063064575195,0.654029369354248,0,-0.564720630645752,0.654029369354248,-0.25,-0.31472063064575195,0.654029369354248,-0.25,-0.564720630645752,0.40402936935424805,-0.25,-0.31472063064575195,0.40402936935424805,-0.25,-0.564720630645752,0.40402936935424805,0,-0.31472063064575195,0.40402936935424805,0,-0.564720630645752,0.40402936935424805,-0.25,-0.564720630645752,0.40402936935424805,0,-0.564720630645752,0.654029369354248,-0.25,-0.564720630645752,0.654029369354248,0,-0.31472063064575195,0.40402936935424805,0,-0.31472063064575195,0.40402936935424805,-0.25,-0.31472063064575195,0.654029369354248,0,-0.31472063064575195,0.654029369354248,-0.25,-0.564720630645752,0.40402936935424805,0,-0.31472063064575195,0.40402936935424805,0,-0.564720630645752,0.654029369354248,0,-0.31472063064575195,0.654029369354248,0,-0.564720630645752,0.654029369354248,-0.25,-0.31472063064575195,0.654029369354248,-0.25,-0.564720630645752,0.40402936935424805,-0.25,-0.31472063064575195,0.40402936935424805,-0.25,-0.47097063064575195,0.40402936935424805,-0.03125,-0.31472063064575195,0.40402936935424805,-0.03125,-0.47097063064575195,0.40402936935424805,-0.21875,-0.31472063064575195,0.40402936935424805,-0.21875,-0.47097063064575195,0.21652936935424805,-0.21875,-0.31472063064575195,0.21652936935424805,-0.21875,-0.47097063064575195,0.21652936935424805,-0.03125,-0.31472063064575195,0.21652936935424805,-0.03125,-0.47097063064575195,0.21652936935424805,-0.21875,-0.47097063064575195,0.21652936935424805,-0.03125,-0.47097063064575195,0.40402936935424805,-0.21875,-0.47097063064575195,0.40402936935424805,-0.03125,-0.31472063064575195,0.21652936935424805,-0.03125,-0.31472063064575195,0.21652936935424805,-0.21875,-0.31472063064575195,0.40402936935424805,-0.03125,-0.31472063064575195,0.40402936935424805,-0.21875,-0.47097063064575195,0.21652936935424805,-0.03125,-0.31472063064575195,0.21652936935424805,-0.03125,-0.47097063064575195,0.40402936935424805,-0.03125,-0.31472063064575195,0.40402936935424805,-0.03125,-0.47097063064575195,0.40402936935424805,-0.21875,-0.31472063064575195,0.40402936935424805,-0.21875,-0.47097063064575195,