{"schemaVersion":4,"source":{"uri":"models/pets/rare/cactus.gltf","sha256":"52082feb8b65f69e6ea7f9ef0f717608595053a719c8ea52e8a282189b2b0b57"},"animationNames":["idle"],"boundingBox":{"min":{"x":-0.46970774079183997,"y":0,"z":-0.3140625},"max":{"x":0.46970774079183997,"y":0.8125,"z":0.3125}},"nodeNames":["cube","cube","cube","cube","cube","cube","left_leg","cube","right_leg","cube","left_eye","cube","right_eye","cube","left_arm","cube","right_arm","head","cube-pet"],"trimesh":{"vertices":[0.3125,0.625,0.3125,0.3125,0,0.3125,0.3125,0.625,-0.3125,0.3125,0,-0.3125,-0.3125,0.625,-0.3125,-0.3125,0,-0.3125,-0.3125,0.625,0.3125,-0.3125,0,0.3125,-0.3125,0.625,-0.3125,-0.3125,0.625,0.3125,0.3125,0.625,-0.3125,0.3125,0.625,0.3125,-0.3125,0,0.3125,-0.3125,0,-0.3125,0.3125,0,0.3125,0.3125,0,-0.3125,-0.3125,0.625,0.3125,-0.3125,0,0.3125,0.3125,0.625,0.3125,0.3125,0,0.3125,0.3125,0.625,-0.3125,0.3125,0,-0.3125,-0.3125,0.625,-0.3125,-0.3125,0,-0.3125,0.375,0.6875,-0.25,0.375,0.6875,-0.25,0.375,0,-0.25,-0.375,0.6875,-0.25,-0.375,0.6875,-0.25,-0.375,0,-0.25,0.375,0.6875,-0.25,-0.375,0.6875,-0.25,0.375,0.6875,-0.25,0.375,0,-0.25,-0.375,0,-0.25,0.375,0,-0.25,-0.375,0,-0.25,-0.375,0.6875,-0.25,0.375,0.6875,-0.25,0.375,0,-0.25,-0.375,0.6875,0.25,-0.375,0.6875,0.25,-0.375,0,0.25,0.375,0.6875,0.25,0.375,0.6875,0.25,0.375,0,0.25,-0.375,0.6875,0.25,0.375,0.6875,0.25,-0.375,0.6875,0.25,-0.375,0,0.25,0.375,0,0.25,-0.375,0,0.25,0.375,0,0.25,0.375,0.6875,0.25,-0.375,0.6875,0.25,-0.375,0,0.25,0.375,0.6875,0.09375,0.375,0.6875,0.09375,0.375,0,0.09375,-0.375,0.6875,0.09375,-0.375,0.6875,0.09375,-0.375,0,0.09375,-0.375,0.6875,0.09375,0.375,0.6875,0.09375,-0.375,0.6875,0.09375,-0.375,0,0.09375,0.375,0,0.09375,-0.375,0,0.09375,0.375,0.6875,0.09375,-0.375,0.6875,0.09375,-0.375,0,0.09375,0.375,0,0.09375,-0.375,0.6875,-0.09375,-0.375,0.6875,-0.09375,-0.375,0,-0.09375,0.375,0.6875,-0.09375,0.375,0.6875,-0.09375,0.375,0,-0.09375,0.375,0.6875,-0.09375,-0.375,0.6875,-0.09375,0.375,0.6875,-0.09375,0.375,0,-0.09375,-0.375,0,-0.09375,0.375,0,-0.09375,-0.375,0.6875,-0.09375,0.375,0.6875,-0.09375,0.375,0,-0.09375,-0.375,0,-0.09375,0.125,0.125,0.0625,0.125,0,0.0625,0.125,0.125,-0.125,0.125,0,-0.125,-0.0625,0.125,-0.125,-0.0625,0,-0.125,-0.0625,0.125,0.0625,-0.0625,0,0.0625,-0.0625,0.125,-0.125,-0.0625,0.125,0.0625,0.125,0.125,-0.125,0.125,0.125,0.0625,-0.0625,0,0.0625,-0.0625,0,-0.125,0.125,0,0.0625,0.125,0,-0.125,-0.0625,0.125,0.0625,-0.0625,0,0.0625,0.125,0.125,0.0625,0.125,0,0.0625,0.125,0.125,-0.125,0.125,0,-0.125,-0.0625,0.125,-0.125,-0.0625,0,-0.125,0.0625,0.125,0.0625,0.0625,0,0.0625,0.0625,0.125,-0.125,0.0625,0,-0.125,-0.125,0.125,-0.125,-0.125,0,-0.125,-0.125,0.125,0.0625,-0.125,0,0.0625,-0.125,0.125,-0.125,-0.125,0.125,0.0625,0.0625,0.125,-0.125,0.0625,0.125,0.0625,-0.125,0,0.0625,-0.125,0,-0.125,0.0625,0,0.0625,0.0625,0,-0.125,-0.125,0.125,0.0625,-0.125,0,0.0625,0.0625,0.125,0.0625,0.0625,0,0.0625,0.0625,0.125,-0.125,0.0625,0,-0.125,-0.125,0.125,-0.125,-0.125,0,-0.125,-0.0625,0.53125,-0.3125,-0.0625,0.53125,-0.3125,-0.0625,0.3125,-0.3125,-0.28125,0.53125,-0.3125,-0.28125,0.53125,-0.3125,-0.28125,0.3125,-0.3125,-0.0625,0.53125,-0.3125,-0.28125,0.53125,-0.3125,-0.0625,0.53125,-0.3125,-0.0625,0.3125,-0.3125,-0.28125,0.3125,-0.3125,-0.0625,0.3125,-0.3125,-0.28125,0.3125,-0.3125,-0.28125,0.53125,-0.3125,-0.0625,0.53125,-0.3125,-0.0625,0.3125,-0.3125,0.0625,0.53125,-0.3125,0.0625,0.53125,-0.3125,0.0625,0.3125,-0.3125,0.28125,0.53125,-0.3125,0.28125,0.53125,-0.3125,0.28125,0.3125,-0.3125,0.28125,0.53125,-0.3125,0.0625,0.53125,-0.3125,0.28125,0.53125,-0.3125,0.28125,0.3125,-0.3125,0.0625,0.3125,-0.3125,0.28125,0.3125,-0.3125,0.0625,0.53125,-0.3125,0.28125,0.53125,-0.3125,0.28125,0.3125,-0.3125,0.0625,0.3125,-0.3125,0.0625,0.125,0.0625,0.0625,-0.25,0.0625,0.0625,0.125,-0.0625,0.0625,-0.25,-0.0625,-0.0625,0.125,-0.0625,-0.0625,-0.25,-0.0625,-0.0625,0.125,0.0625,-0.0625,-0.25,0.0625,-0.0625,0.125,-0.0625,-0.0625,0.125,0.0625,0.0625,0.125,-0.0625,0.0625,0.125,0.0625,-0.0625,-0.25,0.0625,-0.0625,-0.25,-0.0625,0.0625,-0.25,0.0625,0.0625,-0.25,-0.0625,-0.0625,0.125,0.0625,-0.0625,-0.25,0.0625,0.0625,0.125,0.0625,0.0625,-0.25,0.0625,0.0625,0.125,-0.0625,0.0625,-0.25,-0.0625,-0.0625,0.125,-0.0625,-0.0625,-0.25,-0.0625,0.0625,0.125,0.0625,0.0625,-0.25,0.0625,0.0625,0.125,-0.0625,0.0625,-0.25,-0.0625,-0.0625,0.125,-0.0625,-0.0625,-0.25,-0.0625,-0.0625,0.125,0.0625,-0.0625,-0.25,0.0625,-0.0625,0.125,-0.0625,-0.0625,0.125,0.0625,0.0625,0.125,-0.0625,0.0625,0.125,0.0625,-0.0625,-0.25,0.0625,-0.0625,-0.25,-0.0625,0.0625,-0.25,0.0625,0.0625,-0.25,-0.0625,-0.0625,0.125,0.0625,-0.0625,-0.25,0.0625,0.0625,0.125,0.0625,0.0625,-0.25,0.0625,0.0625,0.125,-0.0625,0.0625,-0.25,-0.0625,-0.0625,0.125,-0.0625,-0.0625,-0.25,-0.0625],"indices":[0,1,2,1,3,2,4,5,6,5,7,6,8,9,10,9,11,10,12,13,14,13,15,14,16,17,18,17,19,18,20,21,22,21,23,22,24,25,26,24,26,26,27,28,29,27,29,29,30,31,32,30,32,31,33,34,35,33,35,34,36,37,38,36,38,39,40,41,42,40,42,42,43,44,45,43,45,45,46,47,48,46,48,47,49,50,51,49,51,50,52,53,54,52,54,55,56,57,58,56,58,58,59,60,61,59,61,61,62,63,63,62,63,64,65,66,66,65,66,67,68,69,70,68,70,71,72,73,74,72,74,74,75,76,77,75,77,77,78,79,79,78,79,80,81,82,82,81,82,83,84,85,86,84,86,87,88,89,90,89,91,90,92,93,94,93,95,94,96,97,98,97,99,98,100,101,102,101,103,102,104,105,106,105,107,106,108,109,110,109,111,110,112,113,114,113,115,114,116,117,118,117,119,118,120,121,122,121,123,122,124,125,126,125,127,126,128,129,130,129,131,130,132,133,134,133,135,134,136,137,138,136,138,138,139,140,141,139,141,141,142,143,144,142,144,143,145,146,147,145,147,146,148,149,150,148,150,151,152,153,154,152,154,154,155,156,157,155,157,157,158,159,159,158,159,160,161,162,162,161,162,163,164,165,166,164,166,167,168,169,170,169,171,170,172,173,174,173,175,174,176,177,178,177,179,178,180,181,182,181,183,182,184,185,186,185,187,186,188,189,190,189,191,190,192,193,194,193,195,194,196,197,198,197,199,198,200,201,202,201,203,202,204,205,206,205,207,206,208,209,210,209,211,210,212,213,214,213,215,214]},"optimizedModelData":{"":{"meshCount":7},"-named-nodes":{"meshCount":11},"-no-animations":{"meshCount":1}}}