{"schemaVersion":4,"source":{"uri":"models/weapons/sword.gltf","sha256":"9f7a2234a266652cedaeadc3f2a4b91e5a6e85b43ad05897577b4327cf971cfc"},"animationNames":[],"boundingBox":{"min":{"x":0.15577625,"y":-0.7419575214724776,"z":0.40625},"max":{"x":0.84422375,"y":1.1240577608160496,"z":0.59375}},"nodeNames":["cube","cube","cube","cube","cube","cube","cube","root",""],"trimesh":{"vertices":[0.0620262511074543,-0.22230011224746704,0.0625,0.0620262511074543,-0.784800112247467,0.0625,0.0620262511074543,-0.22230011224746704,-0.0625,0.0620262511074543,-0.784800112247467,-0.0625,-0.062973752617836,-0.22230011224746704,-0.0625,-0.062973752617836,-0.784800112247467,-0.0625,-0.062973752617836,-0.22230011224746704,0.0625,-0.062973752617836,-0.784800112247467,0.0625,-0.062973752617836,-0.22230011224746704,-0.0625,-0.062973752617836,-0.22230011224746704,0.0625,0.0620262511074543,-0.22230011224746704,-0.0625,0.0620262511074543,-0.22230011224746704,0.0625,-0.062973752617836,-0.784800112247467,0.0625,-0.062973752617836,-0.784800112247467,-0.0625,0.0620262511074543,-0.784800112247467,0.0625,0.0620262511074543,-0.784800112247467,-0.0625,-0.062973752617836,-0.22230011224746704,0.0625,-0.062973752617836,-0.784800112247467,0.0625,0.0620262511074543,-0.22230011224746704,0.0625,0.0620262511074543,-0.784800112247467,0.0625,0.0620262511074543,-0.22230011224746704,-0.0625,0.0620262511074543,-0.784800112247467,-0.0625,-0.062973752617836,-0.22230011224746704,-0.0625,-0.062973752617836,-0.784800112247467,-0.0625,-0.00047374999849125743,-0.6678426265716553,0.09375,0.13210876286029816,-0.800425112247467,0.09375,-0.00047374999849125743,-0.6678426265716553,-0.09375,0.13210876286029816,-0.800425112247467,-0.09375,-0.13305626809597015,-0.800425112247467,-0.09375,-0.00047374999849125743,-0.9330076575279236,-0.09375,-0.13305626809597015,-0.800425112247467,0.09375,-0.00047374999849125743,-0.9330076575279236,0.09375,-0.13305626809597015,-0.800425112247467,-0.09375,-0.13305626809597015,-0.800425112247467,0.09375,-0.00047374999849125743,-0.6678426265716553,-0.09375,-0.00047374999849125743,-0.6678426265716553,0.09375,-0.00047374999849125743,-0.9330076575279236,0.09375,-0.00047374999849125743,-0.9330076575279236,-0.09375,0.13210876286029816,-0.800425112247467,0.09375,0.13210876286029816,-0.800425112247467,-0.09375,-0.13305626809597015,-0.800425112247467,0.09375,-0.00047374999849125743,-0.9330076575279236,0.09375,-0.00047374999849125743,-0.6678426265716553,0.09375,0.13210876286029816,-0.800425112247467,0.09375,-0.00047374999849125743,-0.6678426265716553,-0.09375,0.13210876286029816,-0.800425112247467,-0.09375,-0.13305626809597015,-0.800425112247467,-0.09375,-0.00047374999849125743,-0.9330076575279236,-0.09375,0.155776247382164,-0.09730011969804764,0.0625,0.155776247382164,-0.22230011224746704,0.0625,0.155776247382164,-0.09730011969804764,-0.0625,0.155776247382164,-0.22230011224746704,-0.0625,-0.156723752617836,-0.09730011969804764,-0.0625,-0.156723752617836,-0.22230011224746704,-0.0625,-0.156723752617836,-0.09730011969804764,0.0625,-0.156723752617836,-0.22230011224746704,0.0625,-0.156723752617836,-0.09730011969804764,-0.0625,-0.156723752617836,-0.09730011969804764,0.0625,0.155776247382164,-0.09730011969804764,-0.0625,0.155776247382164,-0.09730011969804764,0.0625,-0.156723752617836,-0.22230011224746704,0.0625,-0.156723752617836,-0.22230011224746704,-0.0625,0.155776247382164,-0.22230011224746704,0.0625,0.155776247382164,-0.22230011224746704,-0.0625,-0.156723752617836,-0.09730011969804764,0.0625,-0.156723752617836,-0.22230011224746704,0.0625,0.155776247382164,-0.09730011969804764,0.0625,0.155776247382164,-0.22230011224746704,0.0625,0.155776247382164,-0.09730011969804764,-0.0625,0.155776247382164,-0.22230011224746704,-0.0625,-0.156723752617836,-0.09730011969804764,-0.0625,-0.156723752617836,-0.22230011224746704,-0.0625,-0.156723752617836,-0.09730011969804764,0.000062502920627594,-0.156723752617836,-0.22230011224746704,0.000062502920627594,-0.156723752617836,-0.09730011969804764,0,-0.156723752617836,-0.22230011224746704,0,-0.3442237377166748,-0.09730011969804764,0,-0.3442237377166748,-0.22230011224746704,0,-0.3442237377166748,-0.09730011969804764,0.000062502920627594,-0.3442237377166748,-0.22230011224746704,0.000062502920627594,-0.3442237377166748,-0.09730011969804764,0,-0.3442237377166748,-0.09730011969804764,0.000062502920627594,-0.156723752617836,-0.09730011969804764,0,-0.156723752617836,-0.09730011969804764,0.000062502920627594,-0.3442237377166748,-0.22230011224746704,0.000062502920627594,-0.3442237377166748,-0.22230011224746704,0,-0.156723752617836,-0.22230011224746704,0.000062502920627594,-0.156723752617836,-0.22230011224746704,0,-0.3442237377166748,-0.09730011969804764,0.000062502920627594,-0.3442237377166748,-0.22230011224746704,0.000062502920627594,-0.156723752617836,-0.09730011969804764,0.000062502920627594,-0.156723752617836,-0.22230011224746704,0.000062502920627594,-0.156723752617836,-0.09730011969804764,0,-0.156723752617836,-0.22230011224746704,0,-0.3442237377166748,-0.09730011969804764,0,-0.3442237377166748,-0.22230011224746704,0,0.093276247382164,0.840199887752533,0.03125,0.093276247382164,-0.09730011969804764,0.03125,0.093276247382164,0.840199887752533,-0.03125,0.093276247382164,-0.09730011969804764,-0.03125,-0.094223752617836,0.840199887752533,-0.03125,-0.094223752617836,-0.09730011969804764,-0.03125,-0.094223752617836,0.840199887752533,0.03125,-0.094223752617836,-0.09730011969804764,0.03125,-0.094223752617836,0.840199887752533,-0.03125,-0.094223752617836,0.840199887752533,0.03125,0.093276247382164,0.840199887752533,-0.03125,0.093276247382164,0.840199887752533,0.03125,-0.094223752617836,-0.09730011969804764,0.03125,-0.094223752617836,-0.09730011969804764,-0.03125,0.093276247382164,-0.09730011969804764,0.03125,0.093276247382164,-0.09730011969804764,-0.03125,-0.094223752617836,0.840199887752533,0.03125,-0.094223752617836,-0.09730011969804764,0.03125,0.093276247382164,0.840199887752533,0.03125,0.093276247382164,-0.09730011969804764,0.03125,0.093276247382164,0.840199887752533,-0.03125,0.093276247382164,-0.09730011969804764,-0.03125,-0.094223752617836,0.840199887752533,-0.03125,-0.094223752617836,-0.09730011969804764,-0.03125,-0.00047374999849125743,0.9330076575279236,0.030625000596046448,0.09233400225639343,0.840199887752533,0.030625000596046448,-0.00047374999849125743,0.9330076575279236,-0.030625000596046448,0.09233400225639343,0.840199887752533,-0.030625000596046448,-0.09328150749206543,0.840199887752533,-0.030625000596046448,-0.00047374999849125743,0.7473921179771423,-0.030625000596046448,-0.09328150749206543,0.840199887752533,0.030625000596046448,-0.00047374999849125743,0.7473921179771423,0.030625000596046448,-0.09328150749206543,0.840199887752533,-0.030625000596046448,-0.09328150749206543,0.840199887752533,0.030625000596046448,-0.00047374999849125743,0.9330076575279236,-0.030625000596046448,-0.00047374999849125743,0.9330076575279236,0.030625000596046448,-0.00047374999849125743,0.7473921179771423,0.030625000596046448,-0.00047374999849125743,0.7473921179771423,-0.030625000596046448,0.09233400225639343,0.840199887752533,0.030625000596046448,0.09233400225639343,0.840199887752533,-0.030625000596046448,-0.09328150749206543,0.840199887752533,0.030625000596046448,-0.00047374999849125743,0.7473921179771423,0.030625000596046448,-0.00047374999849125743,0.9330076575279236,0.030625000596046448,0.09233400225639343,0.840199887752533,0.030625000596046448,-0.00047374999849125743,0.9330076575279236,-0.030625000596046448,0.09233400225639343,0.840199887752533,-0.030625000596046448,-0.09328150749206543,0.840199887752533,-0.030625000596046448,-0.00047374999849125743,0.7473921179771423,-0.030625000596046448,0.3442237675189972,-0.09730011969804764,0.000062502920627594,0.3442237675189972,-0.22230011224746704,0.000062502920627594,0.3442237675189972,-0.09730011969804764,0,0.3442237675189972,-0.22230011224746704,0,0.156723752617836,-0.09730011969804764,0,0.156723752617836,-0.22230011224746704,0,