{"schemaVersion":4,"source":{"uri":"models/environment/fisherman-boat.gltf","sha256":"86ee736fe4ade6d3716ceac5a4325e8f372a5bb14c715b2ea83d545298ccd144"},"animationNames":[],"boundingBox":{"min":{"x":-0.3314282506749424,"y":0.25183123643875127,"z":0.16949124999999998},"max":{"x":1.247616253657341,"y":0.7817663824620021,"z":0.8257412500000001}},"nodeNames":["cube","cube","cube inverted","cube inverted","cube","cube","cube","cube","cube","cube","cube","cube","cube","cube","cube","cube","group","group","group","group","group",""],"trimesh":{"vertices":[0.7738972306251526,0.11003243923187256,0.3125,0.7738972306251526,-0.26496756076812744,0.3125,0.7738972306251526,0.11003243923187256,-0.3125,0.7738972306251526,-0.26496756076812744,-0.3125,-0.35037025809288025,-0.26496756076812744,0.3125,-0.35037025809288025,-0.26496756076812744,-0.3125,0.7738972306251526,-0.26496756076812744,0.3125,0.7738972306251526,-0.26496756076812744,-0.3125,-0.35037025809288025,0.11003243923187256,0.3125,-0.35037025809288025,-0.26496756076812744,0.3125,0.7738972306251526,0.11003243923187256,0.3125,0.7738972306251526,-0.26496756076812744,0.3125,0.7738972306251526,0.11003243923187256,-0.3125,0.7738972306251526,-0.26496756076812744,-0.3125,-0.35037025809288025,0.11003243923187256,-0.3125,-0.35037025809288025,-0.26496756076812744,-0.3125,-0.35031360387802124,0.11003243178129196,-0.31251955032348633,-0.35031360387802124,-0.26338067650794983,-0.31251955032348633,-0.662607729434967,0.11003243178129196,-0.00022540819190908223,-0.662607729434967,-0.26338067650794983,-0.00022540819190908223,-0.662607729434967,-0.26338067650794983,-0.00022540819190908223,-0.35031360387802124,-0.26338067650794983,-0.31251955032348633,-0.34988224506378174,-0.26338067650794983,0.31250008940696716,-0.037588104605674744,-0.26338067650794983,0.00020593847148120403,-0.662607729434967,0.11003243178129196,-0.00022540819190908223,-0.662607729434967,-0.26338067650794983,-0.00022540819190908223,-0.34988224506378174,0.11003243178129196,0.31250008940696716,-0.34988224506378174,-0.26338067650794983,0.31250008940696716,0.7738972306251526,-0.25117379426956177,0.3125,0.7738972306251526,0.11003243923187256,0.3125,0.7738972306251526,-0.25117379426956177,-0.3125,0.7738972306251526,0.11003243923187256,-0.3125,0.7738972306251526,-0.25117379426956177,0.3125,0.7738972306251526,-0.25117379426956177,-0.3125,-0.35037025809288025,-0.25117379426956177,0.3125,-0.35037025809288025,-0.25117379426956177,-0.3125,0.7738972306251526,-0.25117379426956177,-0.3125,0.7738972306251526,0.11003243923187256,-0.3125,-0.35037025809288025,-0.25117379426956177,-0.3125,-0.35037025809288025,0.11003243923187256,-0.3125,-0.35037025809288025,-0.25117379426956177,0.3125,-0.35037025809288025,0.11003243923187256,0.3125,0.7738972306251526,-0.25117379426956177,0.3125,0.7738972306251526,0.11003243923187256,0.3125,-0.35031360387802124,-0.25190630555152893,-0.31251955032348633,-0.35031360387802124,0.11003243178129196,-0.31251955032348633,-0.662607729434967,-0.25190630555152893,-0.00022540819190908223,-0.662607729434967,0.11003243178129196,-0.00022540819190908223,-0.34988224506378174,-0.25190630555152893,0.31250008940696716,-0.037588104605674744,-0.25190630555152893,0.00020593847148120403,-0.662607729434967,-0.25190630555152893,-0.00022540819190908223,-0.35031360387802124,-0.25190630555152893,-0.31251955032348633,-0.662607729434967,-0.25190630555152893,-0.00022540819190908223,-0.662607729434967,0.11003243178129196,-0.00022540819190908223,-0.34988224506378174,-0.25190630555152893,0.31250008940696716,-0.34988224506378174,0.11003243178129196,0.31250008940696716,0.5731559991836548,-0.07746756076812744,0.3117099702358246,0.5731559991836548,-0.10871756076812744,0.3117099702358246,0.5731559991836548,-0.07746756076812744,-0.3101162612438202,0.5731559991836548,-0.10871756076812744,-0.3101162612438202,0.3544059991836548,-0.07746756076812744,-0.3101162612438202,0.3544059991836548,-0.10871756076812744,-0.3101162612438202,0.3544059991836548,-0.07746756076812744,0.3117099702358246,0.3544059991836548,-0.10871756076812744,0.3117099702358246,0.3544059991836548,-0.07746756076812744,-0.3101162612438202,0.3544059991836548,-0.07746756076812744,0.3117099702358246,0.5731559991836548,-0.07746756076812744,-0.3101162612438202,0.5731559991836548,-0.07746756076812744,0.3117099702358246,0.3544059991836548,-0.10871756076812744,0.3117099702358246,0.3544059991836548,-0.10871756076812744,-0.3101162612438202,0.5731559991836548,-0.10871756076812744,0.3117099702358246,0.5731559991836548,-0.10871756076812744,-0.3101162612438202,0.041905999183654785,-0.07746756076812744,0.3117099702358246,0.041905999183654785,-0.10871756076812744,0.3117099702358246,0.041905999183654785,-0.07746756076812744,-0.3101162612438202,0.041905999183654785,-0.10871756076812744,-0.3101162612438202,-0.17684400081634521,-0.07746756076812744,-0.3101162612438202,-0.17684400081634521,-0.10871756076812744,-0.3101162612438202,-0.17684400081634521,-0.07746756076812744,0.3117099702358246,-0.17684400081634521,-0.10871756076812744,0.3117099702358246,-0.17684400081634521,-0.07746756076812744,-0.3101162612438202,-0.17684400081634521,-0.07746756076812744,0.3117099702358246,0.041905999183654785,-0.07746756076812744,-0.3101162612438202,0.041905999183654785,-0.07746756076812744,0.3117099702358246,-0.17684400081634521,-0.10871756076812744,0.3117099702358246,-0.17684400081634521,-0.10871756076812744,-0.3101162612438202,0.041905999183654785,-0.10871756076812744,0.3117099702358246,0.041905999183654785,-0.10871756076812744,-0.3101162612438202,-0.3511028587818146,0.11003243923187256,0.32812491059303284,-0.3511028587818146,-0.014967557974159718,0.32812491059303284,-0.30690866708755493,0.11003243923187256,0.2839307188987732,-0.30690866708755493,-0.014967557974159718,0.2839307188987732,-0.6349121332168579,0.11003243923187256,-0.044072702527046204,-0.6349121332168579,-0.014967557974159718,-0.044072702527046204,-0.6791062951087952,0.11003243923187256,0.0001214725780300796,-0.6791062951087952,-0.014967557974159718,0.0001214725780300796,-0.6349121332168579,0.11003243923187256,-0.044072702527046204,-0.6791062951087952,0.11003243923187256,0.0001214725780300796,-0.30690866708755493,0.11003243923187256,0.2839307188987732,-0.3511028587818146,0.11003243923187256,0.32812491059303284,-0.6791062951087952,-0.014967557974159718,0.0001214725780300796,-0.6349121332168579,-0.014967557974159718,-0.044072702527046204,-0.3511028587818146,-0.014967557974159718,0.32812491059303284,-0.30690866708755493,-0.014967557974159718,0.2839307188987732,-0.6791062951087952,0.11003243923187256,0.0001214725780300796,-0.6791062951087952,-0.014967557974159718,0.0001214725780300796,-0.3511028587818146,0.11003243923187256,0.32812491059303284,-0.3511028587818146,-0.014967557974159718,0.32812491059303284,-0.30690866708755493,0.11003243923187256,0.2839307188987732,-0.30690866708755493,-0.014967557974159718,0.2839307188987732,-0.6349121332168579,0.11003243923187256,-0.044072702527046204,-0.6349121332168579,-0.014967557974159718,-0.044072702527046204,-0.6715103983879089,0.11015431582927704,-0.007717239670455456,-0.6715103983879089,-0.014967557974159718,-0.007717239670455456,-0.6273162364959717,0.11015431582927704,0.03647693246603012,-0.6273162364959717,-0.014967557974159718,0.03647693246603012,-0.6715103983879089,0.11015431582927704,-0.007717239670455456,-0.6273162364959717,0.11015431582927704,0.03647693246603012,-0.35110265016555786,0.11015431582927704,-0.328125,-0.3069084882736206,0.11015431582927704,-0.28393080830574036,-0.6273162364959717,-0.014967557974159718,0.03647693246603012,-0.6715103983879089,-0.014967557974159718,-0.007717239670455456,-0.3069084882736206,-0.014967557974159718,-0.28393080830574036,-0.35110265016555786,-0.014967557974159718,-0.328125,-0.6273162364959717,0.11015431582927704,0.03647693246603012,-0.6273162364959717,-0.014967557974159718,0.03647693246603012,-0.3069084882736206,0.11015431582927704,-0.28393080830574036,-0.3069084882736206,-0.014967557974159718,-0.28393080830574036,