{"schemaVersion":4,"source":{"uri":"models/environment/tanning-rack.gltf","sha256":"89c43301de7828e0a172b04d193684dbf03440139791ea266f3a1384b4228830"},"animationNames":[],"boundingBox":{"min":{"x":-0.43912619376338347,"y":-0.0016261937633833545,"z":-0.6875},"max":{"x":1.4391261937633835,"y":1.3946825488253198,"z":1.6875}},"nodeNames":["cube","cube","cube","cube","cube","cube","cube","cube","cube","cube","cube","cube","cube","cube","group","group","group",""],"trimesh":{"vertices":[0.03125,0.17847181856632233,-0.9375,0.03125,-0.6965281963348389,-0.9375,0.03125,0.17847181856632233,-1,0.03125,-0.6965281963348389,-1,-0.03125,0.17847181856632233,-1,-0.03125,-0.6965281963348389,-1,-0.03125,0.17847181856632233,-0.9375,-0.03125,-0.6965281963348389,-0.9375,-0.03125,0.17847181856632233,-1,-0.03125,0.17847181856632233,-0.9375,0.03125,0.17847181856632233,-1,0.03125,0.17847181856632233,-0.9375,-0.03125,-0.6965281963348389,-0.9375,-0.03125,-0.6965281963348389,-1,0.03125,-0.6965281963348389,-0.9375,0.03125,-0.6965281963348389,-1,-0.03125,0.17847181856632233,-0.9375,-0.03125,-0.6965281963348389,-0.9375,0.03125,0.17847181856632233,-0.9375,0.03125,-0.6965281963348389,-0.9375,0.03125,0.17847181856632233,-1,0.03125,-0.6965281963348389,-1,-0.03125,0.17847181856632233,-1,-0.03125,-0.6965281963348389,-1,0.06629125773906708,0.26306894421577454,-1,-0.8949320316314697,-0.6981543898582458,-1,0.06629125773906708,0.26306894421577454,-1.0625,-0.8949320316314697,-0.6981543898582458,-1.0625,0.022097088396549225,0.307263046503067,-1.0625,-0.939126193523407,-0.6539601683616638,-1.0625,0.022097088396549225,0.307263046503067,-1,-0.939126193523407,-0.6539601683616638,-1,0.022097088396549225,0.307263046503067,-1.0625,0.022097088396549225,0.307263046503067,-1,0.06629125773906708,0.26306894421577454,-1.0625,0.06629125773906708,0.26306894421577454,-1,-0.939126193523407,-0.6539601683616638,-1,-0.939126193523407,-0.6539601683616638,-1.0625,-0.8949320316314697,-0.6981543898582458,-1,-0.8949320316314697,-0.6981543898582458,-1.0625,0.022097088396549225,0.307263046503067,-1,-0.939126193523407,-0.6539601683616638,-1,0.06629125773906708,0.26306894421577454,-1,-0.8949320316314697,-0.6981543898582458,-1,0.06629125773906708,0.26306894421577454,-1.0625,-0.8949320316314697,-0.6981543898582458,-1.0625,0.022097088396549225,0.307263046503067,-1.0625,-0.939126193523407,-0.6539601683616638,-1.0625,-0.022097088396549225,0.307263046503067,-1.0625,0.9391262531280518,-0.6539601683616638,-1.0625,-0.022097088396549225,0.307263046503067,-1.125,0.9391262531280518,-0.6539601683616638,-1.125,-0.06629125773906708,0.26306894421577454,-1.125,0.8949320316314697,-0.6981543898582458,-1.125,-0.06629125773906708,0.26306894421577454,-1.0625,0.8949320316314697,-0.6981543898582458,-1.0625,-0.06629125773906708,0.26306894421577454,-1.125,-0.06629125773906708,0.26306894421577454,-1.0625,-0.022097088396549225,0.307263046503067,-1.125,-0.022097088396549225,0.307263046503067,-1.0625,0.8949320316314697,-0.6981543898582458,-1.0625,0.8949320316314697,-0.6981543898582458,-1.125,0.9391262531280518,-0.6539601683616638,-1.0625,0.9391262531280518,-0.6539601683616638,-1.125,-0.06629125773906708,0.26306894421577454,-1.0625,0.8949320316314697,-0.6981543898582458,-1.0625,-0.022097088396549225,0.307263046503067,-1.0625,0.9391262531280518,-0.6539601683616638,-1.0625,-0.022097088396549225,0.307263046503067,-1.125,0.9391262531280518,-0.6539601683616638,-1.125,-0.06629125773906708,0.26306894421577454,-1.125,0.8949320316314697,-0.6981543898582458,-1.125,-0.18400919437408447,0.6981543302536011,-0.9375,0.0312502384185791,0.1784721165895462,-0.9375,-0.18400919437408447,0.6981543302536011,-1,0.0312502384185791,0.1784721165895462,-1,-0.24175167083740234,0.6742366552352905,-1,-0.026492230594158173,0.15455444157123566,-1,-0.24175167083740234,0.6742366552352905,-0.9375,-0.026492230594158173,0.15455444157123566,-0.9375,-0.24175167083740234,0.6742366552352905,-1,-0.24175167083740234,0.6742366552352905,-0.9375,-0.18400919437408447,0.6981543302536011,-1,-0.18400919437408447,0.6981543302536011,-0.9375,-0.026492230594158173,0.15455444157123566,-0.9375,-0.026492230594158173,0.15455444157123566,-1,0.0312502384185791,0.1784721165895462,-0.9375,0.0312502384185791,0.1784721165895462,-1,-0.24175167083740234,0.6742366552352905,-0.9375,-0.026492230594158173,0.15455444157123566,-0.9375,-0.18400919437408447,0.6981543302536011,-0.9375,0.0312502384185791,0.1784721165895462,-0.9375,-0.18400919437408447,0.6981543302536011,-1,0.0312502384185791,0.1784721165895462,-1,-0.24175167083740234,0.6742366552352905,-1,-0.026492230594158173,0.15455444157123566,-1,0.24800166487693787,0.5367366075515747,-0.9437500238418579,0.03274223208427429,0.017054397612810135,-0.9437500238418579,0.24800166487693787,0.5367366075515747,-0.9937499761581421,0.03274223208427429,0.017054397612810135,-0.9937499761581421,0.19025918841362,0.5606544017791748,-0.9937499761581421,-0.025000236928462982,0.04097213223576546,-0.9937499761581421,0.19025918841362,0.5606544017791748,-0.9437500238418579,-0.025000236928462982,0.04097213223576546,-0.9437500238418579,0.19025918841362,0.5606544017791748,-0.9937499761581421,0.19025918841362,0.5606544017791748,-0.9437500238418579,0.24800166487693787,0.5367366075515747,-0.9937499761581421,0.24800166487693787,0.5367366075515747,-0.9437500238418579,-0.025000236928462982,0.04097213223576546,-0.9437500238418579,-0.025000236928462982,0.04097213223576546,-0.9937499761581421,0.03274223208427429,0.017054397612810135,-0.9437500238418579,0.03274223208427429,0.017054397612810135,-0.9937499761581421,0.19025918841362,0.5606544017791748,-0.9437500238418579,-0.025000236928462982,0.04097213223576546,-0.9437500238418579,0.24800166487693787,0.5367366075515747,-0.9437500238418579,0.03274223208427429,0.017054397612810135,-0.9437500238418579,0.24800166487693787,0.5367366075515747,-0.9937499761581421,0.03274223208427429,0.017054397612810135,-0.9937499761581421,0.19025918841362,0.5606544017791748,-0.9937499761581421,-0.025000236928462982,0.04097213223576546,-0.9937499761581421,0.03125,0.17847181856632233,1,0.03125,-0.6965281963348389,1,0.03125,0.17847181856632233,0.9375,0.03125,-0.6965281963348389,0.9375,-0.03125,0.17847181856632233,0.9375,-0.03125,-0.6965281963348389,0.9375,-0.03125,0.17847181856632233,1,-0.03125,-0.6965281963348389,1,-0.03125,0.17847181856632233,0.9375,-0.03125,0.17847181856632233,1,0.03125,0.17847181856632233,0.9375,0.03125,0.17847181856632233,1,-0.03125,-0.6965281963348389,1,-0.03125,-0.6965281963348389,0.9375,0.03125,-0.6965281963348389,1,0.03125,-0.6965281963348389,0.9375,-0.03125,0.17847181856632233,1,-0.03125,-0.6965281963348389,1,0.03125,0.17847181856632233,1,0.03125,-0.6965281963348389,1,0.03125,0.17847181856632233,0.9375,0.03125,-0.6965281963348389,0.9375,-0.03125,0.17847181856632233,0.9375,-0.03125,-0.6965281963348389,0.9375,0.06629125773906708,0.26306894421577454,1.0625,-0.8949320316314697,-0.6981543898582458,1.0625,0.06629125773906708,0.26306894421577454,1,-0.8949320316314697,-0.6981543898582458,1,0.022097088396549225,0.307263046503067,1,-0.939126193523407,-0.6539601683616638,1,0.022097088396549225,0.307263046503067,1.0625,-0.939126193523407,-0.6539601683616638,1.0625,0.022097088396549225,0.307263046503067,1,0.022097088396549225,0.307263046503067,1.0625,0.06629125773906708,0.26306894421577454,1,0.06629125773906708,0.26306894421577454,1.0625,-0.939126193523407,-0.6539601683616638,1.0625,-0.939126193523407,-0.6539601683616638,1,-0.8949320316314697,-0.6981543898582458,1.0625,-0.8949320316314697,-0.6981543898582458,1,0.022097088396549225,0.307263046503067,1.0625,-0.939126193523407,-0.6539601683616638,1.0625,0.06629125773906708,0.26306894421577454,1.0625,-0.8949320316314697,-0.6981543898582458,1.0625,0.06629125773906708,0.26306894421577454,1,-0.8949320316314697,-0.6981543898582458,1,0.022097088396549225,0.307263046503067,1,-0.939126193523407,-0.6539601683616638,1,-0.022097088396549225,0.307263046503067,1.125,0.9391262531280518,-0.6539601683616638,1.125,-0.022097088396549225,