{"schemaVersion":4,"source":{"uri":"models/players/hair/hair-0006.gltf","sha256":"77d8ae3bfed6e4c3dfa76c6902b96fa3d768ddc964092614fed7bc438b0d8668"},"animationNames":[],"boundingBox":{"min":{"x":-0.2123304633617401,"y":1.02380313038826,"z":-0.2154156196117401},"max":{"x":0.21396952586174012,"y":1.5049218752980231,"z":0.21088436961174012}},"nodeNames":["hair-0006-geo","hair-0006-extra-geo","hair-0006-extra-geo","hair-0006-extra-geo","hair-extra","head-anchor"],"trimesh":{"vertices":[0.20671874284744263,-0.23412813246250153,-0.20671874284744263,0.20671874284744263,0.17930936813354492,-0.20671874284744263,0.20671874284744263,0.17930936813354492,0.20671875774860382,0.20671874284744263,-0.23412813246250153,0.20671875774860382,-0.20671875774860382,-0.23412813246250153,0.20671875774860382,-0.20671875774860382,0.17930936813354492,0.20671875774860382,-0.20671875774860382,0.17930936813354492,-0.20671874284744263,-0.20671875774860382,-0.23412813246250153,-0.20671874284744263,0.20671874284744263,0.17930936813354492,0.20671875774860382,0.20671874284744263,0.17930936813354492,-0.20671874284744263,-0.20671875774860382,0.17930936813354492,-0.20671874284744263,-0.20671875774860382,0.17930936813354492,0.20671875774860382,0.20671874284744263,-0.23412813246250153,-0.20671874284744263,0.20671874284744263,-0.23412813246250153,0.20671875774860382,-0.20671875774860382,-0.23412813246250153,0.20671875774860382,-0.20671875774860382,-0.23412813246250153,-0.20671874284744263,0.20671874284744263,-0.23412813246250153,0.20671875774860382,0.20671874284744263,0.17930936813354492,0.20671875774860382,-0.20671875774860382,0.17930936813354492,0.20671875774860382,-0.20671875774860382,-0.23412813246250153,0.20671875774860382,-0.20671875774860382,-0.23412813246250153,-0.20671874284744263,-0.20671875774860382,0.17930936813354492,-0.20671874284744263,0.20671874284744263,0.17930936813354492,-0.20671874284744263,0.20671874284744263,-0.23412813246250153,-0.20671874284744263,0.14454999566078186,0.24055936932563782,-0.18171873688697815,0.14454999566078186,0.20993438363075256,-0.18171873688697815,0.14454999566078186,0.24055936932563782,-0.2123437374830246,0.14454999566078186,0.20993438363075256,-0.2123437374830246,0.016078127548098564,0.24055936932563782,-0.2123437374830246,0.016078127548098564,0.20993438363075256,-0.2123437374830246,0.016078127548098564,0.24055936932563782,-0.18171873688697815,0.016078127548098564,0.20993438363075256,-0.18171873688697815,0.016078127548098564,0.24055936932563782,-0.2123437374830246,0.016078127548098564,0.24055936932563782,-0.18171873688697815,0.14454999566078186,0.24055936932563782,-0.2123437374830246,0.14454999566078186,0.24055936932563782,-0.18171873688697815,0.016078127548098564,0.20993438363075256,-0.18171873688697815,0.016078127548098564,0.20993438363075256,-0.2123437374830246,0.14454999566078186,0.20993438363075256,-0.18171873688697815,0.14454999566078186,0.20993438363075256,-0.2123437374830246,0.016078127548098564,0.24055936932563782,-0.18171873688697815,0.016078127548098564,0.20993438363075256,-0.18171873688697815,0.14454999566078186,0.24055936932563782,-0.18171873688697815,0.14454999566078186,0.20993438363075256,-0.18171873688697815,0.14454999566078186,0.24055936932563782,-0.2123437374830246,0.14454999566078186,0.20993438363075256,-0.2123437374830246,0.016078127548098564,0.24055936932563782,-0.2123437374830246,0.016078127548098564,0.20993438363075256,-0.2123437374830246,0.17609374225139618,0.20993438363075256,-0.1510937362909317,0.17609374225139618,0.11805936694145203,-0.1510937362909317,0.17609374225139618,0.20993438363075256,-0.2123437374830246,0.17609374225139618,0.11805936694145203,-0.2123437374830246,-0.14393751323223114,0.20993438363075256,-0.2123437374830246,-0.14393751323223114,0.11805936694145203,-0.2123437374830246,-0.14393751323223114,0.20993438363075256,-0.1510937362909317,-0.14393751323223114,0.11805936694145203,-0.1510937362909317,-0.14393751323223114,0.20993438363075256,-0.2123437374830246,-0.14393751323223114,0.20993438363075256,-0.1510937362909317,0.17609374225139618,0.20993438363075256,-0.2123437374830246,0.17609374225139618,0.20993438363075256,-0.1510937362909317,-0.14393751323223114,0.11805936694145203,-0.1510937362909317,-0.14393751323223114,0.11805936694145203,-0.2123437374830246,0.17609374225139618,0.11805936694145203,-0.1510937362909317,0.17609374225139618,0.11805936694145203,-0.2123437374830246,-0.14393751323223114,0.20993438363075256,-0.1510937362909317,-0.14393751323223114,0.11805936694145203,-0.1510937362909317,0.17609374225139618,0.20993438363075256,-0.1510937362909317,0.17609374225139618,0.11805936694145203,-0.1510937362909317,0.17609374225139618,0.20993438363075256,-0.2123437374830246,0.17609374225139618,0.11805936694145203,-0.2123437374830246,-0.14393751323223114,0.20993438363075256,-0.2123437374830246,-0.14393751323223114,0.11805936694145203,-0.2123437374830246,0.2131499946117401,-0.24055936932563782,-0.2131499946117401,0.2131499946117401,0.1857406198978424,-0.2131499946117401,0.2131499946117401,0.1857406198978424,0.2131499946117401,0.2131499946117401,-0.24055936932563782,0.2131499946117401,-0.2131500095129013,-0.24055936932563782,0.2131499946117401,-0.2131500095129013,0.1857406198978424,0.2131499946117401,-0.2131500095129013,0.1857406198978424,-0.2131499946117401,-0.2131500095129013,-0.24055936932563782,-0.2131499946117401,0.2131499946117401,0.1857406198978424,0.2131499946117401,0.2131499946117401,0.1857406198978424,-0.2131499946117401,-0.2131500095129013,0.1857406198978424,-0.2131499946117401,-0.2131500095129013,0.1857406198978424,0.2131499946117401,0.2131499946117401,-0.24055936932563782,-0.2131499946117401,0.2131499946117401,-0.24055936932563782,0.2131499946117401,-0.2131500095129013,-0.24055936932563782,0.2131499946117401,-0.2131500095129013,-0.24055936932563782,-0.2131499946117401,0.2131499946117401,-0.24055936932563782,0.2131499946117401,0.2131499946117401,0.1857406198978424,0.2131499946117401,-0.2131500095129013,0.1857406198978424,0.2131499946117401,-0.2131500095129013,-0.24055936932563782,0.2131499946117401,-0.2131500095129013,-0.24055936932563782,-0.2131499946117401,-0.2131500095129013,0.1857406198978424,-0.2131499946117401,0.2131499946117401,0.1857406198978424,-0.2131499946117401,0.2131499946117401,-0.24055936932563782,-0.2131499946117401],"indices":[0,1,2,0,2,3,4,5,6,4,6,7,8,9,10,8,10,11,12,13,14,12,14,15,16,17,18,16,18,19,20,21,22,20,22,23,24,25,26,25,27,26,28,29,30,29,31,30,32,33,34,33,35,34,36,37,38,37,39,38,40,41,42,41,43,42,44,45,46,45,47,46,48,49,50,49,51,50,52,53,54,53,55,54,56,57,58,57,59,58,60,61,62,61,63,62,64,65,66,65,67,66,68,69,70,69,71,70,72,73,74,72,74,75,76,77,78,76,78,79,80,81,82,80,82,83,84,85,86,84,86,87,88,89,90,88,90,91,92,93,94,92,94,95]},"optimizedModelData":{"":{"meshCount":1},"-named-nodes":{"meshCount":4},"-no-animations":{"meshCount":1}}}