{"schemaVersion":4,"source":{"uri":"models/particles/cylinder-1x1.glb","sha256":"59484782ef09874ca0fbd55aa252812e12382331c4fc0c80693d7c99724f71fb"},"animationNames":[],"boundingBox":{"min":{"x":-0.49980008602142334,"y":0.00019991397857666016,"z":-0.49980008602142334},"max":{"x":0.49980008602142334,"y":0.9998000860214233,"z":0.49980008602142334}},"nodeNames":["Cylinder"],"trimesh":{"vertices":[0,-0.49980008602142334,-0.49980008602142334,0,0.49980008602142334,-0.49980008602142334,0.09750615805387497,0.49980008602142334,-0.49019655585289,0.09750615805387497,-0.49980008602142334,-0.49019655585289,0.09750615805387497,-0.49980008602142334,-0.49019655585289,0.09750615805387497,0.49980008602142334,-0.49019655585289,0.19126522541046143,0.49980008602142334,-0.46175506711006165,0.19126522541046143,-0.49980008602142334,-0.46175506711006165,0.19126522541046143,-0.49980008602142334,-0.46175506711006165,0.19126522541046143,0.49980008602142334,-0.46175506711006165,0.2776740491390228,0.49980008602142334,-0.41556859016418457,0.2776740491390228,-0.49980008602142334,-0.41556859016418457,0.2776740491390228,-0.49980008602142334,-0.41556859016418457,0.2776740491390228,0.49980008602142334,-0.41556859016418457,0.35341203212738037,0.49980008602142334,-0.35341203212738037,0.35341203212738037,-0.49980008602142334,-0.35341203212738037,0.35341203212738037,-0.49980008602142334,-0.35341203212738037,0.35341203212738037,0.49980008602142334,-0.35341203212738037,0.41556859016418457,0.49980008602142334,-0.2776740491390228,0.41556859016418457,-0.49980008602142334,-0.2776740491390228,0.41556859016418457,-0.49980008602142334,-0.2776740491390228,0.41556859016418457,0.49980008602142334,-0.2776740491390228,0.46175506711006165,0.49980008602142334,-0.19126522541046143,0.46175506711006165,-0.49980008602142334,-0.19126522541046143,0.46175506711006165,-0.49980008602142334,-0.19126522541046143,0.46175506711006165,0.49980008602142334,-0.19126522541046143,0.49019655585289,0.49980008602142334,-0.09750615805387497,0.49019655585289,-0.49980008602142334,-0.09750615805387497,0.49019655585289,-0.49980008602142334,-0.09750615805387497,0.49019655585289,0.49980008602142334,-0.09750615805387497,0.49980008602142334,0.49980008602142334,0,0.49980008602142334,-0.49980008602142334,0,0.49980008602142334,-0.49980008602142334,0,0.49980008602142334,0.49980008602142334,0,0.49019655585289,0.49980008602142334,0.09750615805387497,0.49019655585289,-0.49980008602142334,0.09750615805387497,0.49019655585289,-0.49980008602142334,0.09750615805387497,0.49019655585289,0.49980008602142334,0.09750615805387497,0.46175506711006165,0.49980008602142334,0.19126522541046143,0.46175506711006165,-0.49980008602142334,0.19126522541046143,0.46175506711006165,-0.49980008602142334,0.19126522541046143,0.46175506711006165,0.49980008602142334,0.19126522541046143,0.41556859016418457,0.49980008602142334,0.2776740491390228,0.41556859016418457,-0.49980008602142334,0.2776740491390228,0.41556859016418457,-0.49980008602142334,0.2776740491390228,0.41556859016418457,0.49980008602142334,0.2776740491390228,0.35341203212738037,0.49980008602142334,0.35341203212738037,0.35341203212738037,-0.49980008602142334,0.35341203212738037,0.35341203212738037,-0.49980008602142334,0.35341203212738037,0.35341203212738037,0.49980008602142334,0.35341203212738037,0.2776740491390228,0.49980008602142334,0.41556859016418457,0.2776740491390228,-0.49980008602142334,0.41556859016418457,0.2776740491390228,-0.49980008602142334,0.41556859016418457,0.2776740491390228,0.49980008602142334,0.41556859016418457,0.19126522541046143,0.49980008602142334,0.46175506711006165,0.19126522541046143,-0.49980008602142334,0.46175506711006165,0.19126522541046143,-0.49980008602142334,0.46175506711006165,0.19126522541046143,0.49980008602142334,0.46175506711006165,0.09750615805387497,0.49980008602142334,0.49019655585289,0.09750615805387497,-0.49980008602142334,0.49019655585289,0.09750615805387497,-0.49980008602142334,0.49019655585289,0.09750615805387497,0.49980008602142334,0.49019655585289,0,0.49980008602142334,0.49980008602142334,0,-0.49980008602142334,0.49980008602142334,0,-0.49980008602142334,0.49980008602142334,0,0.49980008602142334,0.49980008602142334,-0.09750615805387497,0.49980008602142334,0.49019655585289,-0.09750615805387497,-0.49980008602142334,0.49019655585289,-0.09750615805387497,-0.49980008602142334,0.49019655585289,-0.09750615805387497,0.49980008602142334,0.49019655585289,-0.19126522541046143,0.49980008602142334,0.46175506711006165,-0.19126522541046143,-0.49980008602142334,0.46175506711006165,-0.19126522541046143,-0.49980008602142334,0.46175506711006165,-0.19126522541046143,0.49980008602142334,0.46175506711006165,-0.2776740491390228,0.49980008602142334,0.41556859016418457,-0.2776740491390228,-0.49980008602142334,0.41556859016418457,-0.2776740491390228,-0.49980008602142334,0.41556859016418457,-0.2776740491390228,0.49980008602142334,0.41556859016418457,-0.35341203212738037,0.49980008602142334,0.35341203212738037,-0.35341203212738037,-0.49980008602142334,0.35341203212738037,-0.35341203212738037,-0.49980008602142334,0.35341203212738037,-0.35341203212738037,0.49980008602142334,0.35341203212738037,-0.41556859016418457,0.49980008602142334,0.2776740491390228,-0.41556859016418457,-0.49980008602142334,0.2776740491390228,-0.41556859016418457,-0.49980008602142334,0.2776740491390228,-0.41556859016418457,0.49980008602142334,0.2776740491390228,-0.46175506711006165,0.49980008602142334,0.19126522541046143,-0.46175506711006165,-0.49980008602142334,0.19126522541046143,-0.46175506711006165,-0.49980008602142334,0.19126522541046143,-0.46175506711006165,0.49980008602142334,0.19126522541046143,-0.49019655585289,0.49980008602142334,0.09750615805387497,-0.49019655585289,-0.49980008602142334,0.09750615805387497,-0.49019655585289,-0.49980008602142334,0.09750615805387497,-0.49019655585289,0.49980008602142334,0.09750615805387497,-0.49980008602142334,0.49980008602142334,0,-0.49980008602142334,-0.49980008602142334,0,-0.49980008602142334,-0.49980008602142334,0,-0.49980008602142334,0.49980008602142334,0,-0.49019655585289,0.49980008602142334,-0.09750615805387497,-0.49019655585289,-0.49980008602142334,-0.09750615805387497,-0.49019655585289,-0.49980008602142334,-0.09750615805387497,-0.49019655585289,0.49980008602142334,-0.09750615805387497,-0.46175506711006165,0.49980008602142334,-0.19126522541046143,-0.46175506711006165,-0.49980008602142334,-0.19126522541046143,-0.46175506711006165,-0.49980008602142334,-0.19126522541046143,-0.46175506711006165,0.49980008602142334,-0.19126522541046143,-0.41556859016418457,0.49980008602142334,-0.2776740491390228,-0.41556859016418457,-0.49980008602142334,-0.2776740491390228,-0.41556859016418457,-0.49980008602142334,-0.2776740491390228,-0.41556859016418457,0.49980008602142334,-0.2776740491390228,-0.35341203212738037,0.49980008602142334,-0.35341203212738037,-0.35341203212738037,-0.49980008602142334,-0.35341203212738037,-0.35341203212738037,-0.49980008602142334,-0.35341203212738037,-0.35341203212738037,0.49980008602142334,-0.35341203212738037,-0.2776740491390228,0.49980008602142334,-0.41556859016418457,-0.2776740491390228,-0.49980008602142334,-0.41556859016418457,-0.2776740491390228,-0.49980008602142334,-0.41556859016418457,-0.2776740491390228,0.49980008602142334,-0.41556859016418457,-0.19126522541046143,0.49980008602142334,-0.46175506711006165,-0.19126522541046143,-0.49980008602142334,-0.46175506711006165,-0.19126522541046143,-0.49980008602142334,-0.46175506711006165,-0.19126522541046143,0.49980008602142334,-0.46175506711006165,-0.09750615805387497,0.49980008602142334,-0.49019655585289,-0.09750615805387497,-0.49980008602142334,-0.49019655585289,-0.09750615805387497,-0.49980008602142334,-0.49019655585289,-0.09750615805387497,0.49980008602142334,-0.49019655585289,0,0.49980008602142334,-0.49980008602142334,0,-0.49980008602142334,-0.49980008602142334],