{"schemaVersion":4,"source":{"uri":"models/pets/legendary/witch-cat.gltf","sha256":"fee2ed68f61aae77c981203b20c13c0a38593c35273fd7ac918afded724b59c4"},"animationNames":["idle"],"boundingBox":{"min":{"x":-0.5625,"y":0,"z":-0.5625},"max":{"x":0.5625,"y":1.4753624640917973,"z":0.6562491109987778}},"nodeNames":["cube","cube","cube","cube","cube","cube","cube","cube","cube","left_arm","cube","tail","cube","right_arm","cube","left_leg","cube","right_leg","cube","left_eye","cube","right_eye","cube","cube","cube","cube","hat","head","cube-pet"],"trimesh":{"vertices":[0.3125,0.625,0.3125,0.3125,0,0.3125,0.3125,0.625,-0.3125,0.3125,0,-0.3125,-0.3125,0.625,-0.3125,-0.3125,0,-0.3125,-0.3125,0.625,0.3125,-0.3125,0,0.3125,-0.3125,0.625,-0.3125,-0.3125,0.625,0.3125,0.3125,0.625,-0.3125,0.3125,0.625,0.3125,-0.3125,0,0.3125,-0.3125,0,-0.3125,0.3125,0,0.3125,0.3125,0,-0.3125,-0.3125,0.625,0.3125,-0.3125,0,0.3125,0.3125,0.625,0.3125,0.3125,0,0.3125,0.3125,0.625,-0.3125,0.3125,0,-0.3125,-0.3125,0.625,-0.3125,-0.3125,0,-0.3125,0.15625,0.3125,-0.3125,0.15625,0.0625,-0.3125,0.15625,0.3125,-0.4375,0.15625,0.0625,-0.4375,-0.15625,0.3125,-0.4375,-0.15625,0.0625,-0.4375,-0.15625,0.3125,-0.3125,-0.15625,0.0625,-0.3125,-0.15625,0.3125,-0.4375,-0.15625,0.3125,-0.3125,0.15625,0.3125,-0.4375,0.15625,0.3125,-0.3125,-0.15625,0.0625,-0.3125,-0.15625,0.0625,-0.4375,0.15625,0.0625,-0.3125,0.15625,0.0625,-0.4375,-0.15625,0.3125,-0.3125,-0.15625,0.0625,-0.3125,0.15625,0.3125,-0.3125,0.15625,0.0625,-0.3125,0.15625,0.3125,-0.4375,0.15625,0.0625,-0.4375,-0.15625,0.3125,-0.4375,-0.15625,0.0625,-0.4375,-0.15625,0.203125,-0.375,-0.15625,0.203125,-0.375,-0.15625,0.171875,-0.375,-0.34375,0.203125,-0.375,-0.34375,0.203125,-0.375,-0.34375,0.171875,-0.375,-0.15625,0.203125,-0.375,-0.34375,0.203125,-0.375,-0.15625,0.203125,-0.375,-0.15625,0.171875,-0.375,-0.34375,0.171875,-0.375,-0.15625,0.171875,-0.375,-0.34375,0.171875,-0.375,-0.34375,0.203125,-0.375,-0.15625,0.203125,-0.375,-0.15625,0.171875,-0.375,-0.13464556634426117,0.23318561911582947,-0.375,-0.13464556634426117,0.23318561911582947,-0.375,-0.14660443365573883,0.20431438088417053,-0.375,-0.3078729808330536,0.30493876338005066,-0.375,-0.3078729808330536,0.30493876338005066,-0.375,-0.31983184814453125,0.2760675251483917,-0.375,-0.13464556634426117,0.23318561911582947,-0.375,-0.3078729808330536,0.30493876338005066,-0.375,-0.13464556634426117,0.23318561911582947,-0.375,-0.14660443365573883,0.20431438088417053,-0.375,-0.31983184814453125,0.2760675251483917,-0.375,-0.14660443365573883,0.20431438088417053,-0.375,-0.31983184814453125,0.2760675251483917,-0.375,-0.3078729808330536,0.30493876338005066,-0.375,-0.13464556634426117,0.23318561911582947,-0.375,-0.14660443365573883,0.20431438088417053,-0.375,-0.13464556634426117,0.14181438088417053,-0.375,-0.13464556634426117,0.14181438088417053,-0.375,-0.14660443365573883,0.17068561911582947,-0.375,-0.3078729808330536,0.07006123661994934,-0.375,-0.3078729808330536,0.07006123661994934,-0.375,-0.31983184814453125,0.09893247485160828,-0.375,-0.3078729808330536,0.07006123661994934,-0.375,-0.13464556634426117,0.14181438088417053,-0.375,-0.3078729808330536,0.07006123661994934,-0.375,-0.31983184814453125,0.09893247485160828,-0.375,-0.14660443365573883,0.17068561911582947,-0.375,-0.31983184814453125,0.09893247485160828,-0.375,-0.13464556634426117,0.14181438088417053,-0.375,-0.3078729808330536,0.07006123661994934,-0.375,-0.31983184814453125,0.09893247485160828,-0.375,-0.14660443365573883,0.17068561911582947,-0.375,0.13464556634426117,0.23318561911582947,-0.375,0.13464556634426117,0.23318561911582947,-0.375,0.14660443365573883,0.20431438088417053,-0.375,0.3078729808330536,0.30493876338005066,-0.375,0.3078729808330536,0.30493876338005066,-0.375,0.31983184814453125,0.2760675251483917,-0.375,0.3078729808330536,0.30493876338005066,-0.375,0.13464556634426117,0.23318561911582947,-0.375,0.3078729808330536,0.30493876338005066,-0.375,0.31983184814453125,0.2760675251483917,-0.375,0.14660443365573883,0.20431438088417053,-0.375,0.31983184814453125,0.2760675251483917,-0.375,0.13464556634426117,0.23318561911582947,-0.375,0.3078729808330536,0.30493876338005066,-0.375,0.31983184814453125,0.2760675251483917,-0.375,0.14660443365573883,0.20431438088417053,-0.375,0.15625,0.203125,-0.375,0.15625,0.203125,-0.375,0.15625,0.171875,-0.375,0.34375,0.203125,-0.375,0.34375,0.203125,-0.375,0.34375,0.171875,-0.375,0.34375,0.203125,-0.375,0.15625,0.203125,-0.375,0.34375,0.203125,-0.375,0.34375,0.171875,-0.375,0.15625,0.171875,-0.375,0.34375,0.171875,-0.375,0.15625,0.203125,-0.375,0.34375,0.203125,-0.375,0.34375,0.171875,-0.375,0.15625,0.171875,-0.375,0.13464556634426117,0.14181438088417053,-0.375,0.13464556634426117,0.14181438088417053,-0.375,0.14660443365573883,0.17068561911582947,-0.375,0.3078729808330536,0.07006123661994934,-0.375,0.3078729808330536,0.07006123661994934,-0.375,0.31983184814453125,0.09893247485160828,-0.375,0.13464556634426117,0.14181438088417053,-0.375,0.3078729808330536,0.07006123661994934,-0.375,0.13464556634426117,0.14181438088417053,-0.375,0.14660443365573883,0.17068561911582947,-0.375,0.31983184814453125,0.09893247485160828,-0.375,0.14660443365573883,0.17068561911582947,-0.375,0.31983184814453125,0.09893247485160828,-0.375,0.3078729808330536,0.07006123661994934,-0.375,0.13464556634426117,0.14181438088417053,-0.375,0.14660443365573883,0.17068561911582947,-0.375,0.125,0.125,0.0625,0.125,0,0.0625,0.125,0.125,-0.125,0.125,0,-0.125,-0.0625,0.125,-0.125,-0.0625,0,-0.125,-0.0625,0.125,0.0625,-0.0625,0,0.0625,-0.0625,0.125,-0.125,-0.0625,0.125,0.0625,0.125,0.125,-0.125,0.125,0.125,0.0625,-0.0625,0,0.0625,-0.0625,0,-0.125,0.125,0,0.0625,0.125,0,-0.125,-0.0625,0.125,0.0625,-0.0625,0,0.0625,0.125,0.125,0.0625,0.125,0,0.0625,0.125,0.125,-0.125,0.125,0,-0.125,-0.0625,0.125,-0.125,-0.0625,0,-0.125,0.0625,0.375,0.1875,0.0625,0.25,0.1875,0.0625,0.375,-0.1875,0.0625,0.25,-0.1875,-0.0625,0.375,-0.1875,-0.0625,0.25,-0.1875,-0.0625,0.375,0.1875,-0.0625,0.25,0.1875,-0.0625,0.375,-0.1875,-0.0625,0.375,0.1875,0.0625,0.375,-0.1875,0.0625,0.375,0.1875,-0.0625,0.25,0.1875,-0.0625,0.25,-0.1875,0.0625,0.25,0.1875,0.0625,0.25,-0.1875,-0.0625,0.375,0.1875,-0.0625,0.25,0.1875,0.0625,0.375,0.1875,0.0625,0.25,0.1875,0.0625,0.375,-0.1875,0.0625,0.25,-0.1875,-0.0625,0.375,-0.1875,-0.0625,0.25,-0.1875,0.0625,0.125,0.0625,0.0625,0,0.0625,0.0625,0.125,-0.125,0.0625,0,-0.125,-0.125,0.125,-0.125,-0.125,0,-0.125,-0.125,0.125,0.0625,-0.125,0,0.0625,-0.125,0.125,-0.125,-0.125,0.125,0.0625,0.0625,0.125,-0.125,0.0625,0.125,0.0625,-0.125,0,0.0625,-0.125,0,-0.125,0.0625,0,0.0625,0.0625,0,-0.125,-0.125,0.125,0.0625,-0.125,0,0.0625,0.0625,0.125,0.0625,0.0625,0,0.0625,0.0625,0.125,-0.125,0.0625,0,-0.125,-0.125,0.125,-0.125,-0.125,0,-0.125,0.125,0.125,0.0625,0.125,0,0.0625,0.125,0.125,-0.125,0.125,0,-0.125,-0.0625,0.125,-0.125,-0.0625,0,-0.125,-0.0625,0.125,0.0625,-0.0625,0,0.0625,-0.0625,0.125,-0.125,-0.0625,0.125,0.0625,0.125,0.125,-0.125,0.125,0.125,0.0625,-0.0625,0,0.0625,-0.0625,0,-0.125,0.125,0,0.0625,0.125,0,-0.125,-0.0625,0.125,0.0625,-0.0625,0,0.0625,0.125,0.125,0.0625,0.125,0,0.0625,0.125,0.125,-0.125,0.125,0,-0.125,-0.0625,0.125,-0.125,-0.0625,0,-0.125,0.0625,0.125,0.0625,0.0625,0,0.0625,0.0625,0.125,-0.125,0.0625,0,-0.125,-0.125,0.125,-0.125,-0.125,0,-0.125,-0.125,0.125,0.0625,-0.125,0,0.0625,-0.125,0.125,-0.125,-0.125,0.125,0.0625,0.0625,0.125,-0.125,0.0625,0.125,0.0625,-0.125,0,0.0625,-0.125,0,-0.125,0.0625,0,0.0625,0.0625,0,-0.125,-0.125,0.125,0.0625,-0.125,0,0.0625,0.0625,0.125,0.0625,0.0625,0,0.0625,0.0625,0.125,-0.125,0.0625,0,-0.125,-0.125,0.125,-0.125,-0.125,0,-0.125,-0.0625,0.53125,-0.3125,-0.0625,0.53125,-0.3125,-0.0625,0.3125,-0.3125,-0.28125,0.53125,-0.3125,-0.28125,0.53125,-0.3125,-0.28125,0.3125,-0.3125,-0.0625,0.53125,-0.3125,-0.0625,0.53125,-0.3125,-0.0625,0.3125,-0.3125,-0.28125,0.3125,-0.3125,-0.0625,0.3125,-0.3125,-0.28125,0.3125,-0.3125,-0.28125,0.53125,-0.3125,-0.0625,0.53125,-0.3125,-0.0625,0.3125,-0.3125,0.0625,0.53125,-0.3125,0.0625,