{"schemaVersion":4,"source":{"uri":"models/weapons/iron-dagger.gltf","sha256":"3fd643644d69fc5a3301c3506e265c1fdb5179e15b8593ee92483be38c3d9ae9"},"animationNames":[],"boundingBox":{"min":{"x":0.18702625,"y":-0.65625,"z":0.40625},"max":{"x":0.81202625,"y":0.6240577608160496,"z":0.59375}},"nodeNames":["cube","cube","cube","cube","cube","cube","root",""],"trimesh":{"vertices":[0.0625,-0.1401538848876953,0.0625,0.0625,-0.5776538848876953,0.0625,0.0625,-0.1401538848876953,-0.0625,0.0625,-0.5776538848876953,-0.0625,-0.0625,-0.1401538848876953,-0.0625,-0.0625,-0.5776538848876953,-0.0625,-0.0625,-0.1401538848876953,0.0625,-0.0625,-0.5776538848876953,0.0625,-0.0625,-0.1401538848876953,-0.0625,-0.0625,-0.1401538848876953,0.0625,0.0625,-0.1401538848876953,-0.0625,0.0625,-0.1401538848876953,0.0625,-0.0625,-0.5776538848876953,0.0625,-0.0625,-0.5776538848876953,-0.0625,0.0625,-0.5776538848876953,0.0625,0.0625,-0.5776538848876953,-0.0625,-0.0625,-0.1401538848876953,0.0625,-0.0625,-0.5776538848876953,0.0625,0.0625,-0.1401538848876953,0.0625,0.0625,-0.5776538848876953,0.0625,0.0625,-0.1401538848876953,-0.0625,0.0625,-0.5776538848876953,-0.0625,-0.0625,-0.1401538848876953,-0.0625,-0.0625,-0.5776538848876953,-0.0625,0.09375,-0.5151538848876953,0.09375,0.09375,-0.6401538848876953,0.09375,0.09375,-0.5151538848876953,-0.09375,0.09375,-0.6401538848876953,-0.09375,-0.09375,-0.5151538848876953,-0.09375,-0.09375,-0.6401538848876953,-0.09375,-0.09375,-0.5151538848876953,0.09375,-0.09375,-0.6401538848876953,0.09375,-0.09375,-0.5151538848876953,-0.09375,-0.09375,-0.5151538848876953,0.09375,0.09375,-0.5151538848876953,-0.09375,0.09375,-0.5151538848876953,0.09375,-0.09375,-0.6401538848876953,0.09375,-0.09375,-0.6401538848876953,-0.09375,0.09375,-0.6401538848876953,0.09375,0.09375,-0.6401538848876953,-0.09375,-0.09375,-0.5151538848876953,0.09375,-0.09375,-0.6401538848876953,0.09375,0.09375,-0.5151538848876953,0.09375,0.09375,-0.6401538848876953,0.09375,0.09375,-0.5151538848876953,-0.09375,0.09375,-0.6401538848876953,-0.09375,-0.09375,-0.5151538848876953,-0.09375,-0.09375,-0.6401538848876953,-0.09375,0.1875,-0.01515388023108244,0.0625,0.1875,-0.1401538848876953,0.0625,0.1875,-0.01515388023108244,-0.0625,0.1875,-0.1401538848876953,-0.0625,-0.1875,-0.01515388023108244,-0.0625,-0.1875,-0.1401538848876953,-0.0625,-0.1875,-0.01515388023108244,0.0625,-0.1875,-0.1401538848876953,0.0625,-0.1875,-0.01515388023108244,-0.0625,-0.1875,-0.01515388023108244,0.0625,0.1875,-0.01515388023108244,-0.0625,0.1875,-0.01515388023108244,0.0625,-0.1875,-0.1401538848876953,0.0625,-0.1875,-0.1401538848876953,-0.0625,0.1875,-0.1401538848876953,0.0625,0.1875,-0.1401538848876953,-0.0625,-0.1875,-0.01515388023108244,0.0625,-0.1875,-0.1401538848876953,0.0625,0.1875,-0.01515388023108244,0.0625,0.1875,-0.1401538848876953,0.0625,0.1875,-0.01515388023108244,-0.0625,0.1875,-0.1401538848876953,-0.0625,-0.1875,-0.01515388023108244,-0.0625,-0.1875,-0.1401538848876953,-0.0625,0.3125,-0.01515388023108244,0.000062502920627594,0.3125,-0.1401538848876953,0.000062502920627594,0.3125,-0.01515388023108244,0,0.3125,-0.1401538848876953,0,-0.3125,-0.01515388023108244,0,-0.3125,-0.1401538848876953,0,-0.3125,-0.01515388023108244,0.000062502920627594,-0.3125,-0.1401538848876953,0.000062502920627594,-0.3125,-0.01515388023108244,0,-0.3125,-0.01515388023108244,0.000062502920627594,0.3125,-0.01515388023108244,0,0.3125,-0.01515388023108244,0.000062502920627594,-0.3125,-0.1401538848876953,0.000062502920627594,-0.3125,-0.1401538848876953,0,0.3125,-0.1401538848876953,0.000062502920627594,0.3125,-0.1401538848876953,0,-0.3125,-0.01515388023108244,0.000062502920627594,-0.3125,-0.1401538848876953,0.000062502920627594,0.3125,-0.01515388023108244,0.000062502920627594,0.3125,-0.1401538848876953,0.000062502920627594,0.3125,-0.01515388023108244,0,0.3125,-0.1401538848876953,0,-0.3125,-0.01515388023108244,0,-0.3125,-0.1401538848876953,0,0.09375,0.5473461151123047,0.03125,0.09375,-0.01515388023108244,0.03125,0.09375,0.5473461151123047,-0.03125,0.09375,-0.01515388023108244,-0.03125,-0.09375,0.5473461151123047,-0.03125,-0.09375,-0.01515388023108244,-0.03125,-0.09375,0.5473461151123047,0.03125,-0.09375,-0.01515388023108244,0.03125,-0.09375,0.5473461151123047,-0.03125,-0.09375,0.5473461151123047,0.03125,0.09375,0.5473461151123047,-0.03125,0.09375,0.5473461151123047,0.03125,-0.09375,-0.01515388023108244,0.03125,-0.09375,-0.01515388023108244,-0.03125,0.09375,-0.01515388023108244,0.03125,0.09375,-0.01515388023108244,-0.03125,-0.09375,0.5473461151123047,0.03125,-0.09375,-0.01515388023108244,0.03125,0.09375,0.5473461151123047,0.03125,0.09375,-0.01515388023108244,0.03125,0.09375,0.5473461151123047,-0.03125,0.09375,-0.01515388023108244,-0.03125,-0.09375,0.5473461151123047,-0.03125,-0.09375,-0.01515388023108244,-0.03125,0,0.6401538848876953,0.030625000596046448,0.09280775487422943,0.5473461151123047,0.030625000596046448,0,0.6401538848876953,-0.030625000596046448,0.09280775487422943,0.5473461151123047,-0.030625000596046448,-0.09280776232481003,0.5473461151123047,-0.030625000596046448,0,0.45453834533691406,-0.030625000596046448,-0.09280776232481003,0.5473461151123047,0.030625000596046448,0,0.45453834533691406,0.030625000596046448,-0.09280776232481003,0.5473461151123047,-0.030625000596046448,-0.09280776232481003,0.5473461151123047,0.030625000596046448,0,0.6401538848876953,-0.030625000596046448,0,0.6401538848876953,0.030625000596046448,0,0.45453834533691406,0.030625000596046448,0,0.45453834533691406,-0.030625000596046448,0.09280775487422943,0.5473461151123047,0.030625000596046448,0.09280775487422943,0.5473461151123047,-0.030625000596046448,-0.09280776232481003,0.5473461151123047,0.030625000596046448,0,0.45453834533691406,0.030625000596046448,0,0.6401538848876953,0.030625000596046448,0.09280775487422943,0.5473461151123047,0.030625000596046448,0,0.6401538848876953,-0.030625000596046448,0.09280775487422943,0.5473461151123047,-0.030625000596046448,-0.09280776232481003,0.5473461151123047,-0.030625000596046448,0,0.45453834533691406,-0.030625000596046448],"indices":[0,1,2,1,3,2,4,5,6,5,7,6,8,9,10,9,11,10,12,13,14,13,15,14,16,17,18,17,19,18,20,21,22,21,23,22,24,25,26,25,27,26,28,29,30,29,31,30,32,33,34,33,35,34,36,37,38,37,39,38,40,41,42,41,43,42,44,45,46,45,47,46,48,49,50,49,51,50,52,53,54,53,55,54,56,57,58,57,59,58,60,61,62,61,63,62,64,65,66,65,67,66,68,69,70,69,71,70,72,73,74,73,75,74,76,77,78,77,79,78,80,81,82,81,83,82,84,85,86,85,87,86,88,89,90,89,91,90,92,93,94,93,95,94,96,97,98,97,99,98,100,101,102,101,103,102,104,105,106,105,107,106,108,109,110,109,111,110,112,113,114,113,115,114,116,117,118,117,119,118,120,121,122,121,123,122,124,125,126,125,127,126,128,129,130,129,131,130,132,133,134,133,135,134,136,137,138,137,139,138,140,141,142,141,143,142]},"optimizedModelData":{"":{"meshCount":1},"-named-nodes":{"meshCount":6},"-no-animations":{"meshCount":1}}}