{"schemaVersion":4,"source":{"uri":"models/environment/market-stall-3.gltf","sha256":"d1428e674c243de38a586113a521aa701b41402ffade8a96909f3fe036424cf2"},"animationNames":[],"boundingBox":{"min":{"x":-0.6875,"y":0,"z":-0.265625},"max":{"x":1.6875,"y":1.625,"z":0.5687499940395355}},"nodeNames":["cube","cube","cube","cube","cube","cube","cube","cube","cube","cube","cube","cube","cube","cube","cube","cube","root",""],"trimesh":{"vertices":[0.75,-0.40625,0.28593748807907104,0.75,-0.8125,0.28593748807907104,0.75,-0.40625,-0.08906249701976776,0.75,-0.8125,-0.08906249701976776,-0.75,-0.40625,-0.08906249701976776,-0.75,-0.8125,-0.08906249701976776,-0.75,-0.40625,0.28593748807907104,-0.75,-0.8125,0.28593748807907104,-0.75,-0.40625,-0.08906249701976776,-0.75,-0.40625,0.28593748807907104,0.75,-0.40625,-0.08906249701976776,0.75,-0.40625,0.28593748807907104,-0.75,-0.8125,0.28593748807907104,-0.75,-0.8125,-0.08906249701976776,0.75,-0.8125,0.28593748807907104,0.75,-0.8125,-0.08906249701976776,-0.75,-0.40625,0.28593748807907104,-0.75,-0.8125,0.28593748807907104,0.75,-0.40625,0.28593748807907104,0.75,-0.8125,0.28593748807907104,0.75,-0.40625,-0.08906249701976776,0.75,-0.8125,-0.08906249701976776,-0.75,-0.40625,-0.08906249701976776,-0.75,-0.8125,-0.08906249701976776,0.7188125252723694,-0.40625,-0.08906249701976776,0.7188125252723694,-0.59375,-0.08906249701976776,0.7188125252723694,-0.40625,-0.27656251192092896,0.7188125252723694,-0.59375,-0.27656251192092896,0.71875,-0.40625,-0.27656251192092896,0.71875,-0.59375,-0.27656251192092896,0.71875,-0.40625,-0.08906249701976776,0.71875,-0.59375,-0.08906249701976776,0.71875,-0.40625,-0.27656251192092896,0.71875,-0.40625,-0.08906249701976776,0.7188125252723694,-0.40625,-0.27656251192092896,0.7188125252723694,-0.40625,-0.08906249701976776,0.71875,-0.59375,-0.08906249701976776,0.71875,-0.59375,-0.27656251192092896,0.7188125252723694,-0.59375,-0.08906249701976776,0.7188125252723694,-0.59375,-0.27656251192092896,0.71875,-0.40625,-0.08906249701976776,0.71875,-0.59375,-0.08906249701976776,0.7188125252723694,-0.40625,-0.08906249701976776,0.7188125252723694,-0.59375,-0.08906249701976776,0.7188125252723694,-0.40625,-0.27656251192092896,0.7188125252723694,-0.59375,-0.27656251192092896,0.71875,-0.40625,-0.27656251192092896,0.71875,-0.59375,-0.27656251192092896,-0.7186875343322754,-0.40625,-0.08906249701976776,-0.7186875343322754,-0.59375,-0.08906249701976776,-0.7186875343322754,-0.40625,-0.27656251192092896,-0.7186875343322754,-0.59375,-0.27656251192092896,-0.71875,-0.40625,-0.27656251192092896,-0.71875,-0.59375,-0.27656251192092896,-0.71875,-0.40625,-0.08906249701976776,-0.71875,-0.59375,-0.08906249701976776,-0.71875,-0.40625,-0.27656251192092896,-0.71875,-0.40625,-0.08906249701976776,-0.7186875343322754,-0.40625,-0.27656251192092896,-0.7186875343322754,-0.40625,-0.08906249701976776,-0.71875,-0.59375,-0.08906249701976776,-0.71875,-0.59375,-0.27656251192092896,-0.7186875343322754,-0.59375,-0.08906249701976776,-0.7186875343322754,-0.59375,-0.27656251192092896,-0.71875,-0.40625,-0.08906249701976776,-0.71875,-0.59375,-0.08906249701976776,-0.7186875343322754,-0.40625,-0.08906249701976776,-0.7186875343322754,-0.59375,-0.08906249701976776,-0.7186875343322754,-0.40625,-0.27656251192092896,-0.7186875343322754,-0.59375,-0.27656251192092896,-0.71875,-0.40625,-0.27656251192092896,-0.71875,-0.59375,-0.27656251192092896,0.8125,-0.3125,0.34843748807907104,0.8125,-0.40625,0.34843748807907104,0.8125,-0.3125,-0.27656251192092896,0.8125,-0.40625,-0.27656251192092896,-0.8125,-0.3125,-0.27656251192092896,-0.8125,-0.40625,-0.27656251192092896,-0.8125,-0.3125,0.34843748807907104,-0.8125,-0.40625,0.34843748807907104,-0.8125,-0.3125,-0.27656251192092896,-0.8125,-0.3125,0.34843748807907104,0.8125,-0.3125,-0.27656251192092896,0.8125,-0.3125,0.34843748807907104,-0.8125,-0.40625,0.34843748807907104,-0.8125,-0.40625,-0.27656251192092896,0.8125,-0.40625,0.34843748807907104,0.8125,-0.40625,-0.27656251192092896,-0.8125,-0.3125,0.34843748807907104,-0.8125,-0.40625,0.34843748807907104,0.8125,-0.3125,0.34843748807907104,0.8125,-0.40625,0.34843748807907104,0.8125,-0.3125,-0.27656251192092896,0.8125,-0.40625,-0.27656251192092896,-0.8125,-0.3125,-0.27656251192092896,-0.8125,-0.40625,-0.27656251192092896,1.0625,0.8125,0.41093748807907104,1.0625,-0.8125,0.41093748807907104,1.0625,0.8125,0.28593748807907104,1.0625,-0.8125,0.28593748807907104,0.9375,0.8125,0.28593748807907104,0.9375,-0.8125,0.28593748807907104,0.9375,0.8125,0.41093748807907104,0.9375,-0.8125,0.41093748807907104,0.9375,0.8125,0.28593748807907104,0.9375,0.8125,0.41093748807907104,1.0625,0.8125,0.28593748807907104,1.0625,0.8125,0.41093748807907104,0.9375,-0.8125,0.41093748807907104,0.9375,-0.8125,0.28593748807907104,1.0625,-0.8125,0.41093748807907104,1.0625,-0.8125,0.28593748807907104,0.9375,0.8125,0.41093748807907104,0.9375,-0.8125,0.41093748807907104,1.0625,0.8125,0.41093748807907104,1.0625,-0.8125,0.41093748807907104,1.0625,0.8125,0.28593748807907104,1.0625,-0.8125,0.28593748807907104,0.9375,0.8125,0.28593748807907104,0.9375,-0.8125,0.28593748807907104,1.068750023841858,0.06875002384185791,0.41718751192092896,1.068750023841858,-0.1937500238418579,0.41718751192092896,1.068750023841858,0.06875002384185791,0.2796875238418579,1.068750023841858,-0.1937500238418579,0.2796875238418579,0.9312499761581421,0.06875002384185791,0.2796875238418579,0.9312499761581421,-0.1937500238418579,0.2796875238418579,0.9312499761581421,0.06875002384185791,0.41718751192092896,0.9312499761581421,-0.1937500238418579,0.41718751192092896,0.9312499761581421,0.06875002384185791,0.2796875238418579,0.9312499761581421,0.06875002384185791,0.41718751192092896,1.068750023841858,0.06875002384185791,0.2796875238418579,1.068750023841858,0.06875002384185791,0.41718751192092896,0.9312499761581421,-0.1937500238418579,0.41718751192092896,0.9312499761581421,-0.1937500238418579,0.2796875238418579,1.068750023841858,-0.1937500238418579,0.41718751192092896,1.068750023841858,-0.1937500238418579,0.2796875238418579,0.9312499761581421,0.06875002384185791,0.41718751192092896,0.9312499761581421,-0.1937500238418579,0.41718751192092896,1.068750023841858,0.06875002384185791,0.41718751192092896,1.068750023841858,-0.1937500238418579,0.41718751192092896,1.068750023841858,0.06875002384185791,0.2796875238418579,1.068750023841858,-0.1937500238418579,0.2796875238418579,0.9312499761581421,0.06875002384185791,0.2796875238418579,0.9312499761581421,-0.1937500238418579,0.2796875238418579,1.0000624656677246,0.625,0.30156248807907104,1.0000624656677246,-0.8125,0.30156248807907104,1.0000624656677246,0.625,-0.41718751192092896,1.0000624656677246,-0.8125,-0.41718751192092896,1,0.625,-0.41718751192092896,1,-0.8125,-0.41718751192092896,1,0.625,0.30156248807907104,1,-0.8125,0.30156248807907104,1,0.625,-0.41718751192092896,1,0.625,0.30156248807907104,1.0000624656677246,0.625,-0.41718751192092896,1.0000624656677246,0.625,0.30156248807907104,1,-0.8125,0.30156248807907104,1,-0.8125,-0.41718751192092896,1.0000624656677246,-0.8125,0.30156248807907104,1.0000624656677246,-0.8125,-0.41718751192092896,1,0.625,0.30156248807907104,1,-0.8125,0.30156248807907104,1.0000624656677246,0.625,0.30156248807907104,1.0000624656677246,-0.8125,0.30156248807907104,1.0000624656677246,0.625,-0.41718751192092896,1.0000624656677246,-0.8125,-0.41718751192092896,1,0.625,-0.41718751192092896,1,-0.8125,-0.41718751192092896,-0.9312499761581421,0.06875002384185791,0.41718751192092896,-0.9312499761581421,-0.1937500238418579,0.41718751192092896,-0.9312499761581421,0.06875002384185791,0.2796875238418579,-0.9312499761581421,-0.1937500238418579,0.2796875238418579,-1.068750023841858,0.06875002384185791,0.2796875238418579,-1.068750023841858,-0.1937500238418579,0.2796875238418579,-1.068750023841858,0.06875002384185791,0.41718751192092896,-1.068750023841858,-0.1937500238418579,0.41718751192092896,-1.068750023841858,0.06875002384185791,0.2796875238418579,-1.068750023841858,0.06875002384185791,0.41718751192092896,-0.9312499761581421,