{"schemaVersion":4,"source":{"uri":"models/pets/uncommon/bee.gltf","sha256":"c933175947f2f68cb1d6b9dc53fdd718f029d9c4aaf247aa6379665f4c97564f"},"animationNames":["idle"],"boundingBox":{"min":{"x":-0.34371957923786095,"y":0,"z":-0.32871366350661735},"max":{"x":0.34371957923786095,"y":1.0851444438645528,"z":0.5313707420506284}},"nodeNames":["cube","cube","left_arm","cube","tail","cube","left_ear","cube","right_arm","cube","left_leg","cube","right_leg","cube","left_eye","cube","right_eye","cube","right_ear","cube","left_wing","cube","right_wing","head","cube-pet"],"trimesh":{"vertices":[0.3125,0.625,0.3125,0.3125,0,0.3125,0.3125,0.625,-0.3125,0.3125,0,-0.3125,-0.3125,0.625,-0.3125,-0.3125,0,-0.3125,-0.3125,0.625,0.3125,-0.3125,0,0.3125,-0.3125,0.625,-0.3125,-0.3125,0.625,0.3125,0.3125,0.625,-0.3125,0.3125,0.625,0.3125,-0.3125,0,0.3125,-0.3125,0,-0.3125,0.3125,0,0.3125,0.3125,0,-0.3125,-0.3125,0.625,0.3125,-0.3125,0,0.3125,0.3125,0.625,0.3125,0.3125,0,0.3125,0.3125,0.625,-0.3125,0.3125,0,-0.3125,-0.3125,0.625,-0.3125,-0.3125,0,-0.3125,0.125,0.125,0.0625,0.125,0,0.0625,0.125,0.125,-0.125,0.125,0,-0.125,-0.0625,0.125,-0.125,-0.0625,0,-0.125,-0.0625,0.125,0.0625,-0.0625,0,0.0625,-0.0625,0.125,-0.125,-0.0625,0.125,0.0625,0.125,0.125,-0.125,0.125,0.125,0.0625,-0.0625,0,0.0625,-0.0625,0,-0.125,0.125,0,0.0625,0.125,0,-0.125,-0.0625,0.125,0.0625,-0.0625,0,0.0625,0.125,0.125,0.0625,0.125,0,0.0625,0.125,0.125,-0.125,0.125,0,-0.125,-0.0625,0.125,-0.125,-0.0625,0,-0.125,0,0.21875,0.0625,0,0.40625,0.0625,0,0.40625,-0.1875,0,0.21875,-0.1875,0,0.40625,-0.1875,0,0.40625,-0.1875,0,0.40625,0.0625,0,0.21875,0.0625,0,0.21875,0.0625,0,0.21875,-0.1875,0,0.40625,0.0625,0,0.40625,0.0625,0,0.21875,0.0625,0,0.40625,-0.1875,0,0.40625,-0.1875,0,0.21875,-0.1875,-0.125,0.3125,0,-0.125,1.1102230246251565e-16,0,-0.125,0.3125,-0.0625,-0.125,1.1102230246251565e-16,-0.0625,-0.25,0.3125,-0.0625,-0.25,1.1102230246251565e-16,-0.0625,-0.25,0.3125,0,-0.25,1.1102230246251565e-16,0,-0.25,0.3125,-0.0625,-0.25,0.3125,0,-0.125,0.3125,-0.0625,-0.125,0.3125,0,-0.25,1.1102230246251565e-16,0,-0.25,1.1102230246251565e-16,-0.0625,-0.125,1.1102230246251565e-16,0,-0.125,1.1102230246251565e-16,-0.0625,-0.25,0.3125,0,-0.25,1.1102230246251565e-16,0,-0.125,0.3125,0,-0.125,1.1102230246251565e-16,0,-0.125,0.3125,-0.0625,-0.125,1.1102230246251565e-16,-0.0625,-0.25,0.3125,-0.0625,-0.25,1.1102230246251565e-16,-0.0625,0.0625,0.125,0.0625,0.0625,0,0.0625,0.0625,0.125,-0.125,0.0625,0,-0.125,-0.125,0.125,-0.125,-0.125,0,-0.125,-0.125,0.125,0.0625,-0.125,0,0.0625,-0.125,0.125,-0.125,-0.125,0.125,0.0625,0.0625,0.125,-0.125,0.0625,0.125,0.0625,-0.125,0,0.0625,-0.125,0,-0.125,0.0625,0,0.0625,0.0625,0,-0.125,-0.125,0.125,0.0625,-0.125,0,0.0625,0.0625,0.125,0.0625,0.0625,0,0.0625,0.0625,0.125,-0.125,0.0625,0,-0.125,-0.125,0.125,-0.125,-0.125,0,-0.125,0.125,0.125,0.0625,0.125,0,0.0625,0.125,0.125,-0.125,0.125,0,-0.125,-0.0625,0.125,-0.125,-0.0625,0,-0.125,-0.0625,0.125,0.0625,-0.0625,0,0.0625,-0.0625,0.125,-0.125,-0.0625,0.125,0.0625,0.125,0.125,-0.125,0.125,0.125,0.0625,-0.0625,0,0.0625,-0.0625,0,-0.125,0.125,0,0.0625,0.125,0,-0.125,-0.0625,0.125,0.0625,-0.0625,0,0.0625,0.125,0.125,0.0625,0.125,0,0.0625,0.125,0.125,-0.125,0.125,0,-0.125,-0.0625,0.125,-0.125,-0.0625,0,-0.125,0.0625,0.125,0.0625,0.0625,0,0.0625,0.0625,0.125,-0.125,0.0625,0,-0.125,-0.125,0.125,-0.125,-0.125,0,-0.125,-0.125,0.125,0.0625,-0.125,0,0.0625,-0.125,0.125,-0.125,-0.125,0.125,0.0625,0.0625,0.125,-0.125,0.0625,0.125,0.0625,-0.125,0,0.0625,-0.125,0,-0.125,0.0625,0,0.0625,0.0625,0,-0.125,-0.125,0.125,0.0625,-0.125,0,0.0625,0.0625,0.125,0.0625,0.0625,0,0.0625,0.0625,0.125,-0.125,0.0625,0,-0.125,-0.125,0.125,-0.125,-0.125,0,-0.125,-0.0625,0.53125,-0.3125,-0.0625,0.53125,-0.3125,-0.0625,0.3125,-0.3125,-0.28125,0.53125,-0.3125,-0.28125,0.53125,-0.3125,-0.28125,0.3125,-0.3125,-0.0625,0.53125,-0.3125,-0.28125,0.53125,-0.3125,-0.0625,0.53125,-0.3125,-0.0625,0.3125,-0.3125,-0.28125,0.3125,-0.3125,-0.0625,0.3125,-0.3125,-0.28125,0.3125,-0.3125,-0.28125,0.53125,-0.3125,-0.0625,0.53125,-0.3125,-0.0625,0.3125,-0.3125,0.0625,0.53125,-0.3125,0.0625,0.53125,-0.3125,0.0625,0.3125,-0.3125,0.28125,0.53125,-0.3125,0.28125,0.53125,-0.3125,0.28125,0.3125,-0.3125,0.28125,0.53125,-0.3125,0.0625,0.53125,-0.3125,0.28125,0.53125,-0.3125,0.28125,0.3125,-0.3125,0.0625,0.3125,-0.3125,0.28125,0.3125,-0.3125,0.0625,0.53125,-0.3125,0.28125,0.53125,-0.3125,0.28125,0.3125,-0.3125,0.0625,0.3125,-0.3125,0.25,0.3125,0,0.25,1.1102230246251565e-16,0,0.25,0.3125,-0.0625,0.25,1.1102230246251565e-16,-0.0625,0.125,0.3125,-0.0625,0.125,1.1102230246251565e-16,-0.0625,0.125,0.3125,0,0.125,1.1102230246251565e-16,0,0.125,0.3125,-0.0625,0.125,0.3125,0,0.25,0.3125,-0.0625,0.25,0.3125,0,0.125,1.1102230246251565e-16,0,0.125,1.1102230246251565e-16,-0.0625,0.25,1.1102230246251565e-16,0,0.25,1.1102230246251565e-16,-0.0625,0.125,0.3125,0,0.125,1.1102230246251565e-16,0,0.25,0.3125,0,0.25,1.1102230246251565e-16,0,0.25,0.3125,-0.0625,0.25,1.1102230246251565e-16,-0.0625,0.125,0.3125,-0.0625,0.125,1.1102230246251565e-16,-0.0625,-0.3125,0.625,-0.1875,-0.3125,0.625,0.25,-0.3125,0.625,-0.1875,-0.75,0.625,0.25,-0.75,0.625,-0.1875,-0.75,0.625,0.25,-0.3125,0.625,-0.1875,-0.3125,0.625,0.25,-0.75,0.625,0.25,-0.75,0.625,-0.1875,-0.3125,0.625,0.25,-0.75,0.625,0.25,-0.3125,0.625,0.25,-0.75,0.625,-0.1875,-0.3125,0.625,-0.1875,-0.75,0.625,-0.1875,0.75,0.625,-0.1875,0.75,0.625,0.25,0.75,0.625,-0.1875,0.3125,0.625,0.25,0.3125,0.625,-0.1875,0.3125,0.625,0.25,0.75,0.625,-0.1875,0.75,0.625,0.25,0.3125,0.625,0.25,0.3125,0.625,-0.1875,0.75,0.625,0.25,0.3125,0.625,0.25,0.75,0.625,0.25,0.3125,0.625,-0.1875,0.75,0.625,-0.1875,0.3125,0.625,-0.1875],"indices":[0,1,2,1,3,2,4,5,6,5,7,6,8,9,10,9,11,10,12,13,14,13,15,14,16,17,18,17,19,18,20,21,22,21,23,22,24,25,26,25,27,26,28,29,30,29,31,30,32,33,34,33,35,34,36,37,38,37,39,38,40,41,42,41,43,42,44,45,46,45,47,46,48,49,50,48,50,51,52,53,54,52,54,54,55,56,57,55,57,57,58,59,60,58,60,60,61,62,63,61,63,63,64,65,66,65,67,66,68,69,70,69,71,70,72,73,74,73,75,74,76,77,78,77,79,78,80,81,82,81,83,82,84,85,86,85,87,86,88,89,90,89,91,90,92,93,94,93,95,94,96,97,98,97,99,98,100,101,102,101,103,102,104,105,106,105,107,106,108,109,110,109,111,110,112,113,114,113,115,114,116,117,118,117,119,118,120,121,122,121,123,122,124,125,126,125,127,126,128,129,130,129,131,130,132,133,134,133,135,134,136,137,138,137,139,138,140,141,142,141,143,142,144,145,146,145,147,146,148,149,150,149,151,150,152,153,154,153,155,154,156,157,158,157,159,158,160,161,162,160,162,162,163,164,165,163,165,165,166,167,168,166,168,167,169,170,171,169,171,170,172,173,174,172,174,175,176,177,178,176,178,178,179,180,181,179,181,181,182,183,183,182,183,184,185,186,186,185,186,187,188,189,190,188,190,191,192,193,194,193,195,194,196,197,198,197,199,198,200,201,202,201,203,202,204,205,206,205,207,206,208,209,210,209,211,210,212,213,214,213,215,214,216,217,218,216,218,217,219,220,221,219,221,220,222,223,224,222,224,225,226,227,228,226,228,227,229,230,231,229,231,230,232,233,234,232,234,233,235,236,237,235,237,236,238,239,240,238,240,241,242,243,244,242,244,243,245,246,247,245,247,246]},"optimizedModelData":{"":{"meshCount":12},"-named-nodes":{"meshCount":12},"-no-animations":{"meshCount":1}}}