{"schemaVersion":4,"source":{"uri":"models/pets/epic/octopus.gltf","sha256":"c20d12492e1d52d319aca960289d8ebe45c13adb760d511d860ac2542303122c"},"animationNames":["idle"],"boundingBox":{"min":{"x":-0.577395153553131,"y":-0.033331591166540525,"z":-0.5806101535531311},"max":{"x":0.577395153553131,"y":0.9375,"z":0.5806101535531311}},"nodeNames":["cube","cube","cube","left_eye","cube","cube","leg_1","cube","cube","leg_2","cube","cube","leg_3","cube","cube","leg_4","cube","cube","leg_5","cube","cube","leg_6","cube","cube","leg_7","cube","cube","leg_8","cube","right_eye","head","cube-pet"],"trimesh":{"vertices":[0.375,0.625,0.3125,0.375,0.125,0.3125,0.375,0.625,-0.3125,0.375,0.125,-0.3125,-0.375,0.625,-0.3125,-0.375,0.125,-0.3125,-0.375,0.625,0.3125,-0.375,0.125,0.3125,-0.375,0.625,-0.3125,-0.375,0.625,0.3125,0.375,0.625,-0.3125,0.375,0.625,0.3125,-0.375,0.125,0.3125,-0.375,0.125,-0.3125,0.375,0.125,0.3125,0.375,0.125,-0.3125,-0.375,0.625,0.3125,-0.375,0.125,0.3125,0.375,0.625,0.3125,0.375,0.125,0.3125,0.375,0.625,-0.3125,0.375,0.125,-0.3125,-0.375,0.625,-0.3125,-0.375,0.125,-0.3125,0.3125,0.5625,0.1875,0.3125,-0.0625,0.1875,0.3125,0.5625,-0.4375,0.3125,-0.0625,-0.4375,-0.3125,0.5625,-0.4375,-0.3125,-0.0625,-0.4375,-0.3125,0.5625,0.1875,-0.3125,-0.0625,0.1875,-0.3125,0.5625,-0.4375,-0.3125,0.5625,0.1875,0.3125,0.5625,-0.4375,0.3125,0.5625,0.1875,-0.3125,-0.0625,0.1875,-0.3125,-0.0625,-0.4375,0.3125,-0.0625,0.1875,0.3125,-0.0625,-0.4375,-0.3125,0.5625,0.1875,-0.3125,-0.0625,0.1875,0.3125,0.5625,0.1875,0.3125,-0.0625,0.1875,0.3125,0.5625,-0.4375,0.3125,-0.0625,-0.4375,-0.3125,0.5625,-0.4375,-0.3125,-0.0625,-0.4375,-0.0625,0.53125,-0.3125,-0.0625,0.53125,-0.3125,-0.0625,0.3125,-0.3125,-0.28125,0.53125,-0.3125,-0.28125,0.53125,-0.3125,-0.28125,0.3125,-0.3125,-0.0625,0.53125,-0.3125,-0.0625,0.53125,-0.3125,-0.0625,0.3125,-0.3125,-0.28125,0.3125,-0.3125,-0.0625,0.3125,-0.3125,-0.28125,0.3125,-0.3125,-0.28125,0.53125,-0.3125,-0.0625,0.53125,-0.3125,-0.0625,0.3125,-0.3125,0.09375,0.1875,0.125,0.09375,-0.125,0.125,0.09375,0.1875,-0.0625,0.09375,-0.125,-0.0625,-0.09375,0.1875,-0.0625,-0.09375,-0.125,-0.0625,-0.09375,0.1875,0.125,-0.09375,-0.125,0.125,-0.09375,0.1875,-0.0625,-0.09375,0.1875,0.125,0.09375,0.1875,-0.0625,0.09375,0.1875,0.125,-0.09375,-0.125,0.125,-0.09375,-0.125,-0.0625,0.09375,-0.125,0.125,0.09375,-0.125,-0.0625,-0.09375,0.1875,0.125,-0.09375,-0.125,0.125,0.09375,0.1875,0.125,0.09375,-0.125,0.125,0.09375,0.1875,-0.0625,0.09375,-0.125,-0.0625,-0.09375,0.1875,-0.0625,-0.09375,-0.125,-0.0625,0.09375,0.0625,-0.0625,0.09375,-0.125,-0.0625,0.09375,0.0625,-0.25,0.09375,-0.125,-0.25,-0.09375,0.0625,-0.25,-0.09375,-0.125,-0.25,-0.09375,0.0625,-0.0625,-0.09375,-0.125,-0.0625,-0.09375,0.0625,-0.25,-0.09375,0.0625,-0.0625,0.09375,0.0625,-0.25,0.09375,0.0625,-0.0625,-0.09375,-0.125,-0.0625,-0.09375,-0.125,-0.25,0.09375,-0.125,-0.0625,0.09375,-0.125,-0.25,-0.09375,0.0625,-0.0625,-0.09375,-0.125,-0.0625,0.09375,0.0625,-0.0625,0.09375,-0.125,-0.0625,0.09375,0.0625,-0.25,0.09375,-0.125,-0.25,-0.09375,0.0625,-0.25,-0.09375,-0.125,-0.25,0.09375,0.1875,0.125,0.09375,-0.125,0.125,0.09375,0.1875,-0.0625,0.09375,-0.125,-0.0625,-0.09375,0.1875,-0.0625,-0.09375,-0.125,-0.0625,-0.09375,0.1875,0.125,-0.09375,-0.125,0.125,-0.09375,0.1875,-0.0625,-0.09375,0.1875,0.125,0.09375,0.1875,-0.0625,0.09375,0.1875,0.125,-0.09375,-0.125,0.125,-0.09375,-0.125,-0.0625,0.09375,-0.125,0.125,0.09375,-0.125,-0.0625,-0.09375,0.1875,0.125,-0.09375,-0.125,0.125,0.09375,0.1875,0.125,0.09375,-0.125,0.125,0.09375,0.1875,-0.0625,0.09375,-0.125,-0.0625,-0.09375,0.1875,-0.0625,-0.09375,-0.125,-0.0625,0.09375,0.0625,-0.0625,0.09375,-0.125,-0.0625,0.09375,0.0625,-0.25,0.09375,-0.125,-0.25,-0.09375,0.0625,-0.25,-0.09375,-0.125,-0.25,-0.09375,0.0625,-0.0625,-0.09375,-0.125,-0.0625,-0.09375,0.0625,-0.25,-0.09375,0.0625,-0.0625,0.09375,0.0625,-0.25,0.09375,0.0625,-0.0625,-0.09375,-0.125,-0.0625,-0.09375,-0.125,-0.25,0.09375,-0.125,-0.0625,0.09375,-0.125,-0.25,-0.09375,0.0625,-0.0625,-0.09375,-0.125,-0.0625,0.09375,0.0625,-0.0625,0.09375,-0.125,-0.0625,0.09375,0.0625,-0.25,0.09375,-0.125,-0.25,-0.09375,0.0625,-0.25,-0.09375,-0.125,-0.25,0.09375,0.1875,0.125,0.09375,-0.125,0.125,0.09375,0.1875,-0.0625,0.09375,-0.125,-0.0625,-0.09375,0.1875,-0.0625,-0.09375,-0.125,-0.0625,-0.09375,0.1875,0.125,-0.09375,-0.125,0.125,-0.09375,0.1875,-0.0625,-0.09375,0.1875,0.125,0.09375,0.1875,-0.0625,0.09375,0.1875,0.125,-0.09375,-0.125,0.125,-0.09375,-0.125,-0.0625,0.09375,-0.125,0.125,0.09375,-0.125,-0.0625,-0.09375,0.1875,0.125,-0.09375,-0.125,0.125,0.09375,0.1875,0.125,0.09375,-0.125,0.125,0.09375,0.1875,-0.0625,0.09375,-0.125,-0.0625,-0.09375,0.1875,-0.0625,-0.09375,-0.125,-0.0625,0.09375,0.0625,-0.0625,0.09375,-0.125,-0.0625,0.09375,0.0625,-0.25,0.09375,-0.125,-0.25,-0.09375,0.0625,-0.25,-0.09375,-0.125,-0.25,-0.09375,0.0625,-0.0625,-0.09375,-0.125,-0.0625,-0.09375,0.0625,-0.25,-0.09375,0.0625,-0.0625,0.09375,0.0625,-0.25,0.09375,0.0625,-0.0625,-0.09375,-0.125,-0.0625,-0.09375,-0.125,-0.25,0.09375,-0.125,-0.0625,0.09375,-0.125,-0.25,-0.09375,0.0625,-0.0625,-0.09375,-0.125,-0.0625,0.09375,0.0625,-0.0625,0.09375,-0.125,-0.0625,0.09375,0.0625,-0.25,0.09375,-0.125,-0.25,-0.09375,0.0625,-0.25,-0.09375,-0.125,-0.25,0.09375,0.1875,0.0625,0.09375,-0.125,0.0625,0.09375,0.1875,-0.125,0.09375,-0.125,-0.125,-0.09375,0.1875,-0.125,-0.09375,-0.125,-0.125,-0.09375,0.1875,0.0625,-0.09375,-0.125,0.0625,-0.09375,0.1875,-0.125,-0.09375,0.1875,0.0625,0.09375,0.1875,-0.125,0.09375,0.1875,0.0625,-0.09375,-0.125,0.0625,-0.09375,-0.125,-0.125,0.09375,-0.125,0.0625,0.09375,-0.125,-0.125,-0.09375,0.1875,0.0625,-0.09375,-0.125,0.0625,0.09375,0.1875,0.0625,0.09375,-0.125,0.0625,0.09375,0.1875,-0.125,0.09375,-0.125,-0.125,-0.09375,0.1875,-0.125,-0.09375,-0.125,-0.125,0.09375,0.0625,0.25,0.09375,-0.125,0.25,0.09375,0.0625,0.0625,0.09375,-0.125,0.0625,-0.09375,0.0625,0.0625,-0.09375,-0.125,0.0625,-0.09375,0.0625,0.25,-0.09375,-0.125,0.25,-0.09375,0.0625,0.0625,-0.09375,0.0625,0.25,0.09375,0.0625,0.0625,0.09375,0.0625,0.25,-0.09375,-0.125,0.25,-0.09375,-0.125,0.0625,0.09375,-0.125,0.25,0.09375,-0.125,0.0625,-0.09375,0.0625,0.25,-0.09375,-0.125,0.25,0.09375,0.0625,0.25,0.09375,-0.125,0.25,0.09375,0.0625,0.0625,0.09375,-0.125,0.0625,-0.09375,0.0625,0.0625,-0.09375,-0.125,0.0625,0.09375,0.1875,0.0625,0.09375,-0.125,0.0625,0.09375,0.1875,-0.125,0.09375,-0.125,-0.125,-0.09375,0.1875,-0.125,-0.09375,-0.125,-0.125,-0.09375,0.1875,0.0625,-0.09375,-0.125,0.0625,-0.09375,0.1875,-0.125,-0.09375,0.1875,0.0625,0.09375,0.1875,-0.125,0.09375,0.1875,0.0625,-0.09375,-0.125,0.0625,-0.09375,-0.125,-0.125,0.09375,-0.125,0.0625,0.09375,-0.125,-0.125,-0.09375,0.1875,0.0625,-0.09375,-0.125,0.0625,0.09375,0.1875,0.0625,0.09375,-0.125,0.0625,0.09375,0.1875,-0.125,0.09375,-0.125,-0.125,-0.09375,0.1875,-0.125,-0.09375,-0.125,-0.125,0.09375,0.0625,0.25,0.09375,-0.125,0.25,0.09375,0.0625,0.0625,0.09375,-0.125,0.0625,-0.09375,0.0625,0.0625,-0.09375,-0.125,0.0625,-0.09375,0.0625,0.25,-0.09375,-0.125,0.25,-0.09375,0.0625,0.0625,-0.09375,0.0625,0.25,0.09375,0.0625,0.0625,0.09375,0.0625,0.25,-0.09375,-0.125,0.25,-0.09375,-0.125,0.0625,0.09375,-0.125,0.25,0.09375,-0.125,0.0625,-0.09375,0.0625,0.25,-0.09375,-0.125,0.25,0.09375,0.0625,0.25,0.09375,-0.125,0.25,0.09375,0.0625,0.0625,0.09375,-0.125,0.0625,-0.09375,0.0625,0.0625,-0.09375,-0.125,0.0625,0.09375,0.1875,0.0625,0.09375,-0.125,0.0625,0.09375,0.1875,-0.125,0.09375,-0.125,-0.125,-0.09375,0.1875,-0.125,-0.09375,-0.125,-0.125,-0.09375,0.1875,0.0625,-0.09375,-0.125,0.0625,-0.09375,0.1875,-0.125,-0.09375,0.1875,0.0625,0.09375,0.1875,-0.125,0.09375,0.1875,0.0625,-0.09375,-0.125,0.0625,-0.09375,-0.125,-0.125,0.09375,-0.125,0.0625,0.09375,-0.125,-0.125,-0.09375,0.1875,0.0625,-0.09375,-0.125,0.0625,0.09375,0.1875,0.0625,0.09375,-0.125,0.0625,0.09375,0.1875,-0.125,0.09375,-0.125,-0.125,-0.09375,0.1875,-0.125,-0.09375,-0.125,-0.125,0.09375,0.0625,0.25,0.09375,-0.125,0.25,0.09375,0.0625,0.0625,0.09375,-0.125,0.0625,-0.09375,0.0625,0.0625,-0.09375,