{"schemaVersion":4,"source":{"uri":"models/pets/legendary/petal-griffin.gltf","sha256":"e26c099d99561003bac12fe6c9046380274e3a07914339182a1518e238626464"},"animationNames":["idle"],"boundingBox":{"min":{"x":-0.5,"y":0,"z":-0.5},"max":{"x":0.5,"y":1,"z":0.7124818344798287}},"nodeNames":["cube","cube","cube","cube","left_arm","cube","cube","tail","cube","right_arm","cube","left_leg","cube","right_leg","cube","left_eye","cube","right_eye","cube","cube","left_wing","cube","cube","right_wing","head","cube-pet"],"trimesh":{"vertices":[0.3125,0.625,0.3125,0.3125,0,0.3125,0.3125,0.625,-0.3125,0.3125,0,-0.3125,-0.3125,0.625,-0.3125,-0.3125,0,-0.3125,-0.3125,0.625,0.3125,-0.3125,0,0.3125,-0.3125,0.625,-0.3125,-0.3125,0.625,0.3125,0.3125,0.625,-0.3125,0.3125,0.625,0.3125,-0.3125,0,0.3125,-0.3125,0,-0.3125,0.3125,0,0.3125,0.3125,0,-0.3125,-0.3125,0.625,0.3125,-0.3125,0,0.3125,0.3125,0.625,0.3125,0.3125,0,0.3125,0.3125,0.625,-0.3125,0.3125,0,-0.3125,-0.3125,0.625,-0.3125,-0.3125,0,-0.3125,0.09375,0.3125,-0.3125,0.09375,0.125,-0.3125,0.09375,0.3125,-0.5,0.09375,0.125,-0.5,-0.09375,0.3125,-0.5,-0.09375,0.125,-0.5,-0.09375,0.3125,-0.3125,-0.09375,0.125,-0.3125,-0.09375,0.3125,-0.5,-0.09375,0.3125,-0.3125,0.09375,0.3125,-0.5,0.09375,0.3125,-0.3125,-0.09375,0.125,-0.3125,-0.09375,0.125,-0.5,0.09375,0.125,-0.3125,0.09375,0.125,-0.5,-0.09375,0.3125,-0.3125,-0.09375,0.125,-0.3125,0.09375,0.3125,-0.3125,0.09375,0.125,-0.3125,0.09375,0.3125,-0.5,0.09375,0.125,-0.5,-0.09375,0.3125,-0.5,-0.09375,0.125,-0.5,0.5,0.875,-0.3125,0.5,0.875,-0.3125,0.5,-0.0625,-0.3125,-0.5,0.875,-0.3125,-0.5,0.875,-0.3125,-0.5,-0.0625,-0.3125,0.5,0.875,-0.3125,-0.5,0.875,-0.3125,0.5,0.875,-0.3125,0.5,-0.0625,-0.3125,-0.5,-0.0625,-0.3125,0.5,-0.0625,-0.3125,-0.5,-0.0625,-0.3125,-0.5,0.875,-0.3125,0.5,0.875,-0.3125,0.5,-0.0625,-0.3125,0.125,0.125,0.0625,0.125,0,0.0625,0.125,0.125,-0.125,0.125,0,-0.125,-0.0625,0.125,-0.125,-0.0625,0,-0.125,-0.0625,0.125,0.0625,-0.0625,0,0.0625,-0.0625,0.125,-0.125,-0.0625,0.125,0.0625,0.125,0.125,-0.125,0.125,0.125,0.0625,-0.0625,0,0.0625,-0.0625,0,-0.125,0.125,0,0.0625,0.125,0,-0.125,-0.0625,0.125,0.0625,-0.0625,0,0.0625,0.125,0.125,0.0625,0.125,0,0.0625,0.125,0.125,-0.125,0.125,0,-0.125,-0.0625,0.125,-0.125,-0.0625,0,-0.125,0.0625,0.375,0.0625,0.0625,0.25,0.0625,0.0625,0.375,-0.1875,0.0625,0.25,-0.1875,-0.0625,0.375,-0.1875,-0.0625,0.25,-0.1875,-0.0625,0.375,0.0625,-0.0625,0.25,0.0625,-0.0625,0.375,-0.1875,-0.0625,0.375,0.0625,0.0625,0.375,-0.1875,0.0625,0.375,0.0625,-0.0625,0.25,0.0625,-0.0625,0.25,-0.1875,0.0625,0.25,0.0625,0.0625,0.25,-0.1875,-0.0625,0.375,0.0625,-0.0625,0.25,0.0625,0.0625,0.375,0.0625,0.0625,0.25,0.0625,0.0625,0.375,-0.1875,0.0625,0.25,-0.1875,-0.0625,0.375,-0.1875,-0.0625,0.25,-0.1875,0.09375,0.40625,0.25,0.09375,0.21875,0.25,0.09375,0.40625,0.0625,0.09375,0.21875,0.0625,-0.09375,0.40625,0.0625,-0.09375,0.21875,0.0625,-0.09375,0.40625,0.25,-0.09375,0.21875,0.25,-0.09375,0.40625,0.0625,-0.09375,0.40625,0.25,0.09375,0.40625,0.0625,0.09375,0.40625,0.25,-0.09375,0.21875,0.25,-0.09375,0.21875,0.0625,0.09375,0.21875,0.25,0.09375,0.21875,0.0625,-0.09375,0.40625,0.25,-0.09375,0.21875,0.25,0.09375,0.40625,0.25,0.09375,0.21875,0.25,0.09375,0.40625,0.0625,0.09375,0.21875,0.0625,-0.09375,0.40625,0.0625,-0.09375,0.21875,0.0625,0.0625,0.125,0.0625,0.0625,0,0.0625,0.0625,0.125,-0.125,0.0625,0,-0.125,-0.125,0.125,-0.125,-0.125,0,-0.125,-0.125,0.125,0.0625,-0.125,0,0.0625,-0.125,0.125,-0.125,-0.125,0.125,0.0625,0.0625,0.125,-0.125,0.0625,0.125,0.0625,-0.125,0,0.0625,-0.125,0,-0.125,0.0625,0,0.0625,0.0625,0,-0.125,-0.125,0.125,0.0625,-0.125,0,0.0625,0.0625,0.125,0.0625,0.0625,0,0.0625,0.0625,0.125,-0.125,0.0625,0,-0.125,-0.125,0.125,-0.125,-0.125,0,-0.125,0.125,0.125,0.0625,0.125,0,0.0625,0.125,0.125,-0.125,0.125,0,-0.125,-0.0625,0.125,-0.125,-0.0625,0,-0.125,-0.0625,0.125,0.0625,-0.0625,0,0.0625,-0.0625,0.125,-0.125,-0.0625,0.125,0.0625,0.125,0.125,-0.125,0.125,0.125,0.0625,-0.0625,0,0.0625,-0.0625,0,-0.125,0.125,0,0.0625,0.125,0,-0.125,-0.0625,0.125,0.0625,-0.0625,0,0.0625,0.125,0.125,0.0625,0.125,0,0.0625,0.125,0.125,-0.125,0.125,0,-0.125,-0.0625,0.125,-0.125,-0.0625,0,-0.125,0.0625,0.125,0.0625,0.0625,0,0.0625,0.0625,0.125,-0.125,0.0625,0,-0.125,-0.125,0.125,-0.125,-0.125,0,-0.125,-0.125,0.125,0.0625,-0.125,0,0.0625,-0.125,0.125,-0.125,-0.125,0.125,0.0625,0.0625,0.125,-0.125,0.0625,0.125,0.0625,-0.125,0,0.0625,-0.125,0,-0.125,0.0625,0,0.0625,0.0625,0,-0.125,-0.125,0.125,0.0625,-0.125,0,0.0625,0.0625,0.125,0.0625,0.0625,0,0.0625,0.0625,0.125,-0.125,0.0625,0,-0.125,-0.125,0.125,-0.125,-0.125,0,-0.125,-0.0625,0.53125,-0.3125,-0.0625,0.53125,-0.3125,-0.0625,0.3125,-0.3125,-0.28125,0.53125,-0.3125,-0.28125,0.53125,-0.3125,-0.28125,0.3125,-0.3125,-0.0625,0.53125,-0.3125,-0.0625,0.53125,-0.3125,-0.0625,0.3125,-0.3125,-0.28125,0.3125,-0.3125,-0.0625,0.3125,-0.3125,-0.28125,0.3125,-0.3125,-0.28125,0.53125,-0.3125,-0.0625,0.53125,-0.3125,-0.0625,0.3125,-0.3125,0.0625,0.53125,-0.3125,0.0625,0.53125,-0.3125,0.0625,0.3125,-0.3125,0.28125,0.53125,-0.3125,0.28125,0.53125,-0.3125,0.28125,0.3125,-0.3125,0.0625,0.53125,-0.3125,0.28125,0.53125,-0.3125,0.28125,0.3125,-0.3125,0.0625,0.3125,-0.3125,0.0625,0.53125,-0.3125,0.28125,0.53125,-0.3125,0.28125,0.3125,-0.3125,0.0625,0.3125,-0.3125,0.0625,0.125,0.25,0.0625,-0.125,0.25,0.0625,0.125,-0.125,0.0625,-0.125,-0.125,0,0.125,-0.125,0,-0.125,-0.125,0,0.125,0.25,0,-0.125,0.25,0,0.125,-0.125,0,0.125,0.25,0.0625,0.125,-0.125,0.0625,0.125,0.25,0,-0.125,0.25,0,-0.125,-0.125,0.0625,-0.125,0.25,0.0625,-0.125,-0.125,0,0.125,0.25,0,-0.125,0.25,0.0625,0.125,0.25,0.0625,-0.125,0.25,0.0625,0.125,-0.125,0.0625,-0.125,-0.125,0,0.125,-0.125,0,-0.125,-0.125,0.03125,-0.125,0.375,0.03125,0.125,0.375,0.03125,0.125,-0.125,0.03125,-0.125,-0.125,0.03125,0.125,-0.125,0.03125,0.125,-0.125,0.03125,0.125,0.375,0.03125,-0.125,0.375,0.03125,-0.125,0.375,0.03125,-0.125,-0.125,0.03125,0.125,0.375,0.03125,0.125,0.375,0.03125,-0.125,0.375,0.03125,0.125,-0.125,0.03125,0.125,-0.125,0.03125,-0.125,-0.125,0,0.125,0.25,0,-0.125,0.25,0,0.125,-0.125,0,-0.125,-0.125,-0.0625,0.125,-0.125,-0.0625,-0.125,-0.125,-0.0625,0.125,0.25,-0.0625,-0.125,0.25,-0.0625,0.125,-0.125,-0.0625,0.125,0.25,0,0.125,-0.125,0,0.125,0.25,-0.0625,-0.125,0.25,-0.0625,-0.125,-0.125,0,-0.125,0.25,0,-0.125,-0.125,-0.0625,0.125,0.25,-0.0625,-0.125,0.25,0,0.125,0.25,0,-0.125,0.25,0,0.125,-0.125,0,-0.125,-0.125,-0.0625,0.125,-0.125,-0.0625,-0.125,-0.125,-0.03125,0.125,-0.125,-0.03125,0.125,0.375,-0.03125,-0.125,0.375,-0.03125,-0.125,-0.125,-0.03125,0.125,-0.125,-0.03125,0.125,-0.125,-0.03125,0.125,0.375,-0.03125,-0.125,0.375,-0.03125,-0.125,0.375,-0.03125,-0.125,-0.125,-0.03125,0.125,0.375,-0.03125,0.125,0.375,-0.03125,-0.125,0.375,-0.03125,0.125,-0.125,-0.03125,0.125,-0.125,-0.03125,-0.125,-0.125],