{"schemaVersion":4,"source":{"uri":"models/environment/picnic-table.gltf","sha256":"0cbd953444d1cdb74b5deb495752d43184f1ace7abf92c9e08bf2b31d755ff81"},"animationNames":[],"boundingBox":{"min":{"x":-0.48516000000000004,"y":-0.004441901565496564,"z":-0.4562499761581421},"max":{"x":1.51484,"y":0.8070349940395356,"z":1.4687499761581422}},"nodeNames":["cube","cube","cube","cube","cube","cube","cube","cube","cube","picnictable",""],"trimesh":{"vertices":[0.024957330897450447,0.2615935802459717,-0.625,-0.6423746943473816,-0.4057384431362152,-0.625,0.024957330897450447,0.2615935802459717,-0.762499988079071,-0.6423746943473816,-0.4057384431362152,-0.762499988079071,-0.07226985692977905,0.35882076621055603,-0.762499988079071,-0.7396019101142883,-0.30851125717163086,-0.762499988079071,-0.07226985692977905,0.35882076621055603,-0.625,-0.7396019101142883,-0.30851125717163086,-0.625,-0.07226985692977905,0.35882076621055603,-0.762499988079071,-0.07226985692977905,0.35882076621055603,-0.625,0.024957330897450447,0.2615935802459717,-0.762499988079071,0.024957330897450447,0.2615935802459717,-0.625,-0.7396019101142883,-0.30851125717163086,-0.625,-0.7396019101142883,-0.30851125717163086,-0.762499988079071,-0.6423746943473816,-0.4057384431362152,-0.625,-0.6423746943473816,-0.4057384431362152,-0.762499988079071,-0.07226985692977905,0.35882076621055603,-0.625,-0.7396019101142883,-0.30851125717163086,-0.625,0.024957330897450447,0.2615935802459717,-0.625,-0.6423746943473816,-0.4057384431362152,-0.625,0.024957330897450447,0.2615935802459717,-0.762499988079071,-0.6423746943473816,-0.4057384431362152,-0.762499988079071,-0.07226985692977905,0.35882076621055603,-0.762499988079071,-0.7396019101142883,-0.30851125717163086,-0.762499988079071,0.024957330897450447,0.2615935802459717,0.762499988079071,-0.6423746943473816,-0.4057384431362152,0.762499988079071,0.024957330897450447,0.2615935802459717,0.625,-0.6423746943473816,-0.4057384431362152,0.625,-0.07226985692977905,0.35882076621055603,0.625,-0.7396019101142883,-0.30851125717163086,0.625,-0.07226985692977905,0.35882076621055603,0.762499988079071,-0.7396019101142883,-0.30851125717163086,0.762499988079071,-0.07226985692977905,0.35882076621055603,0.625,-0.07226985692977905,0.35882076621055603,0.762499988079071,0.024957330897450447,0.2615935802459717,0.625,0.024957330897450447,0.2615935802459717,0.762499988079071,-0.7396019101142883,-0.30851125717163086,0.762499988079071,-0.7396019101142883,-0.30851125717163086,0.625,-0.6423746943473816,-0.4057384431362152,0.762499988079071,-0.6423746943473816,-0.4057384431362152,0.625,-0.07226985692977905,0.35882076621055603,0.762499988079071,-0.7396019101142883,-0.30851125717163086,0.762499988079071,0.024957330897450447,0.2615935802459717,0.762499988079071,-0.6423746943473816,-0.4057384431362152,0.762499988079071,0.024957330897450447,0.2615935802459717,0.625,-0.6423746943473816,-0.4057384431362152,0.625,-0.07226985692977905,0.35882076621055603,0.625,-0.7396019101142883,-0.30851125717163086,0.625,0.10008741915225983,0.35882076621055603,-0.625,0.7674193978309631,-0.30851122736930847,-0.625,0.10008741915225983,0.35882076621055603,-0.762499988079071,0.7674193978309631,-0.30851122736930847,-0.762499988079071,0.002860243199393153,0.2615935802459717,-0.762499988079071,0.6701922416687012,-0.4057384133338928,-0.762499988079071,0.002860243199393153,0.2615935802459717,-0.625,0.6701922416687012,-0.4057384133338928,-0.625,0.002860243199393153,0.2615935802459717,-0.762499988079071,0.002860243199393153,0.2615935802459717,-0.625,0.10008741915225983,0.35882076621055603,-0.762499988079071,0.10008741915225983,0.35882076621055603,-0.625,0.6701922416687012,-0.4057384133338928,-0.625,0.6701922416687012,-0.4057384133338928,-0.762499988079071,0.7674193978309631,-0.30851122736930847,-0.625,0.7674193978309631,-0.30851122736930847,-0.762499988079071,0.002860243199393153,0.2615935802459717,-0.625,0.6701922416687012,-0.4057384133338928,-0.625,0.10008741915225983,0.35882076621055603,-0.625,0.7674193978309631,-0.30851122736930847,-0.625,0.10008741915225983,0.35882076621055603,-0.762499988079071,0.7674193978309631,-0.30851122736930847,-0.762499988079071,0.002860243199393153,0.2615935802459717,-0.762499988079071,0.6701922416687012,-0.4057384133338928,-0.762499988079071,0.10008741915225983,0.35882076621055603,0.762499988079071,0.7674193978309631,-0.30851122736930847,0.762499988079071,0.10008741915225983,0.35882076621055603,0.625,0.7674193978309631,-0.30851122736930847,0.625,0.002860243199393153,0.2615935802459717,0.625,0.6701922416687012,-0.4057384133338928,0.625,0.002860243199393153,0.2615935802459717,0.762499988079071,0.6701922416687012,-0.4057384133338928,0.762499988079071,0.002860243199393153,0.2615935802459717,0.625,0.002860243199393153,0.2615935802459717,0.762499988079071,0.10008741915225983,0.35882076621055603,0.625,0.10008741915225983,0.35882076621055603,0.762499988079071,0.6701922416687012,-0.4057384133338928,0.762499988079071,0.6701922416687012,-0.4057384133338928,0.625,0.7674193978309631,-0.30851122736930847,0.762499988079071,0.7674193978309631,-0.30851122736930847,0.625,0.002860243199393153,0.2615935802459717,0.762499988079071,0.6701922416687012,-0.4057384133338928,0.762499988079071,0.10008741915225983,0.35882076621055603,0.762499988079071,0.7674193978309631,-0.30851122736930847,0.762499988079071,0.10008741915225983,0.35882076621055603,0.625,0.7674193978309631,-0.30851122736930847,0.625,0.002860243199393153,0.2615935802459717,0.625,0.6701922416687012,-0.4057384133338928,0.625,0.862500011920929,-0.11613652855157852,-0.6968125104904175,0.862500011920929,-0.2411365509033203,-0.6968125104904175,0.862500011920929,-0.11613652855157852,-0.6968749761581421,0.862500011920929,-0.2411365509033203,-0.6968749761581421,-0.856249988079071,-0.1161365658044815,-0.6968749761581421,-0.856249988079071,-0.2411365509033203,-0.6968749761581421,-0.856249988079071,-0.1161365658044815,-0.6968125104904175,-0.856249988079071,-0.2411365509033203,-0.6968125104904175,-0.856249988079071,-0.1161365658044815,-0.6968749761581421,-0.856249988079071,-0.1161365658044815,-0.6968125104904175,0.862500011920929,-0.11613652855157852,-0.6968749761581421,0.862500011920929,-0.11613652855157852,-0.6968125104904175,-0.856249988079071,-0.2411365509033203,-0.6968125104904175,-0.856249988079071,-0.2411365509033203,-0.6968749761581421,0.862500011920929,-0.2411365509033203,-0.6968125104904175,0.862500011920929,-0.2411365509033203,-0.6968749761581421,-0.856249988079071,-0.1161365658044815,-0.6968125104904175,-0.856249988079071,-0.2411365509033203,-0.6968125104904175,0.862500011920929,-0.11613652855157852,-0.6968125104904175,0.862500011920929,-0.2411365509033203,-0.6968125104904175,0.862500011920929,-0.11613652855157852,-0.6968749761581421,0.862500011920929,-0.2411365509033203,-0.6968749761581421,-0.856249988079071,-0.1161365658044815,-0.6968749761581421,-0.856249988079071,-0.2411365509033203,-0.6968749761581421,0.518750011920929,0.4057384729385376,0.9624999761581421,0.518750011920929,0.26823845505714417,0.9624999761581421,0.518750011920929,0.4057384729385376,-0.9624999761581421,0.518750011920929,0.26823845505714417,-0.9624999761581421,-0.512499988079071,0.4057384431362152,-0.9624999761581421,-0.512499988079071,0.26823845505714417,-0.9624999761581421,-0.512499988079071,0.4057384431362152,0.9624999761581421,-0.512499988079071,0.26823845505714417,0.9624999761581421,-0.512499988079071,0.4057384431362152,-0.9624999761581421,-0.512499988079071,0.4057384431362152,0.9624999761581421,0.518750011920929,0.4057384729385376,-0.9624999761581421,0.518750011920929,0.4057384729385376,0.9624999761581421,-0.512499988079071,0.26823845505714417,0.9624999761581421,-0.512499988079071,0.26823845505714417,-0.9624999761581421,0.518750011920929,0.26823845505714417,0.9624999761581421,0.518750011920929,0.26823845505714417,-0.9624999761581421,-0.512499988079071,0.4057384431362152,0.9624999761581421,-0.512499988079071,0.26823845505714417,0.9624999761581421,0.518750011920929,0.4057384729385376,