{"schemaVersion":4,"source":{"uri":"models/pets/rare/shark.gltf","sha256":"5468153257370ed9c12997cdb047eeb12ac48f1beef9622d72c7b8ae1de3a531"},"animationNames":["idle"],"boundingBox":{"min":{"x":-0.4971357912691029,"y":0,"z":-0.3140625},"max":{"x":0.4971357912691029,"y":0.9085628413915025,"z":0.8208221435535317}},"nodeNames":["cube","cube","cube","cube","cube","tail","cube","left_eye","cube","right_eye","cube","left_arm","cube","right_arm","head","cube-pet"],"trimesh":{"vertices":[0.3125,0.625,0.3125,0.3125,0,0.3125,0.3125,0.625,-0.3125,0.3125,0,-0.3125,-0.3125,0.625,-0.3125,-0.3125,0,-0.3125,-0.3125,0.625,0.3125,-0.3125,0,0.3125,-0.3125,0.625,-0.3125,-0.3125,0.625,0.3125,0.3125,0.625,-0.3125,0.3125,0.625,0.3125,-0.3125,0,0.3125,-0.3125,0,-0.3125,0.3125,0,0.3125,0.3125,0,-0.3125,-0.3125,0.625,0.3125,-0.3125,0,0.3125,0.3125,0.625,0.3125,0.3125,0,0.3125,0.3125,0.625,-0.3125,0.3125,0,-0.3125,-0.3125,0.625,-0.3125,-0.3125,0,-0.3125,0.03125,0.812891960144043,0.18723808228969574,0.03125,0.4664371609687805,0.043731797486543655,0.03125,0.9085628390312195,-0.043731797486543655,0.03125,0.562108039855957,-0.18723808228969574,-0.03125,0.9085628390312195,-0.043731797486543655,-0.03125,0.562108039855957,-0.18723808228969574,-0.03125,0.812891960144043,0.18723808228969574,-0.03125,0.4664371609687805,0.043731797486543655,-0.03125,0.9085628390312195,-0.043731797486543655,-0.03125,0.812891960144043,0.18723808228969574,0.03125,0.9085628390312195,-0.043731797486543655,0.03125,0.812891960144043,0.18723808228969574,-0.03125,0.4664371609687805,0.043731797486543655,-0.03125,0.562108039855957,-0.18723808228969574,0.03125,0.4664371609687805,0.043731797486543655,0.03125,0.562108039855957,-0.18723808228969574,-0.03125,0.812891960144043,0.18723808228969574,-0.03125,0.4664371609687805,0.043731797486543655,0.03125,0.812891960144043,0.18723808228969574,0.03125,0.4664371609687805,0.043731797486543655,0.03125,0.9085628390312195,-0.043731797486543655,0.03125,0.562108039855957,-0.18723808228969574,-0.03125,0.9085628390312195,-0.043731797486543655,-0.03125,0.562108039855957,-0.18723808228969574,0.125,0.5,0.1875,0.125,0.25,0.1875,0.125,0.5,-0.1875,0.125,0.25,-0.1875,-0.125,0.5,-0.1875,-0.125,0.25,-0.1875,-0.125,0.5,0.1875,-0.125,0.25,0.1875,-0.125,0.5,-0.1875,-0.125,0.5,0.1875,0.125,0.5,-0.1875,0.125,0.5,0.1875,-0.125,0.25,0.1875,-0.125,0.25,-0.1875,0.125,0.25,0.1875,0.125,0.25,-0.1875,-0.125,0.5,0.1875,-0.125,0.25,0.1875,0.125,0.5,0.1875,0.125,0.25,0.1875,0.125,0.5,-0.1875,0.125,0.25,-0.1875,-0.125,0.5,-0.1875,-0.125,0.25,-0.1875,0.0625,0.4898969531059265,0.35802170634269714,-0.0625,0.4898969531059265,0.35802170634269714,0.0625,0.29855525493621826,-0.10391806811094284,-0.0625,0.29855525493621826,-0.10391806811094284,0.0625,0.5295251607894897,-0.19958892464637756,-0.0625,0.5295251607894897,-0.19958892464637756,0.0625,0.720866858959198,0.26235082745552063,-0.0625,0.720866858959198,0.26235082745552063,0.0625,0.5295251607894897,-0.19958892464637756,0.0625,0.720866858959198,0.26235082745552063,0.0625,0.29855525493621826,-0.10391806811094284,0.0625,0.4898969531059265,0.35802170634269714,-0.0625,0.720866858959198,0.26235082745552063,-0.0625,0.5295251607894897,-0.19958892464637756,-0.0625,0.4898969531059265,0.35802170634269714,-0.0625,0.29855525493621826,-0.10391806811094284,0.0625,0.720866858959198,0.26235082745552063,-0.0625,0.720866858959198,0.26235082745552063,0.0625,0.4898969531059265,0.35802170634269714,-0.0625,0.4898969531059265,0.35802170634269714,0.0625,0.29855525493621826,-0.10391806811094284,-0.0625,0.29855525493621826,-0.10391806811094284,0.0625,0.5295251607894897,-0.19958892464637756,-0.0625,0.5295251607894897,-0.19958892464637756,-0.0625,0.2518260180950165,0.37102484703063965,0.0625,0.2518260180950165,0.37102484703063965,-0.0625,0.4431677460670471,-0.09091494977474213,0.0625,0.4431677460670471,-0.09091494977474213,-0.0625,0.21219787001609802,-0.18658581376075745,0.0625,0.21219787001609802,-0.18658581376075745,-0.0625,0.020856142044067383,0.27535396814346313,0.0625,0.020856142044067383,0.27535396814346313,-0.0625,0.21219787001609802,-0.18658581376075745,-0.0625,0.020856142044067383,0.27535396814346313,-0.0625,0.4431677460670471,-0.09091494977474213,-0.0625,0.2518260180950165,0.37102484703063965,0.0625,0.020856142044067383,0.27535396814346313,0.0625,0.21219787001609802,-0.18658581376075745,0.0625,0.2518260180950165,0.37102484703063965,0.0625,0.4431677460670471,-0.09091494977474213,-0.0625,0.020856142044067383,0.27535396814346313,0.0625,0.020856142044067383,0.27535396814346313,-0.0625,0.2518260180950165,0.37102484703063965,0.0625,0.2518260180950165,0.37102484703063965,-0.0625,0.4431677460670471,-0.09091494977474213,0.0625,0.4431677460670471,-0.09091494977474213,-0.0625,0.21219787001609802,-0.18658581376075745,0.0625,0.21219787001609802,-0.18658581376075745,-0.0625,0.53125,-0.3125,-0.0625,0.53125,-0.3125,-0.0625,0.3125,-0.3125,-0.28125,0.53125,-0.3125,-0.28125,0.53125,-0.3125,-0.28125,0.3125,-0.3125,-0.0625,0.53125,-0.3125,-0.28125,0.53125,-0.3125,-0.0625,0.53125,-0.3125,-0.0625,0.3125,-0.3125,-0.28125,0.3125,-0.3125,-0.0625,0.3125,-0.3125,-0.28125,0.3125,-0.3125,-0.28125,0.53125,-0.3125,-0.0625,0.53125,-0.3125,-0.0625,0.3125,-0.3125,0.0625,0.53125,-0.3125,0.0625,0.53125,-0.3125,0.0625,0.3125,-0.3125,0.28125,0.53125,-0.3125,0.28125,0.53125,-0.3125,0.28125,0.3125,-0.3125,0.28125,0.53125,-0.3125,0.0625,0.53125,-0.3125,0.28125,0.53125,-0.3125,0.28125,0.3125,-0.3125,0.0625,0.3125,-0.3125,0.28125,0.3125,-0.3125,0.0625,0.53125,-0.3125,0.28125,0.53125,-0.3125,0.28125,0.3125,-0.3125,0.0625,0.3125,-0.3125,0.0625,0.0625,0.1875,0.0625,0,0.1875,0.0625,0.0625,-0.1875,0.0625,0,-0.1875,-0.1875,0.0625,-0.1875,-0.1875,0,-0.1875,-0.1875,0.0625,0.1875,-0.1875,0,0.1875,-0.1875,0.0625,-0.1875,-0.1875,0.0625,0.1875,0.0625,0.0625,-0.1875,0.0625,0.0625,0.1875,-0.1875,0,0.1875,-0.1875,0,-0.1875,0.0625,0,0.1875,0.0625,0,-0.1875,-0.1875,0.0625,0.1875,-0.1875,0,0.1875,0.0625,0.0625,0.1875,0.0625,0,0.1875,0.0625,0.0625,-0.1875,0.0625,0,-0.1875,-0.1875,0.0625,-0.1875,-0.1875,0,-0.1875,0.1875,0.0625,0.1875,0.1875,0,0.1875,0.1875,0.0625,-0.1875,0.1875,0,-0.1875,-0.0625,0.0625,-0.1875,-0.0625,0,-0.1875,-0.0625,0.0625,0.1875,-0.0625,0,0.1875,-0.0625,0.0625,-0.1875,-0.0625,0.0625,0.1875,0.1875,0.0625,-0.1875,0.1875,0.0625,0.1875,-0.0625,0,0.1875,-0.0625,0,-0.1875,0.1875,0,0.1875,0.1875,0,-0.1875,-0.0625,0.0625,0.1875,-0.0625,0,0.1875,0.1875,0.0625,0.1875,0.1875,0,0.1875,0.1875,0.0625,-0.1875,0.1875,0,-0.1875,-0.0625,0.0625,-0.1875,-0.0625,0,-0.1875],"indices":[0,1,2,1,3,2,4,5,6,5,7,6,8,9,10,9,11,10,12,13,14,13,15,14,16,17,18,17,19,18,20,21,22,21,23,22,24,25,26,25,27,26,28,29,30,29,31,30,32,33,34,33,35,34,36,37,38,37,39,38,40,41,42,41,43,42,44,45,46,45,47,46,48,49,50,49,51,50,52,53,54,53,55,54,56,57,58,57,59,58,60,61,62,61,63,62,64,65,66,65,67,66,68,69,70,69,71,70,72,73,74,73,75,74,76,77,78,77,79,78,80,81,82,81,83,82,84,85,86,85,87,86,88,89,90,89,91,90,92,93,94,93,95,94,96,97,98,97,99,98,100,101,102,101,103,102,104,105,106,105,107,106,108,109,110,109,111,110,112,113,114,113,115,114,116,117,118,117,119,118,120,121,122,120,122,122,123,124,125,123,125,125,126,127,128,126,128,127,129,130,131,129,131,130,132,133,134,132,134,135,136,137,138,136,138,138,139,140,141,139,141,141,142,143,143,142,143,144,145,146,146,145,146,147,148,149,150,148,150,151,152,153,154,153,155,154,156,157,158,157,159,158,160,161,162,161,163,162,164,165,166,165,167,166,168,169,170,169,171,170,172,173,174,173,175,174,176,177,178,177,179,178,180,181,182,181,183,182,184,185,186,185,187,186,188,189,190,189,191,190,192,193,194,193,195,194,196,197,198,197,199,198]},"optimizedModelData":{"":{"meshCount":6},"-named-nodes":{"meshCount":9},"-no-animations":{"meshCount":1}}}