{"schemaVersion":4,"source":{"uri":"models/npcs/animals/baby-chicken.gltf","sha256":"d9df5af2b7a3507a5cf549a6f75058ec149ad3c182ecbe4fc666eae9cb6387a8"},"animationNames":["idle","walk","eating","admiring"],"boundingBox":{"min":{"x":-0.1875,"y":0.0031249999068677474,"z":-0.3125},"max":{"x":0.1875,"y":0.6875,"z":0.21875}},"nodeNames":["cube","cube","tail","tail_ext","cube","wing_right","wing_right_ext","cube","wing_left","wing_left_ext","wings","cube","cube","cube","head","head_ext","body","cube","cube","foot_left","foot_left_ext","leg_left","cube","cube","foot_right","foot_right_ext","leg_right","legs","body_main","body_orbit","root"],"trimesh":{"vertices":[0.125,-0.03125,0.125,0.125,-0.28125,0.125,0.125,-0.03125,-0.1875,0.125,-0.28125,-0.1875,-0.125,-0.03125,-0.1875,-0.125,-0.28125,-0.1875,-0.125,-0.03125,0.125,-0.125,-0.28125,0.125,-0.125,-0.03125,-0.1875,-0.125,-0.03125,0.125,0.125,-0.03125,-0.1875,0.125,-0.03125,0.125,-0.125,-0.28125,0.125,-0.125,-0.28125,-0.1875,0.125,-0.28125,0.125,0.125,-0.28125,-0.1875,-0.125,-0.03125,0.125,-0.125,-0.28125,0.125,0.125,-0.03125,0.125,0.125,-0.28125,0.125,0.125,-0.03125,-0.1875,0.125,-0.28125,-0.1875,-0.125,-0.03125,-0.1875,-0.125,-0.28125,-0.1875,0,-0.22187499701976776,-0.078125,0,-0.03437500074505806,-0.078125,0,-0.03437500074505806,-0.171875,0,-0.22187499701976776,-0.171875,0,-0.03437500074505806,-0.171875,0,-0.03437500074505806,-0.171875,0,-0.03437500074505806,-0.078125,0,-0.22187499701976776,-0.078125,0,-0.22187499701976776,-0.078125,0,-0.22187499701976776,-0.171875,0,-0.03437500074505806,-0.078125,0,-0.03437500074505806,-0.078125,0,-0.22187499701976776,-0.078125,0,-0.22187499701976776,-0.171875,0,0.1875,0,0,0,0,0,0.1875,-0.25,0,0,-0.25,-0.0625,0.1875,-0.25,-0.0625,0,-0.25,-0.0625,0.1875,0,-0.0625,0,0,-0.0625,0.1875,-0.25,-0.0625,0.1875,0,0,0.1875,-0.25,0,0.1875,0,-0.0625,0,0,-0.0625,0,-0.25,0,0,0,0,0,-0.25,-0.0625,0.1875,0,-0.0625,0,0,0,0.1875,0,0,0,0,0,0.1875,-0.25,0,0,-0.25,-0.0625,0.1875,-0.25,-0.0625,0,-0.25,0.0625,0.18437500298023224,0,0.0625,-0.0031250000465661287,0,0.0625,0.18437500298023224,-0.25,0.0625,-0.0031250000465661287,-0.25,0,0.18437500298023224,-0.25,0,-0.0031250000465661287,-0.25,0,0.18437500298023224,0,0,-0.0031250000465661287,0,0,0.18437500298023224,-0.25,0,0.18437500298023224,0,0.0625,0.18437500298023224,-0.25,0.0625,0.18437500298023224,0,0,-0.0031250000465661287,0,0,-0.0031250000465661287,-0.25,0.0625,-0.0031250000465661287,0,0.0625,-0.0031250000465661287,-0.25,0,0.18437500298023224,0,0,-0.0031250000465661287,0,0.0625,0.18437500298023224,0,0.0625,-0.0031250000465661287,0,0.0625,0.18437500298023224,-0.25,0.0625,-0.0031250000465661287,-0.25,0,0.18437500298023224,-0.25,0,-0.0031250000465661287,-0.25,0,-0.15937499701976776,0.09375,0,-0.09687499701976776,0.09375,0,-0.09687499701976776,0.03125,0,-0.15937499701976776,0.03125,0,-0.09687499701976776,0.03125,0,-0.09687499701976776,0.03125,0,-0.09687499701976776,0.09375,0,-0.15937499701976776,0.09375,0,-0.15937499701976776,0.09375,0,-0.15937499701976776,0.03125,0,-0.09687499701976776,0.09375,0,-0.09687499701976776,0.09375,0,-0.15937499701976776,0.09375,0,-0.15937499701976776,0.03125,0.125,0.028124988079071045,0.34375,0.125,-0.22187501192092896,0.34375,0.125,0.028124988079071045,0.09375,0.125,-0.22187501192092896,0.09375,-0.125,0.028124988079071045,0.09375,-0.125,-0.22187501192092896,0.09375,-0.125,0.028124988079071045,0.34375,-0.125,-0.22187501192092896,0.34375,-0.125,0.028124988079071045,0.09375,-0.125,0.028124988079071045,0.34375,0.125,0.028124988079071045,0.09375,0.125,0.028124988079071045,0.34375,-0.125,-0.22187501192092896,0.34375,-0.125,-0.22187501192092896,0.09375,0.125,-0.22187501192092896,0.34375,0.125,-0.22187501192092896,0.09375,-0.125,0.028124988079071045,0.34375,-0.125,-0.22187501192092896,0.34375,0.125,0.028124988079071045,0.34375,0.125,-0.22187501192092896,0.34375,0.125,0.028124988079071045,0.09375,0.125,-0.22187501192092896,0.09375,-0.125,0.028124988079071045,0.09375,-0.125,-0.22187501192092896,0.09375,0,-0.03437500074505806,0.28125,0,0.15312500298023224,0.28125,0,0.15312500298023224,0.03125,0,-0.03437500074505806,0.03125,0,0.15312500298023224,0.03125,0,0.15312500298023224,0.03125,0,0.15312500298023224,0.28125,0,-0.03437500074505806,0.28125,0,-0.03437500074505806,0.28125,0,-0.03437500074505806,0.03125,0,0.15312500298023224,0.28125,0,0.15312500298023224,0.28125,0,-0.03437500074505806,0.28125,0,-0.03437500074505806,0.03125,-0.28125,0.78125,0.375062495470047,-0.28125,0.65625,0.375062495470047,-0.28125,0.78125,0.375,-0.28125,0.65625,0.375,-0.34375,0.78125,0.375,-0.34375,0.65625,0.375,-0.34375,0.78125,0.375062495470047,-0.34375,0.65625,0.375062495470047,-0.34375,0.78125,0.375,-0.34375,0.78125,0.375062495470047,-0.28125,0.78125,0.375,-0.28125,0.78125,0.375062495470047,-0.34375,0.65625,0.375062495470047,-0.34375,0.65625,0.375,-0.28125,0.65625,0.375062495470047,-0.28125,0.65625,0.375,-0.34375,0.78125,0.375062495470047,-0.34375,0.65625,0.375062495470047,-0.28125,0.78125,0.375062495470047,-0.28125,0.65625,0.375062495470047,-0.28125,0.78125,0.375,-0.28125,0.65625,0.375,-0.34375,0.78125,0.375,-0.34375,0.65625,0.375,0.078125,-0.006187499966472387,0,0.078125,-0.0062500000931322575,0,0.078125,-0.006187499966472387,-0.125,0.078125,-0.0062500000931322575,-0.125,-0.015625,-0.006187499966472387,-0.125,-0.015625,-0.0062500000931322575,-0.125,-0.015625,-0.006187499966472387,0,-0.015625,-0.0062500000931322575,0,-0.015625,-0.006187499966472387,-0.125,-0.015625,-0.006187499966472387,0,0.078125,-0.006187499966472387,-0.125,0.078125,-0.006187499966472387,0,-0.015625,-0.0062500000931322575,0,-0.015625,-0.0062500000931322575,-0.125,0.078125,-0.0062500000931322575,0,0.078125,-0.0062500000931322575,-0.125,-0.015625,-0.006187499966472387,0,-0.015625,-0.0062500000931322575,0,0.078125,-0.006187499966472387,0,0.078125,-0.0062500000931322575,0,0.078125,-0.006187499966472387,-0.125,0.078125,-0.0062500000931322575,-0.125,-0.015625,-0.006187499966472387,-0.125,-0.015625,-0.0062500000931322575,-0.125,0.34375,0.78125,0.375062495470047,0.34375,0.65625,0.375062495470047,0.34375,0.78125,0.375,0.34375,0.65625,0.375,0.28125,0.78125,0.375,0.28125,0.65625,0.375,0.28125,0.78125,0.375062495470047,0.28125,0.65625,0.375062495470047,0.28125,0.78125,0.375,0.28125,0.78125,0.375062495470047,0.34375,0.78125,0.375,0.34375,0.78125,0.375062495470047,0.28125,0.65625,0.375062495470047,0.28125,0.65625,0.375,0.34375,0.65625,0.375062495470047,0.34375,0.65625,0.375,0.28125,0.78125,0.375062495470047,0.28125,0.65625,0.375062495470047,0.34375,0.78125,0.375062495470047,0.34375,0.65625,0.375062495470047,0.34375,0.78125,0.375,0.34375,0.65625,0.375,0.28125,0.78125,0.375,0.28125,0.65625,0.375,0.03125,0.0000625000029685907,0.15625,0.03125,0,0.15625,0.03125,0.0000625000029685907,0.03125,0.03125,0,0.03125,-0.09375,0.0000625000029685907,0.03125,-0.09375,0,0.03125,-0.09375,0.0000625000029685907,0.15625,-0.09375,0,0.15625,-0.09375,0.0000625000029685907,0.03125,-0.09375,0.0000625000029685907,0.15625,0.03125,0.0000625000029685907,0.03125,0.03125,0.0000625000029685907,0.15625,-0.09375,0,0.15625,-0.09375,0,0.03125,0.03125,0,0.15625,0.03125,0,0.03125,-0.09375,0.0000625000029685907,0.15625,-0.09375,0,0.15625,0.03125,0.0000625000029685907,0.15625,0.03125,0,0.15625,0.03125,0.0000625000029685907,0.03125,0.03125,0,0.03125,-0.09375,0.0000625000029685907,0.03125,-0.09375,0,0.03125],