{"schemaVersion":4,"source":{"uri":"models/particles/halo-cube-2x2.glb","sha256":"8e12c3793b9f7b7ecd7081f15cef2f928485c7708c439619e649e2177e3f8ce9"},"animationNames":[],"boundingBox":{"min":{"x":-1,"y":0,"z":-1},"max":{"x":1,"y":0.699999988079071,"z":1}},"nodeNames":["Cube"],"trimesh":{"vertices":[-1,-0.3499999940395355,1,-1,0.3499999940395355,1,-1,0.3499999940395355,-1,-1,-0.3499999940395355,-1,-1,-0.3499999940395355,-1,-1,0.3499999940395355,-1,1,0.3499999940395355,-1,1,-0.3499999940395355,-1,1,-0.3499999940395355,-1,1,0.3499999940395355,-1,1,0.3499999940395355,1,1,-0.3499999940395355,1,1,-0.3499999940395355,1,1,0.3499999940395355,1,-1,0.3499999940395355,1,-1,-0.3499999940395355,1],"indices":[0,1,2,0,2,3,4,5,6,4,6,7,8,9,10,8,10,11,12,13,14,12,14,15]},"optimizedModelData":{"":{"meshCount":1},"-named-nodes":{"meshCount":1},"-no-animations":{"meshCount":1}}}