{"schemaVersion":4,"source":{"uri":"models/items/gem-silver.gltf","sha256":"4225c41b5e776a4aa77e57817ca0ddabfb4d3994715d0495b6b768be0253ffd4"},"animationNames":["idle"],"boundingBox":{"min":{"x":-0.22279749810695648,"y":0.0003000089836120434,"z":-0.11347624659538269},"max":{"x":0.22279749810695648,"y":0.7942649910163879,"z":0.11347624659538269}},"nodeNames":["Gem","bone","coin"],"trimesh":{"vertices":[0.10779000073671341,0.11829562485218048,0.11347624659538269,0.10779000073671341,0,0.11347624659538269,0.22279749810695648,0,0,0.10779000073671341,0.11829562485218048,0.11347624659538269,0.22279749810695648,0,0,0.22279749810695648,0.19694125652313232,0,0,0,0.11347624659538269,0.10779000073671341,0,0.11347624659538269,0.10779000073671341,0.11829562485218048,0.11347624659538269,0,0.22447063028812408,0.11347624659538269,0,0.22447063028812408,0.11347624659538269,0.10779000073671341,0.11829562485218048,0.11347624659538269,0.22279749810695648,0.19694125652313232,0,0,0.22447063028812408,0.11347624659538269,0.22279749810695648,0.19694125652313232,0,0,0.39698249101638794,0,-0.10779000073671341,0.11829562485218048,0.11347624659538269,-0.22279749810695648,0.19694125652313232,0,-0.22279749810695648,0,0,-0.10779000073671341,0.11829562485218048,0.11347624659538269,-0.22279749810695648,0,0,-0.10779000073671341,0,0.11347624659538269,-0.10779000073671341,0.11829562485218048,0.11347624659538269,-0.10779000073671341,0,0.11347624659538269,0,0.22447063028812408,0.11347624659538269,0,0.39698249101638794,0,-0.22279749810695648,0.19694125652313232,0,0,0.22447063028812408,0.11347624659538269,-0.22279749810695648,0.19694125652313232,0,-0.10779000073671341,0.11829562485218048,0.11347624659538269,0.10779000073671341,-0.11829562485218048,0.11347624659538269,0.22279749810695648,-0.19694125652313232,0,0.10779000073671341,0,0.11347624659538269,0,-0.22447063028812408,0.11347624659538269,0.10779000073671341,-0.11829562485218048,0.11347624659538269,0,-0.22447063028812408,0.11347624659538269,0,-0.39698249101638794,0,0.22279749810695648,-0.19694125652313232,0,0,-0.22447063028812408,0.11347624659538269,0.22279749810695648,-0.19694125652313232,0,0.10779000073671341,-0.11829562485218048,0.11347624659538269,-0.10779000073671341,-0.11829562485218048,0.11347624659538269,-0.10779000073671341,0,0.11347624659538269,-0.22279749810695648,-0.19694125652313232,0,-0.10779000073671341,-0.11829562485218048,0.11347624659538269,0,-0.22447063028812408,0.11347624659538269,-0.10779000073671341,-0.11829562485218048,0.11347624659538269,-0.22279749810695648,-0.19694125652313232,0,0,-0.22447063028812408,0.11347624659538269,-0.22279749810695648,-0.19694125652313232,0,0,-0.39698249101638794,0,0.10779000073671341,0.11829562485218048,-0.11347624659538269,0.22279749810695648,0.19694125652313232,0,0.22279749810695648,0,0,0,0.22447063028812408,-0.11347624659538269,0,0.39698249101638794,0,0.22279749810695648,0.19694125652313232,0,0,0.22447063028812408,-0.11347624659538269,0.22279749810695648,0.19694125652313232,0,0.10779000073671341,0.11829562485218048,-0.11347624659538269,-0.10779000073671341,0.11829562485218048,-0.11347624659538269,-0.22279749810695648,0,0,-0.22279749810695648,0.19694125652313232,0,0,0.22447063028812408,-0.11347624659538269,-0.10779000073671341,0.11829562485218048,-0.11347624659538269,-0.22279749810695648,0.19694125652313232,0,0,0.22447063028812408,-0.11347624659538269,-0.22279749810695648,0.19694125652313232,0,0,0.39698249101638794,0,0.10779000073671341,-0.11829562485218048,-0.11347624659538269,0.22279749810695648,-0.19694125652313232,0,0,0,-0.11347624659538269,0.10779000073671341,-0.11829562485218048,-0.11347624659538269,0,-0.22447063028812408,-0.11347624659538269,0,-0.22447063028812408,-0.11347624659538269,0.10779000073671341,-0.11829562485218048,-0.11347624659538269,0.22279749810695648,-0.19694125652313232,0,0,-0.22447063028812408,-0.11347624659538269,0.22279749810695648,-0.19694125652313232,0,0,-0.39698249101638794,0,-0.10779000073671341,-0.11829562485218048,-0.11347624659538269,-0.22279749810695648,-0.19694125652313232,0,-0.10779000073671341,-0.11829562485218048,-0.11347624659538269,-0.10779000073671341,0,-0.11347624659538269,0,-0.22447063028812408,-0.11347624659538269,0,-0.39698249101638794,0,-0.22279749810695648,-0.19694125652313232,0,0,-0.22447063028812408,-0.11347624659538269,-0.22279749810695648,-0.19694125652313232,0,-0.10779000073671341,-0.11829562485218048,-0.11347624659538269,0,0.22447063028812408,-0.11347624659538269,0.10779000073671341,0.11829562485218048,-0.11347624659538269,-0.10779000073671341,0.11829562485218048,-0.11347624659538269,0.10779000073671341,0,-0.11347624659538269,0.10779000073671341,0.11829562485218048,-0.11347624659538269,0.22279749810695648,0,0,0.10779000073671341,0,-0.11347624659538269,-0.10779000073671341,0.11829562485218048,-0.11347624659538269,-0.10779000073671341,0,-0.11347624659538269,-0.22279749810695648,0,0,0.10779000073671341,0,-0.11347624659538269,-0.10779000073671341,0,-0.11347624659538269],"indices":[0,1,2,3,4,5,6,7,8,6,8,9,10,11,12,13,14,15,16,17,18,19,20,21,6,9,22,6,22,23,24,25,26,27,28,29,30,31,4,30,4,32,6,33,34,6,34,7,35,36,37,38,39,40,41,42,18,41,18,43,6,23,44,6,44,33,45,46,47,48,49,50,51,52,53,54,55,56,57,58,59,60,61,62,63,64,65,66,67,68,69,53,70,71,72,73,74,75,76,77,78,79,80,81,61,71,82,83,84,85,86,87,88,89,71,90,91,71,92,90,71,93,72,71,73,82,71,83,92,71,91,93,94,95,96,97,98,99,69,100,53,80,61,101]},"optimizedModelData":{"":{"meshCount":1},"-named-nodes":{"meshCount":1},"-no-animations":{"meshCount":1}}}