{"schemaVersion":4,"source":{"uri":"models/environment/archery-target.gltf","sha256":"c7b54dbc66fbf8f9c8171f8a9d842ae17a5ea912fa493aaa6ad1e692565434bf"},"animationNames":[],"boundingBox":{"min":{"x":-0.31447053933097524,"y":-0.02670441489048392,"z":0.02098659670438796},"max":{"x":1.3144705393309752,"y":1.8378524433707637,"z":0.9748600609431612}},"nodeNames":["cube","cube","cube","cube","cube","group",""],"trimesh":{"vertices":[0.5625,0.8694259524345398,-0.3260483145713806,0.5625,-0.2555740177631378,-0.3260483145713806,0.5625,0.8694259524345398,-0.4510483145713806,0.5625,-0.2555740177631378,-0.4510483145713806,-0.5625,0.8694259524345398,-0.4510483145713806,-0.5625,-0.2555740177631378,-0.4510483145713806,-0.5625,0.8694259524345398,-0.3260483145713806,-0.5625,-0.2555740177631378,-0.3260483145713806,-0.5625,0.8694259524345398,-0.4510483145713806,-0.5625,0.8694259524345398,-0.3260483145713806,0.5625,0.8694259524345398,-0.4510483145713806,0.5625,0.8694259524345398,-0.3260483145713806,-0.5625,-0.2555740177631378,-0.3260483145713806,-0.5625,-0.2555740177631378,-0.4510483145713806,0.5625,-0.2555740177631378,-0.3260483145713806,0.5625,-0.2555740177631378,-0.4510483145713806,-0.5625,0.8694259524345398,-0.3260483145713806,-0.5625,-0.2555740177631378,-0.3260483145713806,0.5625,0.8694259524345398,-0.3260483145713806,0.5625,-0.2555740177631378,-0.3260483145713806,0.5625,0.8694259524345398,-0.4510483145713806,0.5625,-0.2555740177631378,-0.4510483145713806,-0.5625,0.8694259524345398,-0.4510483145713806,-0.5625,-0.2555740177631378,-0.4510483145713806,0.042463529855012894,0.8577380776405334,-0.2635483145713806,-0.6989855766296387,-0.9322784543037415,-0.2635483145713806,0.042463529855012894,0.8577380776405334,-0.3885483145713806,-0.6989855766296387,-0.9322784543037415,-0.3885483145713806,-0.07302141189575195,0.9055735468864441,-0.3885483145713806,-0.8144705295562744,-0.8844430446624756,-0.3885483145713806,-0.07302141189575195,0.9055735468864441,-0.2635483145713806,-0.8144705295562744,-0.8844430446624756,-0.2635483145713806,-0.07302141189575195,0.9055735468864441,-0.3885483145713806,-0.07302141189575195,0.9055735468864441,-0.2635483145713806,0.042463529855012894,0.8577380776405334,-0.3885483145713806,0.042463529855012894,0.8577380776405334,-0.2635483145713806,-0.8144705295562744,-0.8844430446624756,-0.2635483145713806,-0.8144705295562744,-0.8844430446624756,-0.3885483145713806,-0.6989855766296387,-0.9322784543037415,-0.2635483145713806,-0.6989855766296387,-0.9322784543037415,-0.3885483145713806,-0.07302141189575195,0.9055735468864441,-0.2635483145713806,-0.8144705295562744,-0.8844430446624756,-0.2635483145713806,0.042463529855012894,0.8577380776405334,-0.2635483145713806,-0.6989855766296387,-0.9322784543037415,-0.2635483145713806,0.042463529855012894,0.8577380776405334,-0.3885483145713806,-0.6989855766296387,-0.9322784543037415,-0.3885483145713806,-0.07302141189575195,0.9055735468864441,-0.3885483145713806,-0.8144705295562744,-0.8844430446624756,-0.3885483145713806,0.625,-0.19218593835830688,-0.3885483741760254,0.625,-0.2805742621421814,-0.3001600205898285,0.625,-0.2805742621421814,-0.4769367277622223,0.625,-0.3689626157283783,-0.3885483741760254,-0.625,-0.2805742621421814,-0.4769367277622223,-0.625,-0.3689626157283783,-0.3885483741760254,-0.625,-0.19218593835830688,-0.3885483741760254,-0.625,-0.2805742621421814,-0.3001600205898285,-0.625,-0.2805742621421814,-0.4769367277622223,-0.625,-0.19218593835830688,-0.3885483741760254,0.625,-0.2805742621421814,-0.4769367277622223,0.625,-0.19218593835830688,-0.3885483741760254,-0.625,-0.2805742621421814,-0.3001600205898285,-0.625,-0.3689626157283783,-0.3885483741760254,0.625,-0.2805742621421814,-0.3001600205898285,0.625,-0.3689626157283783,-0.3885483741760254,-0.625,-0.19218593835830688,-0.3885483741760254,-0.625,-0.2805742621421814,-0.3001600205898285,0.625,-0.19218593835830688,-0.3885483741760254,0.625,-0.2805742621421814,-0.3001600205898285,0.625,-0.2805742621421814,-0.4769367277622223,0.625,-0.3689626157283783,-0.3885483741760254,-0.625,-0.2805742621421814,-0.4769367277622223,-0.625,-0.3689626157283783,-0.3885483741760254,0.07302141189575195,0.9055735468864441,-0.2635483145713806,0.8144705295562744,-0.8844430446624756,-0.2635483145713806,0.07302141189575195,0.9055735468864441,-0.3885483145713806,0.8144705295562744,-0.8844430446624756,-0.3885483145713806,-0.042463529855012894,0.8577380776405334,-0.3885483145713806,0.6989855766296387,-0.9322784543037415,-0.3885483145713806,-0.042463529855012894,0.8577380776405334,-0.2635483145713806,0.6989855766296387,-0.9322784543037415,-0.2635483145713806,-0.042463529855012894,0.8577380776405334,-0.3885483145713806,-0.042463529855012894,0.8577380776405334,-0.2635483145713806,0.07302141189575195,0.9055735468864441,-0.3885483145713806,0.07302141189575195,0.9055735468864441,-0.2635483145713806,0.6989855766296387,-0.9322784543037415,-0.2635483145713806,0.6989855766296387,-0.9322784543037415,-0.3885483145713806,0.8144705295562744,-0.8844430446624756,-0.2635483145713806,0.8144705295562744,-0.8844430446624756,-0.3885483145713806,-0.042463529855012894,0.8577380776405334,-0.2635483145713806,0.6989855766296387,-0.9322784543037415,-0.2635483145713806,0.07302141189575195,0.9055735468864441,-0.2635483145713806,0.8144705295562744,-0.8844430446624756,-0.2635483145713806,0.07302141189575195,0.9055735468864441,-0.3885483145713806,0.8144705295562744,-0.8844430446624756,-0.3885483145713806,-0.042463529855012894,0.8577380776405334,-0.3885483145713806,0.6989855766296387,-0.9322784543037415,-0.3885483145713806,0.0625,0.9322783946990967,-0.26451241970062256,0.0625,-0.857738196849823,0.4769367277622223,0.0625,0.8844429850578308,-0.3799973428249359,0.0625,-0.9055736064910889,0.3614518344402313,-0.0625,0.8844429850578308,-0.3799973428249359,-0.0625,-0.9055736064910889,0.3614518344402313,-0.0625,0.9322783946990967,-0.26451241970062256,-0.0625,-0.857738196849823,0.4769367277622223,-0.0625,0.8844429850578308,-0.3799973428249359,-0.0625,0.9322783946990967,-0.26451241970062256,0.0625,0.8844429850578308,-0.3799973428249359,0.0625,0.9322783946990967,-0.26451241970062256,-0.0625,-0.857738196849823,0.4769367277622223,-0.0625,-0.9055736064910889,0.3614518344402313,0.0625,-0.857738196849823,0.4769367277622223,0.0625,-0.9055736064910889,0.3614518344402313,-0.0625,0.9322783946990967,-0.26451241970062256,-0.0625,-0.857738196849823,0.4769367277622223,0.0625,0.9322783946990967,-0.26451241970062256,0.0625,-0.857738196849823,0.4769367277622223,0.0625,0.8844429850578308,-0.3799973428249359,0.0625,-0.9055736064910889,0.3614518344402313,-0.0625,0.8844429850578308,-0.3799973428249359,-0.0625,-0.9055736064910889,0.3614518344402313],"indices":[0,1,2,1,3,2,4,5,6,5,7,6,8,9,10,9,11,10,12,13,14,13,15,14,16,17,18,17,19,18,20,21,22,21,23,22,24,25,26,25,27,26,28,29,30,29,31,30,32,33,34,33,35,34,36,37,38,37,39,38,40,41,42,41,43,42,44,45,46,45,47,46,48,49,50,49,51,50,52,53,54,53,55,54,56,57,58,57,59,58,60,61,62,61,63,62,64,65,66,65,67,66,68,69,70,69,71,70,72,73,74,73,75,74,76,77,78,77,79,78,80,81,82,81,83,82,84,85,86,85,87,86,88,89,90,89,91,90,92,93,94,93,95,94,96,97,98,97,99,98,100,101,102,101,103,102,104,105,106,105,107,106,108,109,110,109,111,110,112,113,114,113,115,114,116,117,118,117,119,118]},"optimizedModelData":{"":{"meshCount":1},"-named-nodes":{"meshCount":5},"-no-animations":{"meshCount":1}}}