{"schemaVersion":4,"source":{"uri":"models/environment/Space/large-cloud.gltf","sha256":"7ebcafa26851804ac7523ce6d01d9432a4167d91b452c37e655a8bcece5a0a05"},"animationNames":[],"boundingBox":{"min":{"x":-1.1875,"y":-0.0015624985098838806,"z":-0.4390625059604645},"max":{"x":1.125,"y":0.875,"z":0.5}},"nodeNames":["cube","cube","cube","cube","cube","large-cloud"],"trimesh":{"vertices":[0.6578124761581421,0.31484371423721313,0.4085937738418579,0.6578124761581421,-0.43828123807907104,0.4085937738418579,0.6578124761581421,0.31484371423721313,-0.46953123807907104,0.6578124761581421,-0.43828123807907104,-0.46953123807907104,-0.2203124761581421,0.31484371423721313,-0.46953123807907104,-0.2203124761581421,-0.43828123807907104,-0.46953123807907104,-0.2203124761581421,0.31484371423721313,0.4085937738418579,-0.2203124761581421,-0.43828123807907104,0.4085937738418579,-0.2203124761581421,0.31484371423721313,-0.46953123807907104,-0.2203124761581421,0.31484371423721313,0.4085937738418579,0.6578124761581421,0.31484371423721313,-0.46953123807907104,0.6578124761581421,0.31484371423721313,0.4085937738418579,-0.2203124761581421,-0.43828123807907104,0.4085937738418579,-0.2203124761581421,-0.43828123807907104,-0.46953123807907104,0.6578124761581421,-0.43828123807907104,0.4085937738418579,0.6578124761581421,-0.43828123807907104,-0.46953123807907104,-0.2203124761581421,0.31484371423721313,0.4085937738418579,-0.2203124761581421,-0.43828123807907104,0.4085937738418579,0.6578124761581421,0.31484371423721313,0.4085937738418579,0.6578124761581421,-0.43828123807907104,0.4085937738418579,0.6578124761581421,0.31484371423721313,-0.46953123807907104,0.6578124761581421,-0.43828123807907104,-0.46953123807907104,-0.2203124761581421,0.31484371423721313,-0.46953123807907104,-0.2203124761581421,-0.43828123807907104,-0.46953123807907104,1.15625,0.06328125298023224,0.21953125298023224,1.15625,-0.43671876192092896,0.21953125298023224,1.15625,0.06328125298023224,-0.40546876192092896,1.15625,-0.43671876192092896,-0.40546876192092896,0.65625,0.06328125298023224,-0.40546876192092896,0.65625,-0.43671876192092896,-0.40546876192092896,0.65625,0.06328125298023224,0.21953125298023224,0.65625,-0.43671876192092896,0.21953125298023224,0.65625,0.06328125298023224,-0.40546876192092896,0.65625,0.06328125298023224,0.21953125298023224,1.15625,0.06328125298023224,-0.40546876192092896,1.15625,0.06328125298023224,0.21953125298023224,0.65625,-0.43671876192092896,0.21953125298023224,0.65625,-0.43671876192092896,-0.40546876192092896,1.15625,-0.43671876192092896,0.21953125298023224,1.15625,-0.43671876192092896,-0.40546876192092896,0.65625,0.06328125298023224,0.21953125298023224,0.65625,-0.43671876192092896,0.21953125298023224,1.15625,0.06328125298023224,0.21953125298023224,1.15625,-0.43671876192092896,0.21953125298023224,1.15625,0.06328125298023224,-0.40546876192092896,1.15625,-0.43671876192092896,-0.40546876192092896,0.65625,0.06328125298023224,-0.40546876192092896,0.65625,-0.43671876192092896,-0.40546876192092896,0.78125,0.43828123807907104,0.15703125298023224,0.78125,0.06328125298023224,0.15703125298023224,0.78125,0.43828123807907104,-0.21796874701976776,0.78125,0.06328125298023224,-0.21796874701976776,0.40625,0.43828123807907104,-0.21796874701976776,0.40625,0.06328125298023224,-0.21796874701976776,0.40625,0.43828123807907104,0.15703125298023224,0.40625,0.06328125298023224,0.15703125298023224,0.40625,0.43828123807907104,-0.21796874701976776,0.40625,0.43828123807907104,0.15703125298023224,0.78125,0.43828123807907104,-0.21796874701976776,0.78125,0.43828123807907104,0.15703125298023224,0.40625,0.06328125298023224,0.15703125298023224,0.40625,0.06328125298023224,-0.21796874701976776,0.78125,0.06328125298023224,0.15703125298023224,0.78125,0.06328125298023224,-0.21796874701976776,0.40625,0.43828123807907104,0.15703125298023224,0.40625,0.06328125298023224,0.15703125298023224,0.78125,0.43828123807907104,0.15703125298023224,0.78125,0.06328125298023224,0.15703125298023224,0.78125,0.43828123807907104,-0.21796874701976776,0.78125,0.06328125298023224,-0.21796874701976776,0.40625,0.43828123807907104,-0.21796874701976776,0.40625,0.06328125298023224,-0.21796874701976776,-0.03125,0.25078123807907104,0.46953123807907104,-0.03125,-0.43671876192092896,0.46953123807907104,-0.03125,0.25078123807907104,-0.15546874701976776,-0.03125,-0.43671876192092896,-0.15546874701976776,-0.65625,0.25078123807907104,-0.15546874701976776,-0.65625,-0.43671876192092896,-0.15546874701976776,-0.65625,0.25078123807907104,0.46953123807907104,-0.65625,-0.43671876192092896,0.46953123807907104,-0.65625,0.25078123807907104,-0.15546874701976776,-0.65625,0.25078123807907104,0.46953123807907104,-0.03125,0.25078123807907104,-0.15546874701976776,-0.03125,0.25078123807907104,0.46953123807907104,-0.65625,-0.43671876192092896,0.46953123807907104,-0.65625,-0.43671876192092896,-0.15546874701976776,-0.03125,-0.43671876192092896,0.46953123807907104,-0.03125,-0.43671876192092896,-0.15546874701976776,-0.65625,0.25078123807907104,0.46953123807907104,-0.65625,-0.43671876192092896,0.46953123807907104,-0.03125,0.25078123807907104,0.46953123807907104,-0.03125,-0.43671876192092896,0.46953123807907104,-0.03125,0.25078123807907104,-0.15546874701976776,-0.03125,-0.43671876192092896,-0.15546874701976776,-0.65625,0.25078123807907104,-0.15546874701976776,-0.65625,-0.43671876192092896,-0.15546874701976776,-0.40625,0.0007812492549419403,0.40703123807907104,-0.40625,-0.37421876192092896,0.40703123807907104,-0.40625,0.0007812492549419403,-0.34296876192092896,-0.40625,-0.37421876192092896,-0.34296876192092896,-1.15625,0.0007812492549419403,-0.34296876192092896,-1.15625,-0.37421876192092896,-0.34296876192092896,-1.15625,0.0007812492549419403,0.40703123807907104,-1.15625,-0.37421876192092896,0.40703123807907104,-1.15625,0.0007812492549419403,-0.34296876192092896,-1.15625,0.0007812492549419403,0.40703123807907104,-0.40625,0.0007812492549419403,-0.34296876192092896,-0.40625,0.0007812492549419403,0.40703123807907104,-1.15625,-0.37421876192092896,0.40703123807907104,-1.15625,-0.37421876192092896,-0.34296876192092896,-0.40625,-0.37421876192092896,0.40703123807907104,-0.40625,-0.37421876192092896,-0.34296876192092896,-1.15625,0.0007812492549419403,0.40703123807907104,-1.15625,-0.37421876192092896,0.40703123807907104,-0.40625,0.0007812492549419403,0.40703123807907104,-0.40625,-0.37421876192092896,0.40703123807907104,-0.40625,0.0007812492549419403,-0.34296876192092896,-0.40625,-0.37421876192092896,-0.34296876192092896,-1.15625,0.0007812492549419403,-0.34296876192092896,-1.15625,-0.37421876192092896,-0.34296876192092896],"indices":[0,1,2,1,3,2,4,5,6,5,7,6,8,9,10,9,11,10,12,13,14,13,15,14,16,17,18,17,19,18,20,21,22,21,23,22,24,25,26,25,27,26,28,29,30,29,31,30,32,33,34,33,35,34,36,37,38,37,39,38,40,41,42,41,43,42,44,45,46,45,47,46,48,49,50,49,51,50,52,53,54,53,55,54,56,57,58,57,59,58,60,61,62,61,63,62,64,65,66,65,67,66,68,69,70,69,71,70,72,73,74,73,75,74,76,77,78,77,79,78,80,81,82,81,83,82,84,85,86,85,87,86,88,89,90,89,91,90,92,93,94,93,95,94,96,97,98,97,99,98,100,101,102,101,103,102,104,105,106,105,107,106,108,109,110,109,111,110,112,113,114,113,115,114,116,117,118,117,119,118]},"optimizedModelData":{"":{"meshCount":1},"-named-nodes":{"meshCount":5},"-no-animations":{"meshCount":1}}}