{"schemaVersion":4,"source":{"uri":"models/particles/cylinder-2x2.glb","sha256":"6f4e7ab8e10d387fe314dc23beb72e28261071c0dc390bd676c94ffa4d7ca701"},"animationNames":[],"boundingBox":{"min":{"x":-0.9996001720428467,"y":0.0003998279571533203,"z":-0.9996001720428467},"max":{"x":0.9996001720428467,"y":0.9604208469390869,"z":0.9996001720428467}},"nodeNames":["Cylinder"],"trimesh":{"vertices":[0,-0.4800105094909668,-0.9996001720428467,0,0.4800105094909668,-0.9996001720428467,0.19501231610774994,0.4800105094909668,-0.98039311170578,0.19501231610774994,-0.4800105094909668,-0.98039311170578,0.19501231610774994,-0.4800105094909668,-0.98039311170578,0.19501231610774994,0.4800105094909668,-0.98039311170578,0.38253045082092285,0.4800105094909668,-0.9235101342201233,0.38253045082092285,-0.4800105094909668,-0.9235101342201233,0.38253045082092285,-0.4800105094909668,-0.9235101342201233,0.38253045082092285,0.4800105094909668,-0.9235101342201233,0.5553480982780457,0.4800105094909668,-0.8311371803283691,0.5553480982780457,-0.4800105094909668,-0.8311371803283691,0.5553480982780457,-0.4800105094909668,-0.8311371803283691,0.5553480982780457,0.4800105094909668,-0.8311371803283691,0.7068240642547607,0.4800105094909668,-0.7068240642547607,0.7068240642547607,-0.4800105094909668,-0.7068240642547607,0.7068240642547607,-0.4800105094909668,-0.7068240642547607,0.7068240642547607,0.4800105094909668,-0.7068240642547607,0.8311371803283691,0.4800105094909668,-0.5553480982780457,0.8311371803283691,-0.4800105094909668,-0.5553480982780457,0.8311371803283691,-0.4800105094909668,-0.5553480982780457,0.8311371803283691,0.4800105094909668,-0.5553480982780457,0.9235101342201233,0.4800105094909668,-0.38253045082092285,0.9235101342201233,-0.4800105094909668,-0.38253045082092285,0.9235101342201233,-0.4800105094909668,-0.38253045082092285,0.9235101342201233,0.4800105094909668,-0.38253045082092285,0.98039311170578,0.4800105094909668,-0.19501231610774994,0.98039311170578,-0.4800105094909668,-0.19501231610774994,0.98039311170578,-0.4800105094909668,-0.19501231610774994,0.98039311170578,0.4800105094909668,-0.19501231610774994,0.9996001720428467,0.4800105094909668,0,0.9996001720428467,-0.4800105094909668,0,0.9996001720428467,-0.4800105094909668,0,0.9996001720428467,0.4800105094909668,0,0.98039311170578,0.4800105094909668,0.19501231610774994,0.98039311170578,-0.4800105094909668,0.19501231610774994,0.98039311170578,-0.4800105094909668,0.19501231610774994,0.98039311170578,0.4800105094909668,0.19501231610774994,0.9235101342201233,0.4800105094909668,0.38253045082092285,0.9235101342201233,-0.4800105094909668,0.38253045082092285,0.9235101342201233,-0.4800105094909668,0.38253045082092285,0.9235101342201233,0.4800105094909668,0.38253045082092285,0.8311371803283691,0.4800105094909668,0.5553480982780457,0.8311371803283691,-0.4800105094909668,0.5553480982780457,0.8311371803283691,-0.4800105094909668,0.5553480982780457,0.8311371803283691,0.4800105094909668,0.5553480982780457,0.7068240642547607,0.4800105094909668,0.7068240642547607,0.7068240642547607,-0.4800105094909668,0.7068240642547607,0.7068240642547607,-0.4800105094909668,0.7068240642547607,0.7068240642547607,0.4800105094909668,0.7068240642547607,0.5553480982780457,0.4800105094909668,0.8311371803283691,0.5553480982780457,-0.4800105094909668,0.8311371803283691,0.5553480982780457,-0.4800105094909668,0.8311371803283691,0.5553480982780457,0.4800105094909668,0.8311371803283691,0.38253045082092285,0.4800105094909668,0.9235101342201233,0.38253045082092285,-0.4800105094909668,0.9235101342201233,0.38253045082092285,-0.4800105094909668,0.9235101342201233,0.38253045082092285,0.4800105094909668,0.9235101342201233,0.19501231610774994,0.4800105094909668,0.98039311170578,0.19501231610774994,-0.4800105094909668,0.98039311170578,0.19501231610774994,-0.4800105094909668,0.98039311170578,0.19501231610774994,0.4800105094909668,0.98039311170578,0,0.4800105094909668,0.9996001720428467,0,-0.4800105094909668,0.9996001720428467,0,-0.4800105094909668,0.9996001720428467,0,0.4800105094909668,0.9996001720428467,-0.19501231610774994,0.4800105094909668,0.98039311170578,-0.19501231610774994,-0.4800105094909668,0.98039311170578,-0.19501231610774994,-0.4800105094909668,0.98039311170578,-0.19501231610774994,0.4800105094909668,0.98039311170578,-0.38253045082092285,0.4800105094909668,0.9235101342201233,-0.38253045082092285,-0.4800105094909668,0.9235101342201233,-0.38253045082092285,-0.4800105094909668,0.9235101342201233,-0.38253045082092285,0.4800105094909668,0.9235101342201233,-0.5553480982780457,0.4800105094909668,0.8311371803283691,-0.5553480982780457,-0.4800105094909668,0.8311371803283691,-0.5553480982780457,-0.4800105094909668,0.8311371803283691,-0.5553480982780457,0.4800105094909668,0.8311371803283691,-0.7068240642547607,0.4800105094909668,0.7068240642547607,-0.7068240642547607,-0.4800105094909668,0.7068240642547607,-0.7068240642547607,-0.4800105094909668,0.7068240642547607,-0.7068240642547607,0.4800105094909668,0.7068240642547607,-0.8311371803283691,0.4800105094909668,0.5553480982780457,-0.8311371803283691,-0.4800105094909668,0.5553480982780457,-0.8311371803283691,-0.4800105094909668,0.5553480982780457,-0.8311371803283691,0.4800105094909668,0.5553480982780457,-0.9235101342201233,0.4800105094909668,0.38253045082092285,-0.9235101342201233,-0.4800105094909668,0.38253045082092285,-0.9235101342201233,-0.4800105094909668,0.38253045082092285,-0.9235101342201233,0.4800105094909668,0.38253045082092285,-0.98039311170578,0.4800105094909668,0.19501231610774994,-0.98039311170578,-0.4800105094909668,0.19501231610774994,-0.98039311170578,-0.4800105094909668,0.19501231610774994,-0.98039311170578,0.4800105094909668,0.19501231610774994,-0.9996001720428467,0.4800105094909668,0,-0.9996001720428467,-0.4800105094909668,0,-0.9996001720428467,-0.4800105094909668,0,-0.9996001720428467,0.4800105094909668,0,-0.98039311170578,0.4800105094909668,-0.19501231610774994,-0.98039311170578,-0.4800105094909668,-0.19501231610774994,-0.98039311170578,-0.4800105094909668,-0.19501231610774994,-0.98039311170578,0.4800105094909668,-0.19501231610774994,-0.9235101342201233,0.4800105094909668,-0.38253045082092285,-0.9235101342201233,-0.4800105094909668,-0.38253045082092285,-0.9235101342201233,-0.4800105094909668,-0.38253045082092285,-0.9235101342201233,0.4800105094909668,-0.38253045082092285,-0.8311371803283691,0.4800105094909668,-0.5553480982780457,-0.8311371803283691,-0.4800105094909668,-0.5553480982780457,-0.8311371803283691,-0.4800105094909668,-0.5553480982780457,-0.8311371803283691,0.4800105094909668,-0.5553480982780457,-0.7068240642547607,0.4800105094909668,-0.7068240642547607,-0.7068240642547607,-0.4800105094909668,-0.7068240642547607,-0.7068240642547607,-0.4800105094909668,-0.7068240642547607,-0.7068240642547607,0.4800105094909668,-0.7068240642547607,-0.5553480982780457,0.4800105094909668,-0.8311371803283691,-0.5553480982780457,-0.4800105094909668,-0.8311371803283691,-0.5553480982780457,-0.4800105094909668,-0.8311371803283691,-0.5553480982780457,0.4800105094909668,-0.8311371803283691,-0.38253045082092285,0.4800105094909668,-0.9235101342201233,-0.38253045082092285,-0.4800105094909668,-0.9235101342201233,-0.38253045082092285,-0.4800105094909668,-0.9235101342201233,-0.38253045082092285,0.4800105094909668,-0.9235101342201233,-0.19501231610774994,0.4800105094909668,-0.98039311170578,-0.19501231610774994,-0.4800105094909668,-0.98039311170578,-0.19501231610774994,-0.4800105094909668,-0.98039311170578,-0.19501231610774994,0.4800105094909668,-0.98039311170578,0,0.4800105094909668,-0.9996001720428467,0,-0.4800105094909668,-0.9996001720428467],