{"schemaVersion":4,"source":{"uri":"models/environment/Farm/hay-bales-stacked.gltf","sha256":"010d8244471c9c6f7e93a8d2cb0e774745d15d250af8a52c8ff0505004504aac"},"animationNames":[],"boundingBox":{"min":{"x":-0.8996171902909853,"y":0,"z":-0.8742684535614453},"max":{"x":0.8996171902909853,"y":1.5046875,"z":0.8742684535614453}},"nodeNames":["cube","cube","cube","1","cube","cube","cube","2","cube","cube","cube","4","cube","cube","cube","3","hay-bales"],"trimesh":{"vertices":[0.5,-0.0023437500931322575,0.84375,0.5,-0.7523437738418579,0.84375,0.5,-0.0023437500931322575,0.09375,0.5,-0.7523437738418579,0.09375,-0.5,-0.0023437500931322575,0.09375,-0.5,-0.7523437738418579,0.09375,-0.5,-0.0023437500931322575,0.84375,-0.5,-0.7523437738418579,0.84375,-0.5,-0.0023437500931322575,0.09375,-0.5,-0.0023437500931322575,0.84375,0.5,-0.0023437500931322575,0.09375,0.5,-0.0023437500931322575,0.84375,-0.5,-0.7523437738418579,0.84375,-0.5,-0.7523437738418579,0.09375,0.5,-0.7523437738418579,0.84375,0.5,-0.7523437738418579,0.09375,-0.5,-0.0023437500931322575,0.84375,-0.5,-0.7523437738418579,0.84375,0.5,-0.0023437500931322575,0.84375,0.5,-0.7523437738418579,0.84375,0.5,-0.0023437500931322575,0.09375,0.5,-0.7523437738418579,0.09375,-0.5,-0.0023437500931322575,0.09375,-0.5,-0.7523437738418579,0.09375,0.5,-0.7523437738418579,0.84375,0.5,-0.0023437500931322575,0.84375,0.5,-0.0023437500931322575,0.09375,0.5,-0.7523437738418579,0.09375,0.75,-0.0023437500931322575,0.84375,0.75,-0.0023437500931322575,0.09375,0.5,-0.0023437500931322575,0.09375,0.5,-0.0023437500931322575,0.84375,0.75,-0.7523437738418579,0.09375,0.75,-0.7523437738418579,0.84375,0.5,-0.7523437738418579,0.84375,0.5,-0.7523437738418579,0.09375,0.75,-0.7523437738418579,0.84375,0.75,-0.0023437500931322575,0.84375,0.5,-0.0023437500931322575,0.84375,0.5,-0.7523437738418579,0.84375,0.5,-0.7523437738418579,0.09375,0.5,-0.0023437500931322575,0.09375,0.75,-0.0023437500931322575,0.09375,0.75,-0.7523437738418579,0.09375,-0.5,-0.0023437500931322575,0.84375,-0.5,-0.0023437500931322575,0.09375,-0.75,-0.0023437500931322575,0.09375,-0.75,-0.0023437500931322575,0.84375,-0.5,-0.7523437738418579,0.09375,-0.5,-0.7523437738418579,0.84375,-0.75,-0.7523437738418579,0.84375,-0.75,-0.7523437738418579,0.09375,-0.5,-0.7523437738418579,0.84375,-0.5,-0.0023437500931322575,0.84375,-0.75,-0.0023437500931322575,0.84375,-0.75,-0.7523437738418579,0.84375,-0.75,-0.7523437738418579,0.09375,-0.75,-0.0023437500931322575,0.09375,-0.5,-0.0023437500931322575,0.09375,-0.5,-0.7523437738418579,0.09375,0.5,-0.0023437500931322575,-0.09375,0.5,-0.7523437738418579,-0.09375,0.5,-0.0023437500931322575,-0.84375,0.5,-0.7523437738418579,-0.84375,-0.5,-0.0023437500931322575,-0.84375,-0.5,-0.7523437738418579,-0.84375,-0.5,-0.0023437500931322575,-0.09375,-0.5,-0.7523437738418579,-0.09375,-0.5,-0.0023437500931322575,-0.84375,-0.5,-0.0023437500931322575,-0.09375,0.5,-0.0023437500931322575,-0.84375,0.5,-0.0023437500931322575,-0.09375,-0.5,-0.7523437738418579,-0.09375,-0.5,-0.7523437738418579,-0.84375,0.5,-0.7523437738418579,-0.09375,0.5,-0.7523437738418579,-0.84375,-0.5,-0.0023437500931322575,-0.09375,-0.5,-0.7523437738418579,-0.09375,0.5,-0.0023437500931322575,-0.09375,0.5,-0.7523437738418579,-0.09375,0.5,-0.0023437500931322575,-0.84375,0.5,-0.7523437738418579,-0.84375,-0.5,-0.0023437500931322575,-0.84375,-0.5,-0.7523437738418579,-0.84375,0.75,-0.0023437500931322575,-0.09375,0.75,-0.0023437500931322575,-0.84375,0.5,-0.0023437500931322575,-0.84375,0.5,-0.0023437500931322575,-0.09375,0.75,-0.7523437738418579,-0.84375,0.75,-0.7523437738418579,-0.09375,0.5,-0.7523437738418579,-0.09375,0.5,-0.7523437738418579,-0.84375,0.75,-0.7523437738418579,-0.09375,0.75,-0.0023437500931322575,-0.09375,0.5,-0.0023437500931322575,-0.09375,0.5,-0.7523437738418579,-0.09375,0.5,-0.7523437738418579,-0.84375,0.5,-0.0023437500931322575,-0.84375,0.75,-0.0023437500931322575,-0.84375,0.75,-0.7523437738418579,-0.84375,-0.5,-0.0023437500931322575,-0.09375,-0.5,-0.0023437500931322575,-0.84375,-0.75,-0.0023437500931322575,-0.84375,-0.75,-0.0023437500931322575,-0.09375,-0.5,-0.7523437738418579,-0.84375,-0.5,-0.7523437738418579,-0.09375,-0.75,-0.7523437738418579,-0.09375,-0.75,-0.7523437738418579,-0.84375,-0.5,-0.7523437738418579,-0.09375,-0.5,-0.0023437500931322575,-0.09375,-0.75,-0.0023437500931322575,-0.09375,-0.75,-0.7523437738418579,-0.09375,-0.75,-0.7523437738418579,-0.84375,-0.75,-0.0023437500931322575,-0.84375,-0.5,-0.0023437500931322575,-0.84375,-0.5,-0.7523437738418579,-0.84375,-0.11759933084249496,0.7523437738418579,0.48697736859321594,-0.11759933084249496,0.0023437379859387875,0.48697736859321594,0.05604884773492813,0.7523437738418579,-0.4978303909301758,0.05604884773492813,0.0023437379859387875,-0.4978303909301758,-0.6825569868087769,0.7523437738418579,-0.6280665397644043,-0.6825569868087769,0.0023437379859387875,-0.6280665397644043,-0.8562051653862,0.7523437738418579,0.3567412495613098,-0.8562051653862,0.0023437379859387875,0.3567412495613098,-0.6825569868087769,0.7523437738418579,-0.6280665397644043,-0.8562051653862,0.7523437738418579,0.3567412495613098,0.05604884773492813,0.7523437738418579,-0.4978303909301758,-0.11759933084249496,0.7523437738418579,0.48697736859321594,-0.8562051653862,0.0023437379859387875,0.3567412495613098,-0.6825569868087769,0.0023437379859387875,-0.6280665397644043,-0.11759933084249496,0.0023437379859387875,0.48697736859321594,0.05604884773492813,0.0023437379859387875,-0.4978303909301758,-0.8562051653862,0.7523437738418579,0.3567412495613098,-0.8562051653862,0.0023437379859387875,0.3567412495613098,-0.11759933084249496,0.7523437738418579,0.48697736859321594,-0.11759933084249496,0.0023437379859387875,0.48697736859321594,0.05604884773492813,0.7523437738418579,-0.4978303909301758,0.05604884773492813,0.0023437379859387875,-0.4978303909301758,-0.6825569868087769,0.7523437738418579,-0.6280665397644043,-0.6825569868087769,0.0023437379859387875,-0.6280665397644043,-0.11759933084249496,0.0023437379859387875,0.48697736859321594,-0.11759933084249496,0.7523437738418579,0.48697736859321594,-0.16101138293743134,0.7523437738418579,0.7331793308258057,-0.16101138293743134,0.0023437379859387875,0.7331793308258057,-0.8996171951293945,0.0023437379859387875,0.6029431819915771,-0.8996171951293945,0.7523437738418579,0.6029431819915771,-0.8562051653862,0.7523437738418579,0.3567412495613098,-0.8562051653862,0.0023437379859387875,0.3567412495613098,-0.16101138293743134,0.7523437738418579,0.7331793308258057,-0.11759933084249496,0.7523437738418579,0.48697736859321594,-0.8562051653862,0.7523437738418579,0.3567412495613098,-0.8996171951293945,0.7523437738418579,0.6029431819915771,-0.11759933084249496,0.0023437379859387875,0.48697736859321594,-0.16101138293743134,0.0023437379859387875,0.7331793308258057,-0.8996171951293945,0.0023437379859387875,0.6029431819915771,-0.8562051653862,0.0023437379859387875,0.3567412495613098,0.0994608923792839,0.0023437379859387875,-0.7440322637557983,0.0994608923792839,0.7523437738418579,-0.7440322637557983,0.05604884773492813,0.7523437738418579,-0.4978303909301758,0.05604884773492813,0.0023437379859387875,-0.4978303909301758,-0.6825569868087769,0.0023437379859387875,-0.6280665397644043,-0.6825569868087769,0.7523437738418579,-0.6280665397644043,-0.6391448974609375,0.7523437738418579,-0.8742684125900269,-0.6391448974609375,0.0023437379859387875,-0.8742684125900269,0.05604884773492813,0.7523437738418579,-0.4978303909301758,0.0994608923792839,0.7523437738418579,-0.7440322637557983,-0.6391448974609375,0.7523437738418579,-0.8742684125900269,-0.6825569868087769,0.7523437738418579,-0.6280665397644043,0.0994608923792839,0.0023437379859387875,-0.7440322637557983,0.05604884773492813,0.0023437379859387875,-0.4978303909301758,-0.6825569868087769,0.0023437379859387875,-0.6280665397644043,-0.6391448974609375,0.0023437379859387875,-0.8742684125900269,-0.6391448974609375,0.0023437379859387875,-0.8742684125900269,-0.6391448974609375,0.7523437738418579,-0.8742684125900269,0.0994608923792839,