{"schemaVersion":4,"source":{"uri":"models/environment/anvil.gltf","sha256":"4b1bc9a76aa874a221093dd12d76a7d7ecb4ddfe1195742309cb79a25ddbcda6"},"animationNames":[],"boundingBox":{"min":{"x":-0.020526875,"y":0,"z":0.125},"max":{"x":0.90625,"y":1,"z":0.875}},"nodeNames":["cube","cube","cube","cube","cube","cube","cube","group",""],"trimesh":{"vertices":[0.43213844299316406,-0.125,0.375,0.43213844299316406,-0.5,0.375,0.43213844299316406,-0.125,-0.375,0.43213844299316406,-0.5,-0.375,-0.31786155700683594,-0.125,-0.375,-0.31786155700683594,-0.5,-0.375,-0.31786155700683594,-0.125,0.375,-0.31786155700683594,-0.5,0.375,-0.31786155700683594,-0.125,-0.375,-0.31786155700683594,-0.125,0.375,0.43213844299316406,-0.125,-0.375,0.43213844299316406,-0.125,0.375,-0.31786155700683594,-0.5,0.375,-0.31786155700683594,-0.5,-0.375,0.43213844299316406,-0.5,0.375,0.43213844299316406,-0.5,-0.375,-0.31786155700683594,-0.125,0.375,-0.31786155700683594,-0.5,0.375,0.43213844299316406,-0.125,0.375,0.43213844299316406,-0.5,0.375,0.43213844299316406,-0.125,-0.375,0.43213844299316406,-0.5,-0.375,-0.31786155700683594,-0.125,-0.375,-0.31786155700683594,-0.5,-0.375,0.27588844299316406,0.25,0.1875,0.27588844299316406,0,0.1875,0.27588844299316406,0.25,-0.1875,0.27588844299316406,0,-0.1875,-0.16161155700683594,0.25,-0.1875,-0.16161155700683594,0,-0.1875,-0.16161155700683594,0.25,0.1875,-0.16161155700683594,0,0.1875,-0.16161155700683594,0.25,0.1875,-0.16161155700683594,0,0.1875,0.27588844299316406,0.25,0.1875,0.27588844299316406,0,0.1875,0.27588844299316406,0.25,-0.1875,0.27588844299316406,0,-0.1875,-0.16161155700683594,0.25,-0.1875,-0.16161155700683594,0,-0.1875,0.33838844299316406,0,0.25,0.33838844299316406,-0.125,0.25,0.33838844299316406,0,-0.25,0.33838844299316406,-0.125,-0.25,-0.22411155700683594,0,-0.25,-0.22411155700683594,-0.125,-0.25,-0.22411155700683594,0,0.25,-0.22411155700683594,-0.125,0.25,-0.22411155700683594,0,-0.25,-0.22411155700683594,0,0.25,0.33838844299316406,0,-0.25,0.33838844299316406,0,0.25,-0.22411155700683594,0,0.25,-0.22411155700683594,-0.125,0.25,0.33838844299316406,0,0.25,0.33838844299316406,-0.125,0.25,0.33838844299316406,0,-0.25,0.33838844299316406,-0.125,-0.25,-0.22411155700683594,0,-0.25,-0.22411155700683594,-0.125,-0.25,0.46338844299316406,0.5,0.25,0.46338844299316406,0.25,0.25,0.46338844299316406,0.5,-0.25,0.46338844299316406,0.25,-0.25,-0.28661155700683594,0.5,-0.25,-0.28661155700683594,0.25,-0.25,-0.28661155700683594,0.5,0.25,-0.28661155700683594,0.25,0.25,-0.28661155700683594,0.5,-0.25,-0.28661155700683594,0.5,0.25,0.46338844299316406,0.5,-0.25,0.46338844299316406,0.5,0.25,-0.28661155700683594,0.25,0.25,-0.28661155700683594,0.25,-0.25,0.46338844299316406,0.25,0.25,0.46338844299316406,0.25,-0.25,-0.28661155700683594,0.5,0.25,-0.28661155700683594,0.25,0.25,0.46338844299316406,0.5,0.25,0.46338844299316406,0.25,0.25,0.46338844299316406,0.5,-0.25,0.46338844299316406,0.25,-0.25,-0.28661155700683594,0.5,-0.25,-0.28661155700683594,0.25,-0.25,-0.46338826417922974,0.5,-0.07322311401367188,-0.46338826417922974,0.25,-0.07322311401367188,-0.28661155700683594,0.5,0.10355356335639954,-0.28661155700683594,0.25,0.10355356335639954,-0.46338826417922974,0.5,-0.07322311401367188,-0.28661155700683594,0.5,0.10355356335639954,-0.28661155700683594,0.5,-0.24999982118606567,-0.10983487218618393,0.5,-0.07322311401367188,-0.28661155700683594,0.25,0.10355356335639954,-0.46338826417922974,0.25,-0.07322311401367188,-0.10983487218618393,0.25,-0.07322311401367188,-0.28661155700683594,0.25,-0.24999982118606567,-0.28661155700683594,0.5,-0.24999982118606567,-0.28661155700683594,0.25,-0.24999982118606567,-0.46338826417922974,0.5,-0.07322311401367188,-0.46338826417922974,0.25,-0.07322311401367188,-0.46338826417922974,0.5,0.07322311401367188,-0.46338826417922974,0.25,0.07322311401367188,-0.28661155700683594,0.5,0.24999982118606567,-0.28661155700683594,0.25,0.24999982118606567,-0.46338826417922974,0.5,0.07322311401367188,-0.28661155700683594,0.5,0.24999982118606567,-0.28661155700683594,0.5,-0.10355356335639954,-0.10983487218618393,0.5,0.07322311401367188,-0.28661155700683594,0.25,0.24999982118606567,-0.46338826417922974,0.25,0.07322311401367188,-0.10983487218618393,0.25,0.07322311401367188,-0.28661155700683594,0.25,-0.10355356335639954,-0.28661155700683594,0.5,0.24999982118606567,-0.28661155700683594,0.25,0.24999982118606567,-0.10983487218618393,0.5,0.07322311401367188,-0.10983487218618393,0.25,0.07322311401367188,-0.33838844299316406,0.5,0.07326126098632812,-0.33838844299316406,0.25,0.07326126098632812,-0.33838844299316406,0.5,-0.07322311401367188,-0.33838844299316406,0.25,-0.07322311401367188,-0.46338844299316406,0.5,-0.07322311401367188,-0.46338844299316406,0.25,-0.07322311401367188,-0.46338844299316406,0.5,0.07326126098632812,-0.46338844299316406,0.25,0.07326126098632812,-0.46338844299316406,0.5,-0.07322311401367188,-0.46338844299316406,0.5,0.07326126098632812,-0.33838844299316406,0.5,-0.07322311401367188,-0.33838844299316406,0.5,0.07326126098632812,-0.46338844299316406,0.25,0.07326126098632812,-0.46338844299316406,0.25,-0.07322311401367188,-0.33838844299316406,0.25,0.07326126098632812,-0.33838844299316406,0.25,-0.07322311401367188,-0.46338844299316406,0.5,0.07326126098632812,-0.46338844299316406,0.25,0.07326126098632812,-0.33838844299316406,0.5,0.07326126098632812,-0.33838844299316406,0.25,0.07326126098632812,-0.33838844299316406,0.5,-0.07322311401367188,-0.33838844299316406,0.25,-0.07322311401367188,-0.46338844299316406,0.5,-0.07322311401367188,-0.46338844299316406,0.25,-0.07322311401367188],"indices":[0,1,2,1,3,2,4,5,6,5,7,6,8,9,10,9,11,10,12,13,14,13,15,14,16,17,18,17,19,18,20,21,22,21,23,22,24,25,26,25,27,26,28,29,30,29,31,30,32,33,34,33,35,34,36,37,38,37,39,38,40,41,42,41,43,42,44,45,46,45,47,46,48,49,50,49,51,50,52,53,54,53,55,54,56,57,58,57,59,58,60,61,62,61,63,62,64,65,66,65,67,66,68,69,70,69,71,70,72,73,74,73,75,74,76,77,78,77,79,78,80,81,82,81,83,82,84,85,86,85,87,86,88,89,90,89,91,90,92,93,94,93,95,94,96,97,98,97,99,98,100,101,102,101,103,102,104,105,106,105,107,106,108,109,110,109,111,110,112,113,114,113,115,114,116,117,118,117,119,118,120,121,122,121,123,122,124,125,126,125,127,126,128,129,130,129,131,130,132,133,134,133,135,134,136,137,138,137,139,138]},"optimizedModelData":{"":{"meshCount":1},"-named-nodes":{"meshCount":7},"-no-animations":{"meshCount":1}}}