{"schemaVersion":4,"source":{"uri":"models/pets/epic/evil-axolotl.gltf","sha256":"da10b69060f9df3cfb842828d48bb614c1b9e62d2b5edf91276e5795b9c0e4c6"},"animationNames":["idle"],"boundingBox":{"min":{"x":-0.6288604530772504,"y":0,"z":-0.3140625},"max":{"x":0.6288604530772504,"y":0.850119428503386,"z":0.6521114703367619}},"nodeNames":["cube","cube","cube","cube","cube","cube","cube","cube","left_arm","cube","tail","left_ear","right_ear","cube","right_arm","cube","left_leg","cube","right_leg","cube","left_eye","cube","right_eye","head","cube-pet"],"trimesh":{"vertices":[0.3125,0.625,0.3125,0.3125,0,0.3125,0.3125,0.625,-0.3125,0.3125,0,-0.3125,-0.3125,0.625,-0.3125,-0.3125,0,-0.3125,-0.3125,0.625,0.3125,-0.3125,0,0.3125,-0.3125,0.625,-0.3125,-0.3125,0.625,0.3125,0.3125,0.625,-0.3125,0.3125,0.625,0.3125,-0.3125,0,0.3125,-0.3125,0,-0.3125,0.3125,0,0.3125,0.3125,0,-0.3125,-0.3125,0.625,0.3125,-0.3125,0,0.3125,0.3125,0.625,0.3125,0.3125,0,0.3125,0.3125,0.625,-0.3125,0.3125,0,-0.3125,-0.3125,0.625,-0.3125,-0.3125,0,-0.3125,-0.25,0.4375,-0.3062500059604645,-0.25,0.4375,-0.3062500059604645,-0.25,0.1875,-0.3062500059604645,-0.625,0.4375,-0.3062500059604645,-0.625,0.4375,-0.3062500059604645,-0.625,0.1875,-0.3062500059604645,-0.25,0.4375,-0.3062500059604645,-0.625,0.4375,-0.3062500059604645,-0.25,0.4375,-0.3062500059604645,-0.25,0.1875,-0.3062500059604645,-0.625,0.1875,-0.3062500059604645,-0.25,0.1875,-0.3062500059604645,-0.625,0.1875,-0.3062500059604645,-0.625,0.4375,-0.3062500059604645,-0.25,0.4375,-0.3062500059604645,-0.25,0.1875,-0.3062500059604645,-0.20863954722881317,0.6439545750617981,-0.3062500059604645,-0.20863954722881317,0.6439545750617981,-0.3062500059604645,-0.26274946331977844,0.3998805582523346,-0.3062500059604645,-0.574750542640686,0.725119411945343,-0.3062500059604645,-0.574750542640686,0.725119411945343,-0.3062500059604645,-0.6288604736328125,0.4810454249382019,-0.3062500059604645,-0.20863954722881317,0.6439545750617981,-0.3062500059604645,-0.574750542640686,0.725119411945343,-0.3062500059604645,-0.20863954722881317,0.6439545750617981,-0.3062500059604645,-0.26274946331977844,0.3998805582523346,-0.3062500059604645,-0.6288604736328125,0.4810454249382019,-0.3062500059604645,-0.26274946331977844,0.3998805582523346,-0.3062500059604645,-0.6288604736328125,0.4810454249382019,-0.3062500059604645,-0.574750542640686,0.725119411945343,-0.3062500059604645,-0.20863954722881317,0.6439545750617981,-0.3062500059604645,-0.26274946331977844,0.3998805582523346,-0.3062500059604645,-0.26274946331977844,0.2251194268465042,-0.3062500059604645,-0.26274946331977844,0.2251194268465042,-0.3062500059604645,-0.20863954722881317,-0.018954573199152946,-0.3062500059604645,-0.6288604736328125,0.1439545750617981,-0.3062500059604645,-0.6288604736328125,0.1439545750617981,-0.3062500059604645,-0.574750542640686,-0.10011942684650421,-0.3062500059604645,-0.26274946331977844,0.2251194268465042,-0.3062500059604645,-0.6288604736328125,0.1439545750617981,-0.3062500059604645,-0.26274946331977844,0.2251194268465042,-0.3062500059604645,-0.20863954722881317,-0.018954573199152946,-0.3062500059604645,-0.574750542640686,-0.10011942684650421,-0.3062500059604645,-0.20863954722881317,-0.018954573199152946,-0.3062500059604645,-0.574750542640686,-0.10011942684650421,-0.3062500059604645,-0.6288604736328125,0.1439545750617981,-0.3062500059604645,-0.26274946331977844,0.2251194268465042,-0.3062500059604645,-0.20863954722881317,-0.018954573199152946,-0.3062500059604645,0.6288604736328125,0.1439545750617981,-0.3062500059604645,0.6288604736328125,0.1439545750617981,-0.3062500059604645,0.574750542640686,-0.10011942684650421,-0.3062500059604645,0.26274946331977844,0.2251194268465042,-0.3062500059604645,0.26274946331977844,0.2251194268465042,-0.3062500059604645,0.20863954722881317,-0.018954573199152946,-0.3062500059604645,0.6288604736328125,0.1439545750617981,-0.3062500059604645,0.26274946331977844,0.2251194268465042,-0.3062500059604645,0.6288604736328125,0.1439545750617981,-0.3062500059604645,0.574750542640686,-0.10011942684650421,-0.3062500059604645,0.20863954722881317,-0.018954573199152946,-0.3062500059604645,0.574750542640686,-0.10011942684650421,-0.3062500059604645,0.20863954722881317,-0.018954573199152946,-0.3062500059604645,0.26274946331977844,0.2251194268465042,-0.3062500059604645,0.6288604736328125,0.1439545750617981,-0.3062500059604645,0.574750542640686,-0.10011942684650421,-0.3062500059604645,0.574750542640686,0.725119411945343,-0.3062500059604645,0.574750542640686,0.725119411945343,-0.3062500059604645,0.6288604736328125,0.4810454249382019,-0.3062500059604645,0.20863954722881317,0.6439545750617981,-0.3062500059604645,0.20863954722881317,0.6439545750617981,-0.3062500059604645,0.26274946331977844,0.3998805582523346,-0.3062500059604645,0.574750542640686,0.725119411945343,-0.3062500059604645,0.20863954722881317,0.6439545750617981,-0.3062500059604645,0.574750542640686,0.725119411945343,-0.3062500059604645,0.6288604736328125,0.4810454249382019,-0.3062500059604645,0.26274946331977844,0.3998805582523346,-0.3062500059604645,0.6288604736328125,0.4810454249382019,-0.3062500059604645,0.26274946331977844,0.3998805582523346,-0.3062500059604645,0.20863954722881317,0.6439545750617981,-0.3062500059604645,0.574750542640686,0.725119411945343,-0.3062500059604645,0.6288604736328125,0.4810454249382019,-0.3062500059604645,0.625,0.4375,-0.3062500059604645,0.625,0.4375,-0.3062500059604645,0.625,0.1875,-0.3062500059604645,0.25,0.4375,-0.3062500059604645,0.25,0.4375,-0.3062500059604645,0.25,0.1875,-0.3062500059604645,0.625,0.4375,-0.3062500059604645,0.25,0.4375,-0.3062500059604645,0.625,0.4375,-0.3062500059604645,0.625,0.1875,-0.3062500059604645,0.25,0.1875,-0.3062500059604645,0.625,0.1875,-0.3062500059604645,0.25,0.1875,-0.3062500059604645,0.25,0.4375,-0.3062500059604645,0.625,0.4375,-0.3062500059604645,0.625,0.1875,-0.3062500059604645,0.125,0.125,0.0625,0.125,0,0.0625,0.125,0.125,-0.125,0.125,0,-0.125,-0.0625,0.125,-0.125,-0.0625,0,-0.125,-0.0625,0.125,0.0625,-0.0625,0,0.0625,-0.0625,0.125,-0.125,-0.0625,0.125,0.0625,0.125,0.125,-0.125,0.125,0.125,0.0625,-0.0625,0,0.0625,-0.0625,0,-0.125,0.125,0,0.0625,0.125,0,-0.125,-0.0625,0.125,0.0625,-0.0625,0,0.0625,0.125,0.125,0.0625,0.125,0,0.0625,0.125,0.125,-0.125,0.125,0,-0.125,-0.0625,0.125,-0.125,-0.0625,0,-0.125,0.09375,0.40625,0.1875,0.09375,0.21875,0.1875,0.09375,0.40625,-0.1875,0.09375,0.21875,-0.1875,-0.09375,0.40625,-0.1875,-0.09375,0.21875,-0.1875,-0.09375,0.40625,0.1875,-0.09375,0.21875,0.1875,-0.09375,0.40625,-0.1875,-0.09375,0.40625,0.1875,0.09375,0.40625,-0.1875,0.09375,0.40625,0.1875,-0.09375,0.21875,0.1875,-0.09375,0.21875,-0.1875,0.09375,0.21875,0.1875,0.09375,0.21875,-0.1875,-0.09375,0.40625,0.1875,-0.09375,0.21875,0.1875,0.09375,0.40625,0.1875,0.09375,0.21875,0.1875,0.09375,0.40625,-0.1875,0.09375,0.21875,-0.1875,-0.09375,0.40625,-0.1875,-0.09375,0.21875,-0.1875,0.0625,0.125,0.0625,0.0625,0,0.0625,0.0625,0.125,-0.125,0.0625,0,-0.125,-0.125,0.125,-0.125,-0.125,0,-0.125,-0.125,0.125,0.0625,-0.125,0,0.0625,-0.125,0.125,-0.125,-0.125,0.125,0.0625,0.0625,0.125,-0.125,0.0625,0.125,0.0625,-0.125,0,0.0625,-0.125,0,-0.125,0.0625,0,0.0625,0.0625,0,-0.125,-0.125,0.125,0.0625,-0.125,0,0.0625,0.0625,0.125,0.0625,0.0625,0,0.0625,0.0625,0.125,-0.125,0.0625,0,-0.125,-0.125,0.125,-0.125,-0.125,0,-0.125,0.125,0.125,0.0625,0.125,0,0.0625,0.125,0.125,-0.125,0.125,0,-0.125,-0.0625,0.125,-0.125,-0.0625,0,-0.125,-0.0625,0.125,0.0625,-0.0625,0,0.0625,-0.0625,0.125,-0.125,-0.0625,0.125,0.0625,0.125,0.125,-0.125,0.125,0.125,0.0625,-0.0625,0,0.0625,-0.0625,0,-0.125,0.125,0,0.0625,0.125,0,-0.125,-0.0625,0.125,0.0625,-0.0625,0,0.0625,0.125,0.125,0.0625,0.125,0,0.0625,0.125,0.125,-0.125,0.125,0,-0.125,-0.0625,0.125,-0.125,-0.0625,0,-0.125,0.0625,0.125,0.0625,0.0625,0,0.0625,0.0625,0.125,-0.125,0.0625,0,-0.125,-0.125,0.125,-0.125,-0.125,0,-0.125,-0.125,0.125,0.0625,-0.125,0,0.0625,-0.125,0.125,-0.125,-0.125,0.125,0.0625,0.0625,0.125,-0.125,0.0625,0.125,0.0625,-0.125,0,0.0625,-0.125,0,-0.125,