{"schemaVersion":4,"source":{"uri":"models/pets/epic/ninja-turtle.gltf","sha256":"527e53c358a2358cfbf11a92ad9b0338d8e4a3cd3814ce2cfc75140ef3f22139"},"animationNames":["idle"],"boundingBox":{"min":{"x":-0.34375,"y":0,"z":-0.4375},"max":{"x":0.34375,"y":0.78125,"z":0.375}},"nodeNames":["cube","cube","cube","cube","left_arm","cube","right_arm","cube","left_leg","cube","right_leg","cube","left_eye","cube","right_eye","head","cube-pet"],"trimesh":{"vertices":[0.3125,0.625,0.3125,0.3125,0,0.3125,0.3125,0.625,-0.3125,0.3125,0,-0.3125,-0.3125,0.625,-0.3125,-0.3125,0,-0.3125,-0.3125,0.625,0.3125,-0.3125,0,0.3125,-0.3125,0.625,-0.3125,-0.3125,0.625,0.3125,0.3125,0.625,-0.3125,0.3125,0.625,0.3125,-0.3125,0,0.3125,-0.3125,0,-0.3125,0.3125,0,0.3125,0.3125,0,-0.3125,-0.3125,0.625,0.3125,-0.3125,0,0.3125,0.3125,0.625,0.3125,0.3125,0,0.3125,0.3125,0.625,-0.3125,0.3125,0,-0.3125,-0.3125,0.625,-0.3125,-0.3125,0,-0.3125,0.15625,0.3125,-0.3125,0.15625,0.0625,-0.3125,0.15625,0.3125,-0.4375,0.15625,0.0625,-0.4375,-0.15625,0.3125,-0.4375,-0.15625,0.0625,-0.4375,-0.15625,0.3125,-0.3125,-0.15625,0.0625,-0.3125,-0.15625,0.3125,-0.4375,-0.15625,0.3125,-0.3125,0.15625,0.3125,-0.4375,0.15625,0.3125,-0.3125,-0.15625,0.0625,-0.3125,-0.15625,0.0625,-0.4375,0.15625,0.0625,-0.3125,0.15625,0.0625,-0.4375,-0.15625,0.3125,-0.3125,-0.15625,0.0625,-0.3125,0.15625,0.3125,-0.3125,0.15625,0.0625,-0.3125,0.15625,0.3125,-0.4375,0.15625,0.0625,-0.4375,-0.15625,0.3125,-0.4375,-0.15625,0.0625,-0.4375,0.34375,0.65625,0.375,0.34375,0.15625,0.375,0.34375,0.65625,-0.25,0.34375,0.15625,-0.25,-0.34375,0.65625,-0.25,-0.34375,0.15625,-0.25,-0.34375,0.65625,0.375,-0.34375,0.15625,0.375,-0.34375,0.65625,-0.25,-0.34375,0.65625,0.375,0.34375,0.65625,-0.25,0.34375,0.65625,0.375,-0.34375,0.15625,0.375,-0.34375,0.15625,-0.25,0.34375,0.15625,0.375,0.34375,0.15625,-0.25,-0.34375,0.65625,0.375,-0.34375,0.15625,0.375,0.34375,0.65625,0.375,0.34375,0.15625,0.375,0.34375,0.65625,-0.25,0.34375,0.15625,-0.25,-0.34375,0.65625,-0.25,-0.34375,0.15625,-0.25,0.125,0.125,0.0625,0.125,0,0.0625,0.125,0.125,-0.125,0.125,0,-0.125,-0.0625,0.125,-0.125,-0.0625,0,-0.125,-0.0625,0.125,0.0625,-0.0625,0,0.0625,-0.0625,0.125,-0.125,-0.0625,0.125,0.0625,0.125,0.125,-0.125,0.125,0.125,0.0625,-0.0625,0,0.0625,-0.0625,0,-0.125,0.125,0,0.0625,0.125,0,-0.125,-0.0625,0.125,0.0625,-0.0625,0,0.0625,0.125,0.125,0.0625,0.125,0,0.0625,0.125,0.125,-0.125,0.125,0,-0.125,-0.0625,0.125,-0.125,-0.0625,0,-0.125,0.0625,0.125,0.0625,0.0625,0,0.0625,0.0625,0.125,-0.125,0.0625,0,-0.125,-0.125,0.125,-0.125,-0.125,0,-0.125,-0.125,0.125,0.0625,-0.125,0,0.0625,-0.125,0.125,-0.125,-0.125,0.125,0.0625,0.0625,0.125,-0.125,0.0625,0.125,0.0625,-0.125,0,0.0625,-0.125,0,-0.125,0.0625,0,0.0625,0.0625,0,-0.125,-0.125,0.125,0.0625,-0.125,0,0.0625,0.0625,0.125,0.0625,0.0625,0,0.0625,0.0625,0.125,-0.125,0.0625,0,-0.125,-0.125,0.125,-0.125,-0.125,0,-0.125,0.125,0.125,0.0625,0.125,0,0.0625,0.125,0.125,-0.125,0.125,0,-0.125,-0.0625,0.125,-0.125,-0.0625,0,-0.125,-0.0625,0.125,0.0625,-0.0625,0,0.0625,-0.0625,0.125,-0.125,-0.0625,0.125,0.0625,0.125,0.125,-0.125,0.125,0.125,0.0625,-0.0625,0,0.0625,-0.0625,0,-0.125,0.125,0,0.0625,0.125,0,-0.125,-0.0625,0.125,0.0625,-0.0625,0,0.0625,0.125,0.125,0.0625,0.125,0,0.0625,0.125,0.125,-0.125,0.125,0,-0.125,-0.0625,0.125,-0.125,-0.0625,0,-0.125,0.0625,0.125,0.0625,0.0625,0,0.0625,0.0625,0.125,-0.125,0.0625,0,-0.125,-0.125,0.125,-0.125,-0.125,0,-0.125,-0.125,0.125,0.0625,-0.125,0,0.0625,-0.125,0.125,-0.125,-0.125,0.125,0.0625,0.0625,0.125,-0.125,0.0625,0.125,0.0625,-0.125,0,0.0625,-0.125,0,-0.125,0.0625,0,0.0625,0.0625,0,-0.125,-0.125,0.125,0.0625,-0.125,0,0.0625,0.0625,0.125,0.0625,0.0625,0,0.0625,0.0625,0.125,-0.125,0.0625,0,-0.125,-0.125,0.125,-0.125,-0.125,0,-0.125,-0.0625,0.53125,-0.3125,-0.0625,0.53125,-0.3125,-0.0625,0.3125,-0.3125,-0.28125,0.53125,-0.3125,-0.28125,0.53125,-0.3125,-0.28125,0.3125,-0.3125,-0.0625,0.53125,-0.3125,-0.28125,0.53125,-0.3125,-0.0625,0.53125,-0.3125,-0.0625,0.3125,-0.3125,-0.28125,0.3125,-0.3125,-0.0625,0.3125,-0.3125,-0.28125,0.3125,-0.3125,-0.28125,0.53125,-0.3125,-0.0625,0.53125,-0.3125,-0.0625,0.3125,-0.3125,0.0625,0.53125,-0.3125,0.0625,0.53125,-0.3125,0.0625,0.3125,-0.3125,0.28125,0.53125,-0.3125,0.28125,0.53125,-0.3125,0.28125,0.3125,-0.3125,0.28125,0.53125,-0.3125,0.0625,0.53125,-0.3125,0.28125,0.53125,-0.3125,0.28125,0.3125,-0.3125,0.0625,0.3125,-0.3125,0.28125,0.3125,-0.3125,0.0625,0.53125,-0.3125,0.28125,0.53125,-0.3125,0.28125,0.3125,-0.3125,0.0625,0.3125,-0.3125],"indices":[0,1,2,1,3,2,4,5,6,5,7,6,8,9,10,9,11,10,12,13,14,13,15,14,16,17,18,17,19,18,20,21,22,21,23,22,24,25,26,25,27,26,28,29,30,29,31,30,32,33,34,33,35,34,36,37,38,37,39,38,40,41,42,41,43,42,44,45,46,45,47,46,48,49,50,49,51,50,52,53,54,53,55,54,56,57,58,57,59,58,60,61,62,61,63,62,64,65,66,65,67,66,68,69,70,69,71,70,72,73,74,73,75,74,76,77,78,77,79,78,80,81,82,81,83,82,84,85,86,85,87,86,88,89,90,89,91,90,92,93,94,93,95,94,96,97,98,97,99,98,100,101,102,101,103,102,104,105,106,105,107,106,108,109,110,109,111,110,112,113,114,113,115,114,116,117,118,117,119,118,120,121,122,121,123,122,124,125,126,125,127,126,128,129,130,129,131,130,132,133,134,133,135,134,136,137,138,137,139,138,140,141,142,141,143,142,144,145,146,145,147,146,148,149,150,149,151,150,152,153,154,153,155,154,156,157,158,157,159,158,160,161,162,161,163,162,164,165,166,165,167,166,168,169,170,168,170,170,171,172,173,171,173,173,174,175,176,174,176,175,177,178,179,177,179,178,180,181,182,180,182,183,184,185,186,184,186,186,187,188,189,187,189,189,190,191,191,190,191,192,193,194,194,193,194,195,196,197,198,196,198,199]},"optimizedModelData":{"":{"meshCount":7},"-named-nodes":{"meshCount":9},"-no-animations":{"meshCount":1}}}