{"schemaVersion":4,"source":{"uri":"models/pets/rare/bat.gltf","sha256":"4dbca6e32588dccf4378ed9233b0bf518e61ac12a9bf61fa36ef523aeb38f11d"},"animationNames":["idle"],"boundingBox":{"min":{"x":-0.7796798310328756,"y":0,"z":-0.4375},"max":{"x":0.7796798310328756,"y":1.0929151907021502,"z":0.3125}},"nodeNames":["cube","cube","cube","cube","left_ear","cube","left_leg","cube","right_leg","cube","left_eye","cube","cube","cube","right_arm","cube","right_eye","cube","cube","cube","left_arm","cube","cube","right_ear","head","cube-pet"],"trimesh":{"vertices":[0.3125,0.625,0.3125,0.3125,0,0.3125,0.3125,0.625,-0.3125,0.3125,0,-0.3125,-0.3125,0.625,-0.3125,-0.3125,0,-0.3125,-0.3125,0.625,0.3125,-0.3125,0,0.3125,-0.3125,0.625,-0.3125,-0.3125,0.625,0.3125,0.3125,0.625,-0.3125,0.3125,0.625,0.3125,-0.3125,0,0.3125,-0.3125,0,-0.3125,0.3125,0,0.3125,0.3125,0,-0.3125,-0.3125,0.625,0.3125,-0.3125,0,0.3125,0.3125,0.625,0.3125,0.3125,0,0.3125,0.3125,0.625,-0.3125,0.3125,0,-0.3125,-0.3125,0.625,-0.3125,-0.3125,0,-0.3125,0.125,0.3125,-0.3125,0.125,0.125,-0.3125,0.125,0.3125,-0.4375,0.125,0.125,-0.4375,-0.125,0.3125,-0.4375,-0.125,0.125,-0.4375,-0.125,0.3125,-0.3125,-0.125,0.125,-0.3125,-0.125,0.3125,-0.4375,-0.125,0.3125,-0.3125,0.125,0.3125,-0.4375,0.125,0.3125,-0.3125,-0.125,0.125,-0.3125,-0.125,0.125,-0.4375,0.125,0.125,-0.3125,0.125,0.125,-0.4375,-0.125,0.3125,-0.3125,-0.125,0.125,-0.3125,0.125,0.3125,-0.3125,0.125,0.125,-0.3125,0.125,0.3125,-0.4375,0.125,0.125,-0.4375,-0.125,0.3125,-0.4375,-0.125,0.125,-0.4375,-0.125,0.25,0,-0.125,0,0,-0.125,0.25,-0.0625,-0.125,0,-0.0625,-0.375,0.25,-0.0625,-0.375,0,-0.0625,-0.375,0.25,0,-0.375,0,0,-0.375,0.25,-0.0625,-0.375,0.25,0,-0.125,0.25,-0.0625,-0.125,0.25,0,-0.375,0,0,-0.375,0,-0.0625,-0.125,0,0,-0.125,0,-0.0625,-0.375,0.25,0,-0.375,0,0,-0.125,0.25,0,-0.125,0,0,-0.125,0.25,-0.0625,-0.125,0,-0.0625,-0.375,0.25,-0.0625,-0.375,0,-0.0625,-0.2500002980232239,0.37500011920928955,-0.0015625003725290298,-0.12500017881393433,0.25,-0.0015625003725290298,-0.2500002980232239,0.37500011920928955,-0.06093750149011612,-0.12500017881393433,0.25,-0.06093750149011612,-0.375,0.2500004470348358,-0.06093750149011612,-0.24999986588954926,0.12500031292438507,-0.06093750149011612,-0.375,0.2500004470348358,-0.0015625003725290298,-0.24999986588954926,0.12500031292438507,-0.0015625003725290298,-0.375,0.2500004470348358,-0.06093750149011612,-0.375,0.2500004470348358,-0.0015625003725290298,-0.2500002980232239,0.37500011920928955,-0.06093750149011612,-0.2500002980232239,0.37500011920928955,-0.0015625003725290298,-0.24999986588954926,0.12500031292438507,-0.0015625003725290298,-0.24999986588954926,0.12500031292438507,-0.06093750149011612,-0.12500017881393433,0.25,-0.0015625003725290298,-0.12500017881393433,0.25,-0.06093750149011612,-0.375,0.2500004470348358,-0.0015625003725290298,-0.24999986588954926,0.12500031292438507,-0.0015625003725290298,-0.2500002980232239,0.37500011920928955,-0.0015625003725290298,-0.12500017881393433,0.25,-0.0015625003725290298,-0.2500002980232239,0.37500011920928955,-0.06093750149011612,-0.12500017881393433,0.25,-0.06093750149011612,-0.375,0.2500004470348358,-0.06093750149011612,-0.24999986588954926,0.12500031292438507,-0.06093750149011612,0.125,0.125,0.0625,0.125,0,0.0625,0.125,0.125,-0.125,0.125,0,-0.125,-0.0625,0.125,-0.125,-0.0625,0,-0.125,-0.0625,0.125,0.0625,-0.0625,0,0.0625,-0.0625,0.125,-0.125,-0.0625,0.125,0.0625,0.125,0.125,-0.125,0.125,0.125,0.0625,-0.0625,0,0.0625,-0.0625,0,-0.125,0.125,0,0.0625,0.125,0,-0.125,-0.0625,0.125,0.0625,-0.0625,0,0.0625,0.125,0.125,0.0625,0.125,0,0.0625,0.125,0.125,-0.125,0.125,0,-0.125,-0.0625,0.125,-0.125,-0.0625,0,-0.125,0.0625,0.125,0.03125,0.0625,0,0.03125,0.0625,0.125,-0.15625,0.0625,0,-0.15625,-0.125,0.125,-0.15625,-0.125,0,-0.15625,-0.125,0.125,0.03125,-0.125,0,0.03125,-0.125,0.125,-0.15625,-0.125,0.125,0.03125,0.0625,0.125,-0.15625,0.0625,0.125,0.03125,-0.125,0,0.03125,-0.125,0,-0.15625,0.0625,0,0.03125,0.0625,0,-0.15625,-0.125,0.125,0.03125,-0.125,0,0.03125,0.0625,0.125,0.03125,0.0625,0,0.03125,0.0625,0.125,-0.15625,0.0625,0,-0.15625,-0.125,0.125,-0.15625,-0.125,0,-0.15625,-0.0625,0.53125,-0.3125,-0.0625,0.53125,-0.3125,-0.0625,0.3125,-0.3125,-0.28125,0.53125,-0.3125,-0.28125,0.53125,-0.3125,-0.28125,0.3125,-0.3125,-0.0625,0.53125,-0.3125,-0.0625,0.53125,-0.3125,-0.0625,0.3125,-0.3125,-0.28125,0.3125,-0.3125,-0.0625,0.3125,-0.3125,-0.28125,0.3125,-0.3125,-0.28125,0.53125,-0.3125,-0.0625,0.53125,-0.3125,-0.0625,0.3125,-0.3125,0.125,0.28125,0.03125,0.125,0.21875,0.03125,0.125,0.28125,-0.03125,0.125,0.21875,-0.03125,-0.3125,0.28125,-0.03125,-0.3125,0.21875,-0.03125,-0.3125,0.28125,0.03125,-0.3125,0.21875,0.03125,-0.3125,0.28125,-0.03125,-0.3125,0.28125,0.03125,0.125,0.28125,-0.03125,0.125,0.28125,0.03125,-0.3125,0.21875,0.03125,-0.3125,0.21875,-0.03125,0.125,0.21875,0.03125,0.125,0.21875,-0.03125,-0.3125,0.28125,0.03125,-0.3125,0.21875,0.03125,0.125,0.28125,0.03125,0.125,0.21875,0.03125,0.125,0.28125,-0.03125,0.125,0.21875,-0.03125,-0.3125,0.28125,-0.03125,-0.3125,0.21875,-0.03125,0.125,0.21875,0.03125,0.125,0.03125,0.03125,0.125,0.21875,-0.03125,0.125,0.03125,-0.03125,0.0625,0.21875,-0.03125,0.0625,0.03125,-0.03125,0.0625,0.21875,0.03125,0.0625,0.03125,0.03125,0.0625,0.21875,-0.03125,0.0625,0.21875,0.03125,0.125,0.21875,-0.03125,0.125,0.21875,0.03125,0.0625,0.03125,0.03125,0.0625,0.03125,-0.03125,0.125,0.03125,0.03125,0.125,0.03125,-0.03125,0.0625,0.21875,0.03125,0.0625,0.03125,0.03125,0.125,0.21875,0.03125,0.125,0.03125,0.03125,0.125,0.21875,-0.03125,0.125,0.03125,-0.03125,0.0625,0.21875,-0.03125,0.0625,0.03125,-0.03125,0.12500016391277313,0.28124985098838806,0,0.12500016391277313,0.28124985098838806,0,0.12500016391277313,-0.09375015646219254,0,-0.24999983608722687,0.28124985098838806,0,-0.24999983608722687,0.28124985098838806,0,-0.24999983608722687,-0.09375015646219254,0,0.12500016391277313,0.28124985098838806,0,-0.24999983608722687,0.28124985098838806,0,0.12500016391277313,0.28124985098838806,0,0.12500016391277313,-0.09375015646219254,0,-0.24999983608722687,-0.09375015646219254,0,0.12500016391277313,-0.09375015646219254,0,-0.24999983608722687,-0.09375015646219254,0,-0.24999983608722687,0.28124985098838806,0,0.12500016391277313,0.28124985098838806,0,0.12500016391277313,-0.09375015646219254,0,0.0625,0.53125,-0.3125,0.0625,0.53125,-0.3125,0.0625,0.3125,-0.3125,0.28125,0.53125,-0.3125,0.28125,0.53125,-0.3125,0.28125,0.3125,-0.3125,0.0625,0.53125,-0.3125,0.28125,0.53125,-0.3125,0.28125,0.3125,-0.3125,0.0625,0.3125,-0.3125,0.0625,0.53125,-0.3125,0.28125,0.53125,-0.3125,0.28125,0.3125,-0.3125,0.0625,0.3125,-0.3125,0.3125,0.28125,0.03125,0.3125,0.21875,0.03125,0.3125,0.28125,-0.03125,0.3125,0.21875,-0.03125,-0.125,0.28125,-0.03125,-0.125,0.21875,-0.03125,-0.125,0.28125,0.03125,-0.125,0.21875,0.03125,-0.125,0.28125,-0.03125,-0.125,0.28125,0.03125,0.3125,0.28125,-0.03125,0.3125,0.28125,0.03125,-0.125,0.21875,0.03125,-0.125,0.21875,-0.03125,0.3125,0.21875,0.03125,0.3125,0.21875,-0.03125,-0.125,0.28125,0.03125,-0.125,0.21875,0.03125,0.3125,0.28125,0.03125,0.3125,0.21875,0.03125,0.3125,0.28125,-0.03125,0.3125,0.21875,-0.03125,-0.125,0.28125,-0.03125,-0.125,0.21875,-0.03125,-0.0625,0.21875,0.03125,-0.0625,0.03125,0.03125,-0.0625,0.21875,-0.03125,-0.0625,0.03125,-0.03125,-0.125,0.21875,-0.03125,-0.125,0.03125,-0.03125,-0.125,0.21875,0.03125,-0.125,0.03125,0.03125,-0.125,0.21875,-0.03125,-0.125,0.21875,0.03125,-0.0625,0.21875,-0.03125,-0.0625,0.21875,0.03125,-0.125,0.03125,0.03125,-0.125,0.03125,-0.03125,-0.0625,0.03125,0.03125,-0.0625,0.03125,-0.03125,-0.125,0.21875,0.03125,-0.125,0.03125,0.03125,-0.0625,0.21875,0.03125,-0.0625,0.03125,0.03125,-0.0625,0.21875,-0.03125,-0.0625,0.03125,-0.03125,-0.125,0.21875,-0.03125,-0.125,0.03125,-0.03125,0.24999983608722687,0.28124985098838806,0,0.24999983608722687,0.28124985098838806,0,0.24999983608722687,-0.09375015646219254,0,-0.12500016391277313,0.28124985098838806,0,-0.12500016391277313,0.28124985098838806,0,-0.12500016391277313,-0.09375015646219254,0,