{"schemaVersion":4,"source":{"uri":"models/pets/epic/green-slime.gltf","sha256":"c16ca808ea9451b982119ede1a8a93d40fbeba186db697e2337056664bfb5ae5"},"animationNames":["idle"],"boundingBox":{"min":{"x":-0.33149999380111694,"y":-0.0189999997615814,"z":-0.33149999380111694},"max":{"x":0.33149999380111694,"y":0.6440000176429749,"z":0.33149999380111694}},"nodeNames":["cube_outline","cube","cube","left_eye","cube","right_eye","head","cube-pet"],"trimesh":{"vertices":[-0.33149999380111694,-0.012749999761581421,-0.33149999380111694,-0.33149999380111694,0.6502500176429749,-0.33149999380111694,-0.33149999380111694,-0.012749999761581421,0.33149999380111694,-0.33149999380111694,0.6502500176429749,0.33149999380111694,0.33149999380111694,-0.012749999761581421,0.33149999380111694,0.33149999380111694,0.6502500176429749,0.33149999380111694,0.33149999380111694,-0.012749999761581421,-0.33149999380111694,0.33149999380111694,0.6502500176429749,-0.33149999380111694,0.33149999380111694,-0.012749999761581421,0.33149999380111694,0.33149999380111694,-0.012749999761581421,-0.33149999380111694,-0.33149999380111694,-0.012749999761581421,0.33149999380111694,-0.33149999380111694,-0.012749999761581421,-0.33149999380111694,0.33149999380111694,0.6502500176429749,-0.33149999380111694,0.33149999380111694,0.6502500176429749,0.33149999380111694,-0.33149999380111694,0.6502500176429749,-0.33149999380111694,-0.33149999380111694,0.6502500176429749,0.33149999380111694,0.33149999380111694,-0.012749999761581421,-0.33149999380111694,0.33149999380111694,0.6502500176429749,-0.33149999380111694,-0.33149999380111694,-0.012749999761581421,-0.33149999380111694,-0.33149999380111694,0.6502500176429749,-0.33149999380111694,-0.33149999380111694,-0.012749999761581421,0.33149999380111694,-0.33149999380111694,0.6502500176429749,0.33149999380111694,0.33149999380111694,-0.012749999761581421,0.33149999380111694,0.33149999380111694,0.6502500176429749,0.33149999380111694,0.3125,0.625,0.3125,0.3125,0,0.3125,0.3125,0.625,-0.3125,0.3125,0,-0.3125,-0.3125,0.625,-0.3125,-0.3125,0,-0.3125,-0.3125,0.625,0.3125,-0.3125,0,0.3125,-0.3125,0.625,-0.3125,-0.3125,0.625,0.3125,0.3125,0.625,-0.3125,0.3125,0.625,0.3125,-0.3125,0,0.3125,-0.3125,0,-0.3125,0.3125,0,0.3125,0.3125,0,-0.3125,-0.3125,0.625,0.3125,-0.3125,0,0.3125,0.3125,0.625,0.3125,0.3125,0,0.3125,0.3125,0.625,-0.3125,0.3125,0,-0.3125,-0.3125,0.625,-0.3125,-0.3125,0,-0.3125,-0.0625,0.53125,-0.3125,-0.0625,0.53125,-0.3125,-0.0625,0.3125,-0.3125,-0.28125,0.53125,-0.3125,-0.28125,0.53125,-0.3125,-0.28125,0.3125,-0.3125,-0.0625,0.53125,-0.3125,-0.28125,0.53125,-0.3125,-0.0625,0.53125,-0.3125,-0.0625,0.3125,-0.3125,-0.28125,0.3125,-0.3125,-0.0625,0.3125,-0.3125,-0.28125,0.3125,-0.3125,-0.28125,0.53125,-0.3125,-0.0625,0.53125,-0.3125,-0.0625,0.3125,-0.3125,0.0625,0.53125,-0.3125,0.0625,0.53125,-0.3125,0.0625,0.3125,-0.3125,0.28125,0.53125,-0.3125,0.28125,0.53125,-0.3125,0.28125,0.3125,-0.3125,0.28125,0.53125,-0.3125,0.0625,0.53125,-0.3125,0.28125,0.53125,-0.3125,0.28125,0.3125,-0.3125,0.0625,0.3125,-0.3125,0.28125,0.3125,-0.3125,0.0625,0.53125,-0.3125,0.28125,0.53125,-0.3125,0.28125,0.3125,-0.3125,0.0625,0.3125,-0.3125],"indices":[0,1,2,1,3,2,4,5,6,5,7,6,8,9,10,9,11,10,12,13,14,13,15,14,16,17,18,17,19,18,20,21,22,21,23,22,24,25,26,25,27,26,28,29,30,29,31,30,32,33,34,33,35,34,36,37,38,37,39,38,40,41,42,41,43,42,44,45,46,45,47,46,48,49,50,48,50,50,51,52,53,51,53,53,54,55,56,54,56,55,57,58,59,57,59,58,60,61,62,60,62,63,64,65,66,64,66,66,67,68,69,67,69,69,70,71,71,70,71,72,73,74,74,73,74,75,76,77,78,76,78,79]},"optimizedModelData":{"":{"meshCount":4},"-named-nodes":{"meshCount":4},"-no-animations":{"meshCount":1}}}