{"schemaVersion":4,"source":{"uri":"models/environment/oak-stairs.gltf","sha256":"f67c03cfaa3822d17c98924ff0872a6841cee83f9826e67b51e2d3d428518cf6"},"animationNames":[],"boundingBox":{"min":{"x":-0.5000000000000001,"y":-1.3877787807814457e-16,"z":-0.5000000000000001},"max":{"x":0.5,"y":1,"z":0.5}},"nodeNames":["cube","stair",""],"trimesh":{"vertices":[-0.5,-0.5,0.5,-0.5,-0.25,0.5,-0.5,-0.25,0.25,-0.5,-0.5,0.25,0.5,-0.5,0.25,0.5,-0.25,0.25,0.5,-0.25,0.5,0.5,-0.5,0.5,-0.5,-0.25,0.25,-0.5,-0.25,0.5,0.5,-0.25,0.5,0.5,-0.25,0.25,-0.5,-0.5,0.5,-0.5,-0.5,0.25,0.5,-0.5,0.25,0.5,-0.5,0.5,-0.5,-0.5,0.25,-0.5,-0.25,0.25,0.5,-0.25,0.25,0.5,-0.5,0.25,0.5,-0.5,0.5,0.5,-0.25,0.5,-0.5,-0.25,0.5,-0.5,-0.5,0.5,-0.5,-0.5,-0.25,-0.5,0.5,-0.25,-0.5,0.5,-0.5,-0.5,-0.5,-0.5,0.5,-0.5,-0.5,0.5,0.5,-0.5,0.5,0.5,-0.25,0.5,-0.5,-0.25,-0.5,0.5,-0.5,-0.5,0.5,-0.25,0.5,0.5,-0.25,0.5,0.5,-0.5,-0.5,-0.5,-0.25,-0.5,-0.5,-0.5,0.5,-0.5,-0.5,0.5,-0.5,-0.25,-0.5,-0.5,-0.5,-0.5,0.5,-0.5,0.5,0.5,-0.5,0.5,-0.5,-0.5,0.5,-0.5,-0.25,0.5,0.5,-0.25,-0.5,0.5,-0.25,-0.5,-0.5,-0.25,-0.5,-0.5,1.3877787807814457e-16,-0.5,0.25,5.551115123125783e-17,-0.5,0.25,-0.25,-0.5,-0.5,-0.25,0.5,-0.5,-0.25,0.5,0.25,-0.25,0.5,0.25,5.551115123125783e-17,0.5,-0.5,1.3877787807814457e-16,-0.5,0.25,-0.25,-0.5,0.25,5.551115123125783e-17,0.5,0.25,5.551115123125783e-17,0.5,0.25,-0.25,-0.5,-0.5,1.3877787807814457e-16,0.5,-0.5,1.3877787807814457e-16,-0.5,-0.5,-0.25,-0.5,0.25,-0.25,0.5,0.25,-0.25,0.5,-0.5,-0.25,0.5,-0.5,1.3877787807814457e-16,0.5,0.25,5.551115123125783e-17,-0.5,0.25,5.551115123125783e-17,-0.5,-0.5,1.3877787807814457e-16,-0.5,-0.5,0.25,-0.5,-5.551115123125783e-17,0.25,-0.5,-1.1102230246251565e-16,5.551115123125783e-17,-0.5,-0.5,1.3877787807814457e-16,0.5,-0.5,1.3877787807814457e-16,0.5,0,5.551115123125783e-17,0.5,5.551115123125783e-17,0.25,0.5,-0.5,0.25,-0.5,-1.1102230246251565e-16,5.551115123125783e-17,-0.5,-5.551115123125783e-17,0.25,0.5,5.551115123125783e-17,0.25,0.5,0,5.551115123125783e-17,-0.5,-0.5,0.25,-0.5,-0.5,1.3877787807814457e-16,0.5,-0.5,1.3877787807814457e-16,0.5,-0.5,0.25,-0.5,-0.5,1.3877787807814457e-16,-0.5,-1.1102230246251565e-16,5.551115123125783e-17,0.5,0,5.551115123125783e-17,0.5,-0.5,1.3877787807814457e-16,0.5,-0.5,0.25,0.5,5.551115123125783e-17,0.25,-0.5,-5.551115123125783e-17,0.25,-0.5,-0.5,0.25],"indices":[0,1,2,0,2,3,4,5,6,4,6,7,8,9,10,8,10,11,12,13,14,12,14,15,16,17,18,16,18,19,20,21,22,20,22,23,24,25,26,24,26,27,28,29,30,28,30,31,32,33,34,32,34,35,36,37,38,36,38,39,40,41,42,40,42,43,44,45,46,44,46,47,48,49,50,48,50,51,52,53,54,52,54,55,56,57,58,56,58,59,60,36,39,60,39,61,62,63,64,62,64,65,66,67,68,66,68,69,70,71,72,70,72,73,74,75,76,74,76,77,78,79,80,78,80,81,82,83,84,82,84,85,86,87,88,86,88,89,90,91,92,90,92,93]},"optimizedModelData":{"":{"meshCount":1},"-named-nodes":{"meshCount":1},"-no-animations":{"meshCount":1}}}