{"schemaVersion":4,"source":{"uri":"models/items/egg.gltf","sha256":"bd43e1f499ad733a21f8fa482d56542c9dd2e5fd25d41d1c25e52791326bc687"},"animationNames":[],"boundingBox":{"min":{"x":-0.140625,"y":0,"z":-0.140625},"max":{"x":0.140625,"y":0.375,"z":0.140625}},"nodeNames":["cube","normal-egg"],"trimesh":{"vertices":[0.140625,0.1875,0.140625,0.140625,-0.1875,0.140625,0.140625,0.1875,-0.140625,0.140625,-0.1875,-0.140625,-0.140625,0.1875,-0.140625,-0.140625,-0.1875,-0.140625,-0.140625,0.1875,0.140625,-0.140625,-0.1875,0.140625,-0.140625,0.1875,-0.140625,-0.140625,0.1875,0.140625,0.140625,0.1875,-0.140625,0.140625,0.1875,0.140625,-0.140625,-0.1875,0.140625,-0.140625,-0.1875,-0.140625,0.140625,-0.1875,0.140625,0.140625,-0.1875,-0.140625,-0.140625,0.1875,0.140625,-0.140625,-0.1875,0.140625,0.140625,0.1875,0.140625,0.140625,-0.1875,0.140625,0.140625,0.1875,-0.140625,0.140625,-0.1875,-0.140625,-0.140625,0.1875,-0.140625,-0.140625,-0.1875,-0.140625],"indices":[0,1,2,1,3,2,4,5,6,5,7,6,8,9,10,9,11,10,12,13,14,13,15,14,16,17,18,17,19,18,20,21,22,21,23,22]},"optimizedModelData":{"":{"meshCount":1},"-named-nodes":{"meshCount":1},"-no-animations":{"meshCount":1}}}