{"schemaVersion":4,"source":{"uri":"models/particles/halo-cube-3x3.glb","sha256":"f1dbd65bc0ce131cd63df02ed68a3bab9e480604f11fb27e563f303627405329"},"animationNames":[],"boundingBox":{"min":{"x":-1.5,"y":0,"z":-1.5},"max":{"x":1.5,"y":0.699999988079071,"z":1.5}},"nodeNames":["Cube"],"trimesh":{"vertices":[-1.5,-0.3499999940395355,1.5,-1.5,0.3499999940395355,1.5,-1.5,0.3499999940395355,-1.5,-1.5,-0.3499999940395355,-1.5,-1.5,-0.3499999940395355,-1.5,-1.5,0.3499999940395355,-1.5,1.5,0.3499999940395355,-1.5,1.5,-0.3499999940395355,-1.5,1.5,-0.3499999940395355,-1.5,1.5,0.3499999940395355,-1.5,1.5,0.3499999940395355,1.5,1.5,-0.3499999940395355,1.5,1.5,-0.3499999940395355,1.5,1.5,0.3499999940395355,1.5,-1.5,0.3499999940395355,1.5,-1.5,-0.3499999940395355,1.5],"indices":[0,1,2,0,2,3,4,5,6,4,6,7,8,9,10,8,10,11,12,13,14,12,14,15]},"optimizedModelData":{"":{"meshCount":1},"-named-nodes":{"meshCount":1},"-no-animations":{"meshCount":1}}}