{"schemaVersion":4,"source":{"uri":"models/pets/epic/puffin.gltf","sha256":"a1ee8e21f31c447773a769f0744937dbb8966849c9ead9df93b9cf5dae42a229"},"animationNames":["idle"],"boundingBox":{"min":{"x":-0.375,"y":0,"z":-0.5},"max":{"x":0.375,"y":0.9809456855137311,"z":0.5313707420506284}},"nodeNames":["cube","cube","cube","cube","tail","cube","left_leg","cube","right_leg","cube","left_arm","cube","right_arm","cube","right_eye","cube","left_eye","head","cube-pet"],"trimesh":{"vertices":[0.125,0.25,0.3125,0.125,0.125,0.3125,0.125,0.25,0.125,0.125,0.125,0.125,-0.125,0.25,0.125,-0.125,0.125,0.125,-0.125,0.25,0.3125,-0.125,0.125,0.3125,-0.125,0.25,0.125,-0.125,0.25,0.3125,0.125,0.25,0.125,0.125,0.25,0.3125,-0.125,0.125,0.3125,-0.125,0.125,0.125,0.125,0.125,0.3125,0.125,0.125,0.125,-0.125,0.25,0.3125,-0.125,0.125,0.3125,0.125,0.25,0.3125,0.125,0.125,0.3125,0.125,0.25,0.125,0.125,0.125,0.125,-0.125,0.25,0.125,-0.125,0.125,0.125,0.3125,0.5625,0.9375,0.3125,-0.0625,0.9375,0.3125,0.5625,0.3125,0.3125,-0.0625,0.3125,-0.3125,0.5625,0.3125,-0.3125,-0.0625,0.3125,-0.3125,0.5625,0.9375,-0.3125,-0.0625,0.9375,-0.3125,0.5625,0.3125,-0.3125,0.5625,0.9375,0.3125,0.5625,0.3125,0.3125,0.5625,0.9375,-0.3125,-0.0625,0.9375,-0.3125,-0.0625,0.3125,0.3125,-0.0625,0.9375,0.3125,-0.0625,0.3125,-0.3125,0.5625,0.9375,-0.3125,-0.0625,0.9375,0.3125,0.5625,0.9375,0.3125,-0.0625,0.9375,0.3125,0.5625,0.3125,0.3125,-0.0625,0.3125,-0.3125,0.5625,0.3125,-0.3125,-0.0625,0.3125,0.1875,0.7934457063674927,0.21677115559577942,0.1875,0.7934457063674927,0.21677115559577942,0.1875,0.5624758005142212,0.31244203448295593,-0.1875,0.7934457063674927,0.21677115559577942,-0.1875,0.7934457063674927,0.21677115559577942,-0.1875,0.5624758005142212,0.31244203448295593,0.1875,0.7934457063674927,0.21677115559577942,-0.1875,0.7934457063674927,0.21677115559577942,0.1875,0.7934457063674927,0.21677115559577942,0.1875,0.5624758005142212,0.31244203448295593,-0.1875,0.5624758005142212,0.31244203448295593,0.1875,0.5624758005142212,0.31244203448295593,-0.1875,0.5624758005142212,0.31244203448295593,-0.1875,0.7934457063674927,0.21677115559577942,0.1875,0.7934457063674927,0.21677115559577942,0.1875,0.5624758005142212,0.31244203448295593,0.21875,0.40625,0.0625,0.21875,0.21875,0.0625,0.21875,0.40625,-0.1875,0.21875,0.21875,-0.1875,-0.21875,0.40625,-0.1875,-0.21875,0.21875,-0.1875,-0.21875,0.40625,0.0625,-0.21875,0.21875,0.0625,-0.21875,0.40625,-0.1875,-0.21875,0.40625,0.0625,0.21875,0.40625,-0.1875,0.21875,0.40625,0.0625,-0.21875,0.21875,0.0625,-0.21875,0.21875,-0.1875,0.21875,0.21875,0.0625,0.21875,0.21875,-0.1875,-0.21875,0.40625,0.0625,-0.21875,0.21875,0.0625,0.21875,0.40625,0.0625,0.21875,0.21875,0.0625,0.21875,0.40625,-0.1875,0.21875,0.21875,-0.1875,-0.21875,0.40625,-0.1875,-0.21875,0.21875,-0.1875,0.125,0.125,0.0625,0.125,0,0.0625,0.125,0.125,-0.125,0.125,0,-0.125,-0.0625,0.125,-0.125,-0.0625,0,-0.125,-0.0625,0.125,0.0625,-0.0625,0,0.0625,-0.0625,0.125,-0.125,-0.0625,0.125,0.0625,0.125,0.125,-0.125,0.125,0.125,0.0625,-0.0625,0,0.0625,-0.0625,0,-0.125,0.125,0,0.0625,0.125,0,-0.125,-0.0625,0.125,0.0625,-0.0625,0,0.0625,0.125,0.125,0.0625,0.125,0,0.0625,0.125,0.125,-0.125,0.125,0,-0.125,-0.0625,0.125,-0.125,-0.0625,0,-0.125,0.0625,0.125,0.0625,0.0625,0,0.0625,0.0625,0.125,-0.125,0.0625,0,-0.125,-0.125,0.125,-0.125,-0.125,0,-0.125,-0.125,0.125,0.0625,-0.125,0,0.0625,-0.125,0.125,-0.125,-0.125,0.125,0.0625,0.0625,0.125,-0.125,0.0625,0.125,0.0625,-0.125,0,0.0625,-0.125,0,-0.125,0.0625,0,0.0625,0.0625,0,-0.125,-0.125,0.125,0.0625,-0.125,0,0.0625,0.0625,0.125,0.0625,0.0625,0,0.0625,0.0625,0.125,-0.125,0.0625,0,-0.125,-0.125,0.125,-0.125,-0.125,0,-0.125,0.0625,0.1875,0.1875,0.0625,-0.0625,0.1875,0.0625,0.1875,-0.1875,0.0625,-0.0625,-0.1875,0,0.1875,-0.1875,0,-0.0625,-0.1875,0,0.1875,0.1875,0,-0.0625,0.1875,0,0.1875,-0.1875,0,0.1875,0.1875,0.0625,0.1875,-0.1875,0.0625,0.1875,0.1875,0,-0.0625,0.1875,0,-0.0625,-0.1875,0.0625,-0.0625,0.1875,0.0625,-0.0625,-0.1875,0,0.1875,0.1875,0,-0.0625,0.1875,0.0625,0.1875,0.1875,0.0625,-0.0625,0.1875,0.0625,0.1875,-0.1875,0.0625,-0.0625,-0.1875,0,0.1875,-0.1875,0,-0.0625,-0.1875,0,0.1875,0.1875,0,-0.0625,0.1875,0,0.1875,-0.1875,0,-0.0625,-0.1875,-0.0625,0.1875,-0.1875,-0.0625,-0.0625,-0.1875,-0.0625,0.1875,0.1875,-0.0625,-0.0625,0.1875,-0.0625,0.1875,-0.1875,-0.0625,0.1875,0.1875,0,0.1875,-0.1875,0,0.1875,0.1875,-0.0625,-0.0625,0.1875,-0.0625,-0.0625,-0.1875,0,-0.0625,0.1875,0,-0.0625,-0.1875,-0.0625,0.1875,0.1875,-0.0625,-0.0625,0.1875,0,0.1875,0.1875,0,-0.0625,0.1875,0,0.1875,-0.1875,0,-0.0625,-0.1875,-0.0625,0.1875,-0.1875,-0.0625,-0.0625,-0.1875,0.0625,0.53125,-0.3125,0.0625,0.53125,-0.3125,0.0625,0.3125,-0.3125,0.28125,0.53125,-0.3125,0.28125,0.53125,-0.3125,0.28125,0.3125,-0.3125,0.0625,0.53125,-0.3125,0.28125,0.53125,-0.3125,0.28125,0.3125,-0.3125,0.0625,0.3125,-0.3125,0.0625,0.53125,-0.3125,0.28125,0.53125,-0.3125,0.28125,0.3125,-0.3125,0.0625,0.3125,-0.3125,-0.0625,0.53125,-0.3125,-0.0625,0.53125,-0.3125,-0.0625,0.3125,-0.3125,-0.28125,0.53125,-0.3125,-0.28125,0.53125,-0.3125,-0.28125,0.3125,-0.3125,-0.0625,0.53125,-0.3125,-0.0625,0.53125,-0.3125,-0.0625,0.3125,-0.3125,-0.28125,0.3125,-0.3125,-0.0625,0.3125,-0.3125,-0.28125,0.3125,-0.3125,-0.28125,0.53125,-0.3125,-0.0625,0.53125,-0.3125,-0.0625,0.3125,-0.3125],"indices":[0,1,2,1,3,2,4,5,6,5,7,6,8,9,10,9,11,10,12,13,14,13,15,14,16,17,18,17,19,18,20,21,22,21,23,22,24,25,26,25,27,26,28,29,30,29,31,30,32,33,34,33,35,34,36,37,38,37,39,38,40,41,42,41,43,42,44,45,46,45,47,46,48,49,50,48,50,50,51,52,53,51,53,53,54,55,56,54,56,55,57,58,59,57,59,58,60,61,62,60,62,63,64,65,66,65,67,66,68,69,70,69,71,70,72,73,74,73,75,74,76,77,78,77,79,78,80,81,82,81,83,82,84,85,86,85,87,86,88,89,90,89,91,90,92,93,94,93,95,94,96,97,98,97,99,98,100,101,102,101,103,102,104,105,106,105,107,106,108,109,110,109,111,110,112,113,114,113,115,114,116,117,118,117,119,118,120,121,122,121,123,122,124,125,126,125,127,126,128,129,130,129,131,130,132,133,134,133,135,134,136,137,138,137,139,138,140,141,142,141,143,142,144,145,146,145,147,146,148,149,150,149,151,150,152,153,154,153,155,154,156,157,158,157,159,158,160,161,162,161,163,162,164,165,166,165,167,166,168,169,170,169,171,170,172,173,174,173,175,174,176,177,178,177,179,178,180,181,182,181,183,182,184,185,186,184,186,186,187,188,189,187,189,189,187,190,190,187,190,191,192,193,193,192,193,189,194,195,196,194,196,197,198,199,200,198,200,200,201,202,203,201,203,203,204,201,205,204,205,201,206,207,208,206,208,207,209,210,211,209,211,212]},"optimizedModelData":{"":{"meshCount":8},"-named-nodes":{"meshCount":10},"-no-animations":{"meshCount":1}}}