{"schemaVersion":4,"source":{"uri":"models/portal.gltf","sha256":"c71b936aac03740c105fa7467da23c0f971b958a0206a6b7f41850b5ffb6cb47"},"animationNames":["idle"],"boundingBox":{"min":{"x":-1.5,"y":-0.16250002384185747,"z":-0.125},"max":{"x":1.5,"y":2.875,"z":0.125}},"nodeNames":["cube","cube","cube","cube","cube","cube","cube","cube","cube","cube","cube","cube","cube","cube","cube","root","haze","haze-area","circle","portal-swirly","portal-root",""],"trimesh":{"vertices":[-0.625,0.893750011920929,0.125,-0.625,0.643750011920929,0.125,-0.625,0.893750011920929,-0.125,-0.625,0.643750011920929,-0.125,-1.25,0.893750011920929,-0.125,-1.25,0.643750011920929,-0.125,-1.25,0.893750011920929,0.125,-1.25,0.643750011920929,0.125,-1.25,0.893750011920929,-0.125,-1.25,0.893750011920929,0.125,-0.625,0.893750011920929,-0.125,-0.625,0.893750011920929,0.125,-1.25,0.643750011920929,0.125,-1.25,0.643750011920929,-0.125,-0.625,0.643750011920929,0.125,-0.625,0.643750011920929,-0.125,-1.25,0.893750011920929,0.125,-1.25,0.643750011920929,0.125,-0.625,0.893750011920929,0.125,-0.625,0.643750011920929,0.125,-0.625,0.893750011920929,-0.125,-0.625,0.643750011920929,-0.125,-1.25,0.893750011920929,-0.125,-1.25,0.643750011920929,-0.125,1.3125,-1.1062500476837158,0.125,1.3125,-1.3562500476837158,0.125,1.3125,-1.1062500476837158,-0.125,1.3125,-1.3562500476837158,-0.125,0.6875,-1.1062500476837158,-0.125,0.6875,-1.3562500476837158,-0.125,0.6875,-1.1062500476837158,0.125,0.6875,-1.3562500476837158,0.125,0.6875,-1.1062500476837158,-0.125,0.6875,-1.1062500476837158,0.125,1.3125,-1.1062500476837158,-0.125,1.3125,-1.1062500476837158,0.125,0.6875,-1.3562500476837158,0.125,0.6875,-1.3562500476837158,-0.125,1.3125,-1.3562500476837158,0.125,1.3125,-1.3562500476837158,-0.125,0.6875,-1.1062500476837158,0.125,0.6875,-1.3562500476837158,0.125,1.3125,-1.1062500476837158,0.125,1.3125,-1.3562500476837158,0.125,1.3125,-1.1062500476837158,-0.125,1.3125,-1.3562500476837158,-0.125,0.6875,-1.1062500476837158,-0.125,0.6875,-1.3562500476837158,-0.125,-0.6875,-1.1062500476837158,0.125,-0.6875,-1.3562500476837158,0.125,-0.6875,-1.1062500476837158,-0.125,-0.6875,-1.3562500476837158,-0.125,-1.3125,-1.1062500476837158,-0.125,-1.3125,-1.3562500476837158,-0.125,-1.3125,-1.1062500476837158,0.125,-1.3125,-1.3562500476837158,0.125,-1.3125,-1.1062500476837158,-0.125,-1.3125,-1.1062500476837158,0.125,-0.6875,-1.1062500476837158,-0.125,-0.6875,-1.1062500476837158,0.125,-1.3125,-1.3562500476837158,0.125,-1.3125,-1.3562500476837158,-0.125,-0.6875,-1.3562500476837158,0.125,-0.6875,-1.3562500476837158,-0.125,-1.3125,-1.1062500476837158,0.125,-1.3125,-1.3562500476837158,0.125,-0.6875,-1.1062500476837158,0.125,-0.6875,-1.3562500476837158,0.125,-0.6875,-1.1062500476837158,-0.125,-0.6875,-1.3562500476837158,-0.125,-1.3125,-1.1062500476837158,-0.125,-1.3125,-1.3562500476837158,-0.125,1.0625,1.2062499523162842,0.125,1.0625,0.893750011920929,0.125,1.0625,1.2062499523162842,-0.125,1.0625,0.893750011920929,-0.125,0.5,1.2062499523162842,-0.125,0.5,0.893750011920929,-0.125,0.5,1.2062499523162842,0.125,0.5,0.893750011920929,0.125,0.5,1.2062499523162842,-0.125,0.5,1.2062499523162842,0.125,1.0625,1.2062499523162842,-0.125,1.0625,1.2062499523162842,0.125,0.5,0.893750011920929,0.125,0.5,0.893750011920929,-0.125,1.0625,0.893750011920929,0.125,1.0625,0.893750011920929,-0.125,0.5,1.2062499523162842,0.125,0.5,0.893750011920929,0.125,1.0625,1.2062499523162842,0.125,1.0625,0.893750011920929,0.125,1.0625,1.2062499523162842,-0.125,1.0625,0.893750011920929,-0.125,0.5,1.2062499523162842,-0.125,0.5,0.893750011920929,-0.125,-0.5,1.2062499523162842,0.125,-0.5,0.893750011920929,0.125,-0.5,1.2062499523162842,-0.125,-0.5,0.893750011920929,-0.125,-1.0625,1.2062499523162842,-0.125,-1.0625,0.893750011920929,-0.125,-1.0625,1.2062499523162842,0.125,-1.0625,0.893750011920929,0.125,-1.0625,1.2062499523162842,-0.125,-1.0625,1.2062499523162842,0.125,-0.5,1.2062499523162842,-0.125,-0.5,1.2062499523162842,0.125,-1.0625,0.893750011920929,0.125,-1.0625,0.893750011920929,-0.125,-0.5,0.893750011920929,0.125,-0.5,0.893750011920929,-0.125,-1.0625,1.2062499523162842,0.125,-1.0625,0.893750011920929,0.125,-0.5,1.2062499523162842,0.125,-0.5,0.893750011920929,0.125,-0.5,1.2062499523162842,-0.125,-0.5,0.893750011920929,-0.125,-1.0625,1.2062499523162842,-0.125,-1.0625,0.893750011920929,-0.125,0.8125,1.5187499523162842,0.125,0.8125,1.2062499523162842,0.125,0.8125,1.5187499523162842,-0.125,0.8125,1.2062499523162842,-0.125,-0.8125,1.5187499523162842,-0.125,-0.8125,1.2062499523162842,-0.125,-0.8125,1.5187499523162842,0.125,-0.8125,1.2062499523162842,0.125,-0.8125,1.5187499523162842,-0.125,-0.8125,1.5187499523162842,0.125,0.8125,1.5187499523162842,-0.125,0.8125,1.5187499523162842,0.125,-0.8125,1.2062499523162842,0.125,-0.8125,1.2062499523162842,-0.125,0.8125,1.2062499523162842,0.125,0.8125,1.2062499523162842,-0.125,-0.8125,1.5187499523162842,0.125,-0.8125,1.2062499523162842,0.125,0.8125,1.5187499523162842,0.125,0.8125,1.2062499523162842,0.125,0.8125,1.5187499523162842,-0.125,0.8125,1.2062499523162842,-0.125,-0.8125,1.5187499523162842,-0.125,-0.8125,1.2062499523162842,-0.125,1.375,-0.856249988079071,0.125,1.375,-1.1062500476837158,0.125,1.375,-0.856249988079071,-0.125,1.375,-1.1062500476837158,-0.125,0.75,-0.856249988079071,-0.125,0.75,-1.1062500476837158,-0.125,0.75,-0.856249988079071,0.125,0.75,-1.1062500476837158,0.125,0.75,-0.856249988079071,-0.125,0.75,-0.856249988079071,0.125,1.375,-0.856249988079071,-0.125,1.375,-0.856249988079071,0.125,0.75,-1.1062500476837158,0.125,0.75,-1.1062500476837158,-0.125,1.375,-1.1062500476837158,0.125,1.375,-1.1062500476837158,-0.125,0.75,-0.856249988079071,0.125,0.75,-1.1062500476837158,0.125,1.375,-0.856249988079071,0.125,1.375,-1.1062500476837158,0.125,1.375,-0.856249988079071,-0.125,1.375,-1.1062500476837158,-0.125,0.75,-0.856249988079071,-0.125,0.75,-1.1062500476837158,-0.125,-0.8125,-0.35624998807907104,0.125,-0.8125,-0.856249988079071,0.125,-0.8125,-0.35624998807907104,-0.125,-0.8125,-0.856249988079071,-0.125,-1.4375,-0.35624998807907104,-0.125,-1.4375,-0.856249988079071,-0.125,-1.4375,-0.35624998807907104,0.125,-1.4375,-0.856249988079071,0.125,-1.4375,-0.35624998807907104,-0.125,-1.4375,-0.35624998807907104,0.125,-0.8125,-0.35624998807907104,-0.125,-0.8125,-0.35624998807907104,0.125,-1.4375,-0.856249988079071,0.125,-1.4375,-0.856249988079071,-0.125,-0.8125,-0.856249988079071,0.125,-0.8125,-0.856249988079071,-0.125,-1.4375,-0.35624998807907104,0.125,-1.4375,-0.856249988079071,0.125,-0.8125,-0.35624998807907104,0.125,-0.8125,-0.856249988079071,0.125,-0.8125,-0.35624998807907104,-0.125,-0.8125,-0.856249988079071,-0.125,-1.4375,-0.35624998807907104,-0.125,-1.4375,-0.856249988079071,-0.125,1.4375,0.643750011920929,0.125,1.4375,0.14375001192092896,0.125,1.4375,0.643750011920929,-0.125,1.4375,0.14375001192092896,-0.125,0.8125,0.643750011920929,-0.125,0.8125,0.14375001192092896,-0.125,0.8125,0.643750011920929,0.125,0.8125,0.14375001192092896,0.125,0.8125,0.643750011920929,-0.125,0.8125,0.643750011920929,0.125,1.4375,0.643750011920929,-0.125,1.4375,0.643750011920929,0.125,0.8125,0.14375001192092896,0.125,0.8125,0.14375001192092896,-0.125,1.4375,0.14375001192092896,0.125,1.4375,0.14375001192092896,-0.125,0.8125,0.643750011920929,0.125,0.8125,0.14375001192092896,0.125,1.4375,0.643750011920929,0.125,1.4375,0.14375001192092896,0.125,1.4375,0.643750011920929,-0.125,1.4375,0.14375001192092896,-0.125,0.8125,0.643750011920929,-0.125,0.8125,0.14375001192092896,-0.125,-0.8125,0.643750011920929,0.125,-0.8125,0.14375001192092896,0.125,-0.8125,0.643750011920929,-0.125,-0.8125,0.14375001192092896,-0.125,-1.4375,0.643750011920929,-0.125,-1.4375,0.14375001192092896,-0.125,-1.4375,0.643750011920929,0.125,-1.4375,0.14375001192092896,0.125,-1.4375,0.643750011920929,-0.125,-1.4375,0.643750011920929,0.125,-0.8125,0.643750011920929,-0.125,-0.8125,0.643750011920929,0.125,-1.4375,0.14375001192092896,0.125,-1.4375,0.14375001192092896,-0.125,-0.8125,0.14375001192092896,0.125,