{"schemaVersion":4,"source":{"uri":"models/projectiles/arrow.glb","sha256":"8a827dc215662d3ab48101009be51bde02546db15497cf15386c177be3fc563b"},"animationNames":[],"boundingBox":{"min":{"x":-0.2187501019469691,"y":-0.15624999358214708,"z":-0.7500000114948193},"max":{"x":0.15624995467645686,"y":0.21874999358214708,"z":0.6875000235930945}},"nodeNames":["cube","plane","plane.001","pyramid","root","Node_5"],"trimesh":{"vertices":[0.03125014901161194,-0.03125,-0.46875,0.03125014901161194,0.03125,-0.46875,0.03124999813735485,0.03125,0.53125,0.03124999813735485,-0.03125,0.53125,-0.03125,-0.03125,0.53125,-0.03125,0.03125,0.53125,-0.03124985098838806,0.03125,-0.4687500298023224,-0.03124985098838806,-0.03125,-0.4687500298023224,0.03124999813735485,0.03125,0.53125,0.03125014901161194,0.03125,-0.46875,-0.03124985098838806,0.03125,-0.4687500298023224,-0.03125,0.03125,0.53125,0.03125014901161194,-0.03125,-0.46875,0.03124999813735485,-0.03125,0.53125,-0.03125,-0.03125,0.53125,-0.03124985098838806,-0.03125,-0.4687500298023224,0.03124999813735485,-0.03125,0.53125,0.03124999813735485,0.03125,0.53125,-0.03125,0.03125,0.53125,-0.03125,-0.03125,0.53125,-0.03124985098838806,-0.03125,-0.4687500298023224,-0.03124985098838806,0.03125,-0.4687500298023224,0.03125014901161194,0.03125,-0.46875,0.03125014901161194,-0.03125,-0.46875,-5.2526100802197107e-8,0.1875,0.71875,4.097326034013804e-9,0.1875,0.34375,5.4388745951428064e-8,-0.1875,0.34375,-2.234680884782847e-9,-0.1875,0.71875,-0.1875000298023224,0,0.7187499403953552,-0.1874999701976776,0,0.3437499701976776,0.1875000298023224,0,0.3437500298023224,0.1874999701976776,0,0.71875,1.3795728648346994e-7,-0.13258251547813416,-0.4687499701976776,0.1325826793909073,7.450580596923828e-9,-0.4687499701976776,1.6217167342347238e-7,0.13258254528045654,-0.46875,-0.1325823813676834,1.1175870895385742e-8,-0.46875,0.1325826793909073,7.450580596923828e-9,-0.4687499701976776,1.3795728648346994e-7,-0.13258251547813416,-0.4687499701976776,1.8315681415970175e-7,-2.421438694000244e-8,-0.71875,1.6217167342347238e-7,0.13258254528045654,-0.46875,0.1325826793909073,7.450580596923828e-9,-0.4687499701976776,1.8315681415970175e-7,-2.421438694000244e-8,-0.71875,1.3795728648346994e-7,-0.13258251547813416,-0.4687499701976776,-0.1325823813676834,1.1175870895385742e-8,-0.46875,1.8315681415970175e-7,-2.421438694000244e-8,-0.71875,-0.1325823813676834,1.1175870895385742e-8,-0.46875,1.6217167342347238e-7,0.13258254528045654,-0.46875,1.8315681415970175e-7,-2.421438694000244e-8,-0.71875],"indices":[0,1,2,0,2,3,4,5,6,4,6,7,8,9,10,8,10,11,12,13,14,12,14,15,16,17,18,16,18,19,20,21,22,20,22,23,24,25,26,24,26,27,28,29,30,28,30,31,32,33,34,32,34,35,36,37,38,39,40,41,42,43,44,45,46,47]},"optimizedModelData":{"":{"meshCount":1},"-named-nodes":{"meshCount":3},"-no-animations":{"meshCount":1}}}