{"schemaVersion":4,"source":{"uri":"models/pets/legendary/red-demon.gltf","sha256":"3816ca951bdd25d5706d52fbb052b76c4af82ece26272ca52ec47e4ef28bb89f"},"animationNames":["idle"],"boundingBox":{"min":{"x":-0.9797495722501519,"y":-0.058902973812735626,"z":-0.4375},"max":{"x":0.9797496221526634,"y":1.0789968019548886,"z":0.7361949296392825}},"nodeNames":["cube","cube","cube","left_arm","cube","tail","cube","cube","cube","left_ear","cube","right_arm","cube","left_leg","cube","right_leg","cube","cube","left_eye","right_eye","cube","cube","cube","left_wing","cube","cube","cube","right_wing","cube","cube","cube","right_ear","head","cube-pet"],"trimesh":{"vertices":[0.15625,0.25,0.3125,0.15625,0.0625,0.3125,0.15625,0.25,0.1875,0.15625,0.0625,0.1875,-0.15625,0.25,0.1875,-0.15625,0.0625,0.1875,-0.15625,0.25,0.3125,-0.15625,0.0625,0.3125,-0.15625,0.25,0.1875,-0.15625,0.25,0.3125,0.15625,0.25,0.1875,0.15625,0.25,0.3125,-0.15625,0.0625,0.3125,-0.15625,0.0625,0.1875,0.15625,0.0625,0.3125,0.15625,0.0625,0.1875,-0.15625,0.25,0.3125,-0.15625,0.0625,0.3125,0.15625,0.25,0.3125,0.15625,0.0625,0.3125,0.15625,0.25,0.1875,0.15625,0.0625,0.1875,-0.15625,0.25,0.1875,-0.15625,0.0625,0.1875,0.3125,0.5625,0.9375,0.3125,-0.0625,0.9375,0.3125,0.5625,0.3125,0.3125,-0.0625,0.3125,-0.3125,0.5625,0.3125,-0.3125,-0.0625,0.3125,-0.3125,0.5625,0.9375,-0.3125,-0.0625,0.9375,-0.3125,0.5625,0.3125,-0.3125,0.5625,0.9375,0.3125,0.5625,0.3125,0.3125,0.5625,0.9375,-0.3125,-0.0625,0.9375,-0.3125,-0.0625,0.3125,0.3125,-0.0625,0.9375,0.3125,-0.0625,0.3125,-0.3125,0.5625,0.9375,-0.3125,-0.0625,0.9375,0.3125,0.5625,0.9375,0.3125,-0.0625,0.9375,0.3125,0.5625,0.3125,0.3125,-0.0625,0.3125,-0.3125,0.5625,0.3125,-0.3125,-0.0625,0.3125,0.125,0.125,0.0625,0.125,0,0.0625,0.125,0.125,-0.125,0.125,0,-0.125,-0.0625,0.125,-0.125,-0.0625,0,-0.125,-0.0625,0.125,0.0625,-0.0625,0,0.0625,-0.0625,0.125,-0.125,-0.0625,0.125,0.0625,0.125,0.125,-0.125,0.125,0.125,0.0625,-0.0625,0,0.0625,-0.0625,0,-0.125,0.125,0,0.0625,0.125,0,-0.125,-0.0625,0.125,0.0625,-0.0625,0,0.0625,0.125,0.125,0.0625,0.125,0,0.0625,0.125,0.125,-0.125,0.125,0,-0.125,-0.0625,0.125,-0.125,-0.0625,0,-0.125,0,0.1875,0.25,0,0.5,0.25,0,0.5,-0.1875,0,0.1875,-0.1875,0,0.5,-0.1875,0,0.5,-0.1875,0,0.5,0.25,0,0.1875,0.25,0,0.1875,0.25,0,0.1875,-0.1875,0,0.5,0.25,0,0.5,0.25,0,0.1875,0.25,0,0.5,-0.1875,0,0.5,-0.1875,0,0.1875,-0.1875,-0.171875,0.125,0.046875,-0.171875,0,0.046875,-0.171875,0.125,-0.109375,-0.171875,0,-0.109375,-0.328125,0.125,-0.109375,-0.328125,0,-0.109375,-0.328125,0.125,0.046875,-0.328125,0,0.046875,-0.328125,0.125,-0.109375,-0.328125,0.125,0.046875,-0.171875,0.125,-0.109375,-0.171875,0.125,0.046875,-0.328125,0,0.046875,-0.328125,0,-0.109375,-0.171875,0,0.046875,-0.171875,0,-0.109375,-0.328125,0.125,0.046875,-0.328125,0,0.046875,-0.171875,0.125,0.046875,-0.171875,0,0.046875,-0.171875,0.125,-0.109375,-0.171875,0,-0.109375,-0.328125,0.125,-0.109375,-0.328125,0,-0.109375,-0.12526220083236694,0.25039222836494446,0.03125,-0.19701534509658813,0.07716482877731323,0.03125,-0.12526220083236694,0.25039222836494446,-0.09375,-0.19701534509658813,0.07716482877731323,-0.09375,-0.24074715375900269,0.2982276678085327,-0.09375,-0.3125002980232239,0.1250002533197403,-0.09375,-0.24074715375900269,0.2982276678085327,0.03125,-0.3125002980232239,0.1250002533197403,0.03125,-0.24074715375900269,0.2982276678085327,-0.09375,-0.24074715375900269,0.2982276678085327,0.03125,-0.12526220083236694,0.25039222836494446,-0.09375,-0.12526220083236694,0.25039222836494446,0.03125,-0.3125002980232239,0.1250002533197403,0.03125,-0.3125002980232239,0.1250002533197403,-0.09375,-0.19701534509658813,0.07716482877731323,0.03125,-0.19701534509658813,0.07716482877731323,-0.09375,-0.24074715375900269,0.2982276678085327,0.03125,-0.3125002980232239,0.1250002533197403,0.03125,-0.12526220083236694,0.25039222836494446,0.03125,-0.19701534509658813,0.07716482877731323,0.03125,-0.12526220083236694,0.25039222836494446,-0.09375,-0.19701534509658813,0.07716482877731323,-0.09375,-0.24074715375900269,0.2982276678085327,-0.09375,-0.3125002980232239,0.1250002533197403,-0.09375,-0.10134449601173401,0.30813470482826233,0.03125,-0.12526220083236694,0.25039222836494446,0.03125,-0.10134449601173401,0.30813470482826233,-0.09375,-0.12526220083236694,0.25039222836494446,-0.09375,-0.15908695757389069,0.33205243945121765,-0.09375,-0.18300467729568481,0.2743099629878998,-0.09375,-0.15908695757389069,0.33205243945121765,0.03125,-0.18300467729568481,0.2743099629878998,0.03125,-0.15908695757389069,0.33205243945121765,-0.09375,-0.15908695757389069,0.33205243945121765,0.03125,-0.10134449601173401,0.30813470482826233,-0.09375,-0.10134449601173401,0.30813470482826233,0.03125,-0.18300467729568481,0.2743099629878998,0.03125,-0.18300467729568481,0.2743099629878998,-0.09375,-0.12526220083236694,0.25039222836494446,0.03125,-0.12526220083236694,0.25039222836494446,-0.09375,-0.15908695757389069,0.33205243945121765,0.03125,-0.18300467729568481,0.2743099629878998,0.03125,-0.10134449601173401,0.30813470482826233,0.03125,-0.12526220083236694,0.25039222836494446,0.03125,-0.10134449601173401,0.30813470482826233,-0.09375,-0.12526220083236694,0.25039222836494446,-0.09375,-0.15908695757389069,0.33205243945121765,-0.09375,-0.18300467729568481,0.2743099629878998,-0.09375,0.0625,0.125,0.0625,0.0625,0,0.0625,0.0625,0.125,-0.125,0.0625,0,-0.125,-0.125,0.125,-0.125,-0.125,0,-0.125,-0.125,0.125,0.0625,-0.125,0,0.0625,-0.125,0.125,-0.125,-0.125,0.125,0.0625,0.0625,0.125,-0.125,0.0625,0.125,0.0625,-0.125,0,0.0625,-0.125,0,-0.125,0.0625,0,0.0625,0.0625,0,-0.125,-0.125,0.125,0.0625,-0.125,0,0.0625,0.0625,0.125,0.0625,0.0625,0,0.0625,0.0625,0.125,-0.125,0.0625,0,-0.125,-0.125,0.125,-0.125,-0.125,0,-0.125,0.125,0.125,0.0625,0.125,0,0.0625,0.125,0.125,-0.125,0.125,0,-0.125,-0.0625,0.125,-0.125,-0.0625,0,-0.125,-0.0625,0.125,0.0625,-0.0625,0,0.0625,-0.0625,0.125,-0.125,-0.0625,0.125,0.0625,0.125,0.125,-0.125,0.125,0.125,0.0625,-0.0625,0,0.0625,-0.0625,0,-0.125,0.125,0,0.0625,0.125,0,-0.125,-0.0625,0.125,0.0625,-0.0625,0,0.0625,0.125,0.125,0.0625,0.125,0,0.0625,0.125,0.125,-0.125,0.125,0,-0.125,-0.0625,0.125,-0.125,-0.0625,0,-0.125,0.0625,0.125,0.0625,0.0625,0,0.0625,0.0625,0.125,-0.125,0.0625,0,-0.125,-0.125,0.125,-0.125,-0.125,0,-0.125,-0.125,0.125,0.0625,-0.125,0,0.0625,-0.125,0.125,-0.125,-0.125,0.125,0.0625,0.0625,0.125,-0.125,0.0625,0.125,0.0625,-0.125,0,0.0625,-0.125,0,-0.125,0.0625,0,0.0625,0.0625,0,-0.125,-0.125,0.125,0.0625,-0.125,0,0.0625,0.0625,0.125,0.0625,0.0625,0,0.0625,0.0625,0.125,-0.125,0.0625,0,-0.125,-0.125,0.125,-0.125,-0.125,0,-0.125,-0.0625,0.53125,-0.3125,-0.0625,0.53125,-0.3125,-0.0625,0.3125,-0.3125,-0.28125,0.53125,-0.3125,-0.28125,0.53125,-0.3125,-0.28125,0.3125,-0.3125,-0.0625,0.53125,-0.3125,-0.0625,0.53125,-0.3125,-0.0625,0.3125,-0.3125,-0.28125,0.3125,-0.3125,-0.0625,0.3125,-0.3125,-0.28125,0.3125,-0.3125,-0.28125,0.53125,-0.3125,-0.0625,0.53125,-0.3125,-0.0625,0.3125,-0.3125,0.0625,0.53125,-0.3125,0.0625,0.53125,-0.3125,0.0625,0.3125,-0.3125,0.28125,0.53125,-0.3125,0.28125,0.53125,-0.3125,0.28125,0.3125,-0.3125,0.0625,0.53125,-0.3125,0.28125,0.53125,-0.3125,0.28125,0.3125,-0.3125,0.0625,0.3125,-0.3125,0.0625,0.53125,-0.3125,0.28125,0.53125,-0.3125,0.28125,0.3125,-0.3125,0.0625,0.3125,-0.3125,0.0625,0.09375,0.03125,0.0625,0.03125,0.03125,0.0625,0.09375,-0.03125,0.0625,0.03125,-0.03125,-0.4375,0.09375,-0.03125,-0.4375,0.03125,-0.03125,-0.4375,0.09375,0.03125,-0.4375,0.03125,0.03125,-0.4375,0.09375,-0.03125,-0.4375,0.09375,0.03125,0.0625,0.09375,-0.03125,0.0625,0.09375,0.03125,-0.4375,0.03125,0.03125,-0.4375,0.03125,-0.03125,0.0625,0.03125,0.03125,0.0625,0.03125,-0.03125,-0.4375,0.09375,0.03125,-0.4375,0.03125,0.03125,0.0625,0.09375,0.03125,0.0625,0.03125,0.03125,0.0625,0.09375,-0.03125,0.0625,0.03125,-0.03125,-0.4375,0.09375,-0.03125,-0.4375,0.03125,-0.03125,-0.375,0.03125,0.03125,-0.375,-0.21875,0.03125,-0.375,0.03125,-0.03125,-0.375,-0.21875,-0.03125,-0.4375,0.03125,-0.03125,-0.4375,-0.21875,-0.03125,-0.4375,0.03125,