{"schemaVersion":4,"source":{"uri":"models/projectiles/fireball.glb","sha256":"02b0f924aeec998aa73e3c7d2b1c9e4edaf50076c546984dadc126ea4c93bf9b"},"animationNames":[],"boundingBox":{"min":{"x":-0.2500001186762135,"y":-0.06249999144286278,"z":-0.2250000299010404},"max":{"x":0.2500000054486511,"y":0.4374999914428628,"z":1.031250037748951}},"nodeNames":["cube","cube.001","cube.002","cube.003","cube.004","cube.005","cube.006","long_flame.001","plane.002","plane.003","flames","long_flame","plane","plane.001","flameshorzontal","cube.007","Outer_Flames","fireball","Node_18"],"trimesh":{"vertices":[-0.1874999701976776,-0.1875,-0.21562501788139343,-0.1874999701976776,0.1875,-0.21562501788139343,-0.18749991059303284,0.1875,-0.5906250476837158,-0.18749991059303284,-0.1875,-0.5906250476837158,0.18750008940696716,-0.1875,-0.590624988079071,0.18750008940696716,0.1875,-0.590624988079071,0.1875000298023224,0.1875,-0.21562497317790985,0.1875000298023224,-0.1875,-0.21562497317790985,-0.18749991059303284,0.1875,-0.5906250476837158,-0.1874999701976776,0.1875,-0.21562501788139343,0.1875000298023224,0.1875,-0.21562497317790985,0.18750008940696716,0.1875,-0.590624988079071,-0.1874999701976776,-0.1875,-0.21562501788139343,-0.18749991059303284,-0.1875,-0.5906250476837158,0.18750008940696716,-0.1875,-0.590624988079071,0.1875000298023224,-0.1875,-0.21562497317790985,-0.18749991059303284,-0.1875,-0.5906250476837158,-0.18749991059303284,0.1875,-0.5906250476837158,0.18750008940696716,0.1875,-0.590624988079071,0.18750008940696716,-0.1875,-0.590624988079071,0.1875000298023224,-0.1875,-0.21562497317790985,0.1875000298023224,0.1875,-0.21562497317790985,-0.1874999701976776,0.1875,-0.21562501788139343,-0.1874999701976776,-0.1875,-0.21562501788139343,-0.12499996274709702,0.1875,-0.27812501788139343,-0.12499996274709702,0.21875,-0.27812501788139343,-0.12499992549419403,0.21875,-0.5281250476837158,-0.12499992549419403,0.1875,-0.5281250476837158,0.12500007450580597,0.1875,-0.528124988079071,0.12500007450580597,0.21875,-0.528124988079071,0.12500004470348358,0.21875,-0.27812498807907104,0.12500004470348358,0.1875,-0.27812498807907104,-0.12499992549419403,0.21875,-0.5281250476837158,-0.12499996274709702,0.21875,-0.27812501788139343,0.12500004470348358,0.21875,-0.27812498807907104,0.12500007450580597,0.21875,-0.528124988079071,-0.12499996274709702,0.1875,-0.27812501788139343,-0.12499992549419403,0.1875,-0.5281250476837158,0.12500007450580597,0.1875,-0.528124988079071,0.12500004470348358,0.1875,-0.27812498807907104,-0.12499992549419403,0.1875,-0.5281250476837158,-0.12499992549419403,0.21875,-0.5281250476837158,0.12500007450580597,0.21875,-0.528124988079071,0.12500007450580597,0.1875,-0.528124988079071,0.12500004470348358,0.1875,-0.27812498807907104,0.12500004470348358,0.21875,-0.27812498807907104,-0.12499996274709702,0.21875,-0.27812501788139343,-0.12499996274709702,0.1875,-0.27812501788139343,-0.12499996274709702,-0.21875,-0.27812501788139343,-0.12499996274709702,-0.1875,-0.27812501788139343,-0.12499992549419403,-0.1875,-0.5281250476837158,-0.12499992549419403,-0.21875,-0.5281250476837158,0.12500007450580597,-0.21875,-0.528124988079071,0.12500007450580597,-0.1875,-0.528124988079071,0.12500004470348358,-0.1875,-0.27812498807907104,0.12500004470348358,-0.21875,-0.27812498807907104,-0.12499992549419403,-0.1875,-0.5281250476837158,-0.12499996274709702,-0.1875,-0.27812501788139343,0.12500004470348358,-0.1875,-0.27812498807907104,0.12500007450580597,-0.1875,-0.528124988079071,-0.12499996274709702,-0.21875,-0.27812501788139343,-0.12499992549419403,-0.21875,-0.5281250476837158,0.12500007450580597,-0.21875,-0.528124988079071,0.12500004470348358,-0.21875,-0.27812498807907104,-0.12499992549419403,-0.21875,-0.5281250476837158,-0.12499992549419403,-0.1875,-0.5281250476837158,0.12500007450580597,-0.1875,-0.528124988079071,0.12500007450580597,-0.21875,-0.528124988079071,0.12500004470348358,-0.21875,-0.27812498807907104,0.12500004470348358,-0.1875,-0.27812498807907104,-0.12499996274709702,-0.1875,-0.27812501788139343,-0.12499996274709702,-0.21875,-0.27812501788139343,-0.21874995529651642,-0.15625,-0.27812501788139343,-0.18749995529651642,-0.15625,-0.27812501788139343,-0.18749995529651642,0.15625,-0.27812501788139343,-0.21874995529651642,0.15625,-0.27812501788139343,-0.21874992549419403,0.15625,-0.5281250476837158,-0.18749992549419403,0.15625,-0.5281250476837158,-0.18749992549419403,-0.15625,-0.5281250476837158,-0.21874992549419403,-0.15625,-0.5281250476837158,-0.18749995529651642,0.15625,-0.27812501788139343,-0.18749995529651642,-0.15625,-0.27812501788139343,-0.18749992549419403,-0.15625,-0.5281250476837158,-0.18749992549419403,0.15625,-0.5281250476837158,-0.21874995529651642,-0.15625,-0.27812501788139343,-0.21874995529651642,0.15625,-0.27812501788139343,-0.21874992549419403,0.15625,-0.5281250476837158,-0.21874992549419403,-0.15625,-0.5281250476837158,-0.21874995529651642,0.15625,-0.27812501788139343,-0.18749995529651642,0.15625,-0.27812501788139343,-0.18749992549419403,0.15625,-0.5281250476837158,-0.21874992549419403,0.15625,-0.5281250476837158,-0.21874992549419403,-0.15625,-0.5281250476837158,-0.18749992549419403,-0.15625,-0.5281250476837158,-0.18749995529651642,-0.15625,-0.27812501788139343,-0.21874995529651642,-0.15625,-0.27812501788139343,-0.12499997764825821,0.1562499850988388,-0.18437504768371582,-0.12499997019767761,0.1562499701976776,-0.21562504768371582,-0.12499997019767761,-0.15625,-0.21562495827674866,-0.12499997764825821,-0.15625,-0.18437495827674866,0.1250000298023224,-0.15625,-0.18437491357326508,0.1250000298023224,-0.15625,-0.21562491357326508,0.1250000298023224,0.1562499701976776,-0.21562500298023224,0.1250000298023224,0.1562499850988388,-0.18437500298023224,-0.12499997019767761,-0.15625,-0.21562495827674866,-0.12499997019767761,0.1562499701976776,-0.21562504768371582,0.1250000298023224,0.1562499701976776,-0.21562500298023224,0.1250000298023224,-0.15625,-0.21562491357326508,-0.12499997764825821,0.1562499850988388,-0.18437504768371582,-0.12499997764825821,-0.15625,-0.18437495827674866,0.1250000298023224,-0.15625,-0.18437491357326508,0.1250000298023224,0.1562499850988388,-0.18437500298023224,-0.12499997764825821,-0.15625,-0.18437495827674866,-0.12499997019767761,-0.15625,-0.21562495827674866,0.1250000298023224,-0.15625,-0.21562491357326508,0.1250000298023224,-0.15625,-0.18437491357326508,0.1250000298023224,0.1562499850988388,-0.18437500298023224,0.1250000298023224,0.1562499701976776,-0.21562500298023224,-0.12499997019767761,0.1562499701976776,-0.21562504768371582,-0.12499997764825821,0.1562499850988388,-0.18437504768371582,-0.12499991804361343,0.1562500149011612,-0.5906250476837158,-0.12499991059303284,0.15625,-0.6218750476837158,-0.12499991059303284,-0.1562499701976776,-0.621874988079071,-0.12499991804361343,-0.1562499701976776,-0.590624988079071,0.12500008940696716,-0.1562499701976776,-0.5906249284744263,0.12500008940696716,-0.1562499701976776,-0.6218749284744263,0.12500008940696716,0.15625,-0.6218750476837158,0.12500008940696716,0.1562500149011612,-0.5906250476837158,-0.12499991059303284,-0.1562499701976776,-0.621874988079071,-0.12499991059303284,0.15625,-0.6218750476837158,0.12500008940696716,0.15625,-0.6218750476837158,0.12500008940696716,-0.1562499701976776,-0.6218749284744263,-0.12499991804361343,0.1562500149011612,-0.5906250476837158,-0.12499991804361343,-0.1562499701976776,-0.590624988079071,0.12500008940696716,-0.1562499701976776,-0.5906249284744263,0.12500008940696716,0.1562500149011612,-0.5906250476837158,-0.12499991804361343,-0.1562499701976776,-0.590624988079071,-0.12499991059303284,-0.1562499701976776,-0.621874988079071,0.12500008940696716,-0.1562499701976776,-0.6218749284744263,0.12500008940696716,-0.1562499701976776,-0.5906249284744263,0.12500008940696716,0.1562500149011612,-0.5906250476837158,0.12500008940696716,0.15625,-0.6218750476837158,-0.12499991059303284,0.15625,-0.6218750476837158,-0.12499991804361343,0.1562500149011612,-0.5906250476837158,0.18750004470348358,-0.15625,