{"schemaVersion":4,"source":{"uri":"models/players/hair/hair-0007.gltf","sha256":"4a8c311ba2f84bef3e74c0b102c221b9d853524ab86a938224b5740d1c963d4e"},"animationNames":[],"boundingBox":{"min":{"x":-0.32636616476245206,"y":1.0145044384599862,"z":-0.22203124284744263},"max":{"x":0.32636616476245206,"y":1.556559210905387,"z":0.22203124344348907}},"nodeNames":["hair-0007-geo","hair-0007-extra-geo","hair-0007-extra-geo","hair-0007-extra-geo","hair-extra","head-anchor"],"trimesh":{"vertices":[0.20671874284744263,-0.25571489334106445,-0.20671874284744263,0.20671874284744263,0.157722607254982,-0.20671874284744263,0.20671874284744263,0.157722607254982,0.20671874284744263,0.20671874284744263,-0.25571489334106445,0.20671874284744263,-0.20671875774860382,-0.25571489334106445,0.20671874284744263,-0.20671875774860382,0.157722607254982,0.20671874284744263,-0.20671875774860382,0.157722607254982,-0.20671874284744263,-0.20671875774860382,-0.25571489334106445,-0.20671874284744263,0.20671874284744263,0.157722607254982,0.20671874284744263,0.20671874284744263,0.157722607254982,-0.20671874284744263,-0.20671875774860382,0.157722607254982,-0.20671874284744263,-0.20671875774860382,0.157722607254982,0.20671874284744263,0.20671874284744263,-0.25571489334106445,-0.20671874284744263,0.20671874284744263,-0.25571489334106445,0.20671874284744263,-0.20671875774860382,-0.25571489334106445,0.20671874284744263,-0.20671875774860382,-0.25571489334106445,-0.20671874284744263,0.20671874284744263,-0.25571489334106445,0.20671874284744263,0.20671874284744263,0.157722607254982,0.20671874284744263,-0.20671875774860382,0.157722607254982,0.20671874284744263,-0.20671875774860382,-0.25571489334106445,0.20671874284744263,-0.20671875774860382,-0.25571489334106445,-0.20671874284744263,-0.20671875774860382,0.157722607254982,-0.20671874284744263,0.20671874284744263,0.157722607254982,-0.20671874284744263,0.20671874284744263,-0.25571489334106445,-0.20671874284744263,0.22203125059604645,-0.2710273861885071,-0.22203123569488525,0.22203125059604645,0.17303510010242462,-0.22203123569488525,0.22203125059604645,0.17303510010242462,0.22203123569488525,0.22203125059604645,-0.2710273861885071,0.22203123569488525,-0.22203125059604645,-0.2710273861885071,0.22203123569488525,-0.22203125059604645,0.17303510010242462,0.22203123569488525,-0.22203125059604645,0.17303510010242462,-0.22203123569488525,-0.22203125059604645,-0.2710273861885071,-0.22203123569488525,0.22203125059604645,0.17303510010242462,0.22203123569488525,0.22203125059604645,0.17303510010242462,-0.22203123569488525,-0.22203125059604645,0.17303510010242462,-0.22203123569488525,-0.22203125059604645,0.17303510010242462,0.22203123569488525,0.22203125059604645,-0.2710273861885071,-0.22203123569488525,0.22203125059604645,-0.2710273861885071,0.22203123569488525,-0.22203125059604645,-0.2710273861885071,0.22203123569488525,-0.22203125059604645,-0.2710273861885071,-0.22203123569488525,0.22203125059604645,-0.2710273861885071,0.22203123569488525,0.22203125059604645,0.17303510010242462,0.22203123569488525,-0.22203125059604645,0.17303510010242462,0.22203123569488525,-0.22203125059604645,-0.2710273861885071,0.22203123569488525,-0.22203125059604645,-0.2710273861885071,-0.22203123569488525,-0.22203125059604645,0.17303510010242462,-0.22203123569488525,0.22203125059604645,0.17303510010242462,-0.22203123569488525,0.22203125059604645,-0.2710273861885071,-0.22203123569488525,-0.21809042990207672,0.2710273861885071,0.10718750208616257,-0.10981471091508865,0.16275165975093842,0.10718750208616257,-0.21809042990207672,0.2710273861885071,-0.10718750208616257,-0.10981471091508865,0.16275165975093842,-0.10718750208616257,-0.3263661563396454,0.16275165975093842,-0.10718750208616257,-0.21809042990207672,0.054475925862789154,-0.10718750208616257,-0.3263661563396454,0.16275165975093842,0.10718750208616257,-0.21809042990207672,0.054475925862789154,0.10718750208616257,-0.3263661563396454,0.16275165975093842,-0.10718750208616257,-0.3263661563396454,0.16275165975093842,0.10718750208616257,-0.21809042990207672,0.2710273861885071,-0.10718750208616257,-0.21809042990207672,0.2710273861885071,0.10718750208616257,-0.21809042990207672,0.054475925862789154,0.10718750208616257,-0.21809042990207672,0.054475925862789154,-0.10718750208616257,-0.10981471091508865,0.16275165975093842,0.10718750208616257,-0.10981471091508865,0.16275165975093842,-0.10718750208616257,-0.3263661563396454,0.16275165975093842,0.10718750208616257,-0.21809042990207672,0.054475925862789154,0.10718750208616257,-0.21809042990207672,0.2710273861885071,0.10718750208616257,-0.10981471091508865,0.16275165975093842,0.10718750208616257,-0.21809042990207672,0.2710273861885071,-0.10718750208616257,-0.10981471091508865,0.16275165975093842,-0.10718750208616257,-0.3263661563396454,0.16275165975093842,-0.10718750208616257,-0.21809042990207672,0.054475925862789154,-0.10718750208616257,0.3263661563396454,0.16275165975093842,0.10718750208616257,0.21809042990207672,0.054475925862789154,0.10718750208616257,0.3263661563396454,0.16275165975093842,-0.10718750208616257,0.21809042990207672,0.054475925862789154,-0.10718750208616257,0.21809042990207672,0.2710273861885071,-0.10718750208616257,0.10981471091508865,0.16275165975093842,-0.10718750208616257,0.21809042990207672,0.2710273861885071,0.10718750208616257,0.10981471091508865,0.16275165975093842,0.10718750208616257,0.21809042990207672,0.2710273861885071,-0.10718750208616257,0.21809042990207672,0.2710273861885071,0.10718750208616257,0.3263661563396454,0.16275165975093842,-0.10718750208616257,0.3263661563396454,0.16275165975093842,0.10718750208616257,0.10981471091508865,0.16275165975093842,0.10718750208616257,0.10981471091508865,0.16275165975093842,-0.10718750208616257,0.21809042990207672,0.054475925862789154,0.10718750208616257,0.21809042990207672,0.054475925862789154,-0.10718750208616257,0.21809042990207672,0.2710273861885071,0.10718750208616257,0.10981471091508865,0.16275165975093842,0.10718750208616257,0.3263661563396454,0.16275165975093842,0.10718750208616257,0.21809042990207672,0.054475925862789154,0.10718750208616257,0.3263661563396454,0.16275165975093842,-0.10718750208616257,0.21809042990207672,0.054475925862789154,-0.10718750208616257,0.21809042990207672,0.2710273861885071,-0.10718750208616257,0.10981471091508865,0.16275165975093842,-0.10718750208616257],"indices":[0,1,2,0,2,3,4,5,6,4,6,7,8,9,10,8,10,11,12,13,14,12,14,15,16,17,18,16,18,19,20,21,22,20,22,23,24,25,26,24,26,27,28,29,30,28,30,31,32,33,34,32,34,35,36,37,38,36,38,39,40,41,42,40,42,43,44,45,46,44,46,47,48,49,50,49,51,50,52,53,54,53,55,54,56,57,58,57,59,58,60,61,62,61,63,62,64,65,66,65,67,66,68,69,70,69,71,70,72,73,74,73,75,74,76,77,78,77,79,78,80,81,82,81,83,82,84,85,86,85,87,86,88,89,90,89,91,90,92,93,94,93,95,94]},"optimizedModelData":{"":{"meshCount":1},"-named-nodes":{"meshCount":4},"-no-animations":{"meshCount":1}}}