{"schemaVersion":4,"source":{"uri":"models/pets/epic/penguin.gltf","sha256":"81578203147010a71e04964fb718f58e42c531b2ba27d316405c84023b219295"},"animationNames":["idle"],"boundingBox":{"min":{"x":-0.375,"y":0,"z":-0.4375},"max":{"x":0.375,"y":0.75,"z":0.5313707420506284}},"nodeNames":["cube","cube","cube","tail","cube","left_leg","cube","right_leg","cube","left_eye","cube","right_eye","cube","left_arm","cube","right_arm","head","cube-pet"],"trimesh":{"vertices":[0.3125,0.625,0.3125,0.3125,0,0.3125,0.3125,0.625,-0.3125,0.3125,0,-0.3125,-0.3125,0.625,-0.3125,-0.3125,0,-0.3125,-0.3125,0.625,0.3125,-0.3125,0,0.3125,-0.3125,0.625,-0.3125,-0.3125,0.625,0.3125,0.3125,0.625,-0.3125,0.3125,0.625,0.3125,-0.3125,0,0.3125,-0.3125,0,-0.3125,0.3125,0,0.3125,0.3125,0,-0.3125,-0.3125,0.625,0.3125,-0.3125,0,0.3125,0.3125,0.625,0.3125,0.3125,0,0.3125,0.3125,0.625,-0.3125,0.3125,0,-0.3125,-0.3125,0.625,-0.3125,-0.3125,0,-0.3125,0.125,0.34375,-0.3125,0.125,0.21875,-0.3125,0.125,0.34375,-0.4375,0.125,0.21875,-0.4375,-0.125,0.34375,-0.4375,-0.125,0.21875,-0.4375,-0.125,0.34375,-0.3125,-0.125,0.21875,-0.3125,-0.125,0.34375,-0.4375,-0.125,0.34375,-0.3125,0.125,0.34375,-0.4375,0.125,0.34375,-0.3125,-0.125,0.21875,-0.3125,-0.125,0.21875,-0.4375,0.125,0.21875,-0.3125,0.125,0.21875,-0.4375,-0.125,0.34375,-0.3125,-0.125,0.21875,-0.3125,0.125,0.34375,-0.3125,0.125,0.21875,-0.3125,0.125,0.34375,-0.4375,0.125,0.21875,-0.4375,-0.125,0.34375,-0.4375,-0.125,0.21875,-0.4375,0.21875,0.40625,0.0625,0.21875,0.21875,0.0625,0.21875,0.40625,-0.1875,0.21875,0.21875,-0.1875,-0.21875,0.40625,-0.1875,-0.21875,0.21875,-0.1875,-0.21875,0.40625,0.0625,-0.21875,0.21875,0.0625,-0.21875,0.40625,-0.1875,-0.21875,0.40625,0.0625,0.21875,0.40625,-0.1875,0.21875,0.40625,0.0625,-0.21875,0.21875,0.0625,-0.21875,0.21875,-0.1875,0.21875,0.21875,0.0625,0.21875,0.21875,-0.1875,-0.21875,0.40625,0.0625,-0.21875,0.21875,0.0625,0.21875,0.40625,0.0625,0.21875,0.21875,0.0625,0.21875,0.40625,-0.1875,0.21875,0.21875,-0.1875,-0.21875,0.40625,-0.1875,-0.21875,0.21875,-0.1875,0.125,0.125,0.0625,0.125,0,0.0625,0.125,0.125,-0.125,0.125,0,-0.125,-0.0625,0.125,-0.125,-0.0625,0,-0.125,-0.0625,0.125,0.0625,-0.0625,0,0.0625,-0.0625,0.125,-0.125,-0.0625,0.125,0.0625,0.125,0.125,-0.125,0.125,0.125,0.0625,-0.0625,0,0.0625,-0.0625,0,-0.125,0.125,0,0.0625,0.125,0,-0.125,-0.0625,0.125,0.0625,-0.0625,0,0.0625,0.125,0.125,0.0625,0.125,0,0.0625,0.125,0.125,-0.125,0.125,0,-0.125,-0.0625,0.125,-0.125,-0.0625,0,-0.125,0.0625,0.125,0.0625,0.0625,0,0.0625,0.0625,0.125,-0.125,0.0625,0,-0.125,-0.125,0.125,-0.125,-0.125,0,-0.125,-0.125,0.125,0.0625,-0.125,0,0.0625,-0.125,0.125,-0.125,-0.125,0.125,0.0625,0.0625,0.125,-0.125,0.0625,0.125,0.0625,-0.125,0,0.0625,-0.125,0,-0.125,0.0625,0,0.0625,0.0625,0,-0.125,-0.125,0.125,0.0625,-0.125,0,0.0625,0.0625,0.125,0.0625,0.0625,0,0.0625,0.0625,0.125,-0.125,0.0625,0,-0.125,-0.125,0.125,-0.125,-0.125,0,-0.125,-0.0625,0.53125,-0.3125,-0.0625,0.53125,-0.3125,-0.0625,0.3125,-0.3125,-0.28125,0.53125,-0.3125,-0.28125,0.53125,-0.3125,-0.28125,0.3125,-0.3125,-0.0625,0.53125,-0.3125,-0.0625,0.53125,-0.3125,-0.0625,0.3125,-0.3125,-0.28125,0.3125,-0.3125,-0.0625,0.3125,-0.3125,-0.28125,0.3125,-0.3125,-0.28125,0.53125,-0.3125,-0.0625,0.53125,-0.3125,-0.0625,0.3125,-0.3125,0.0625,0.53125,-0.3125,0.0625,0.53125,-0.3125,0.0625,0.3125,-0.3125,0.28125,0.53125,-0.3125,0.28125,0.53125,-0.3125,0.28125,0.3125,-0.3125,0.0625,0.53125,-0.3125,0.28125,0.53125,-0.3125,0.28125,0.3125,-0.3125,0.0625,0.3125,-0.3125,0.0625,0.53125,-0.3125,0.28125,0.53125,-0.3125,0.28125,0.3125,-0.3125,0.0625,0.3125,-0.3125,0.0625,0.1875,0.125,0.0625,-0.125,0.125,0.0625,0.1875,-0.125,0.0625,-0.125,-0.125,0,0.1875,-0.125,0,-0.125,-0.125,0,0.1875,0.125,0,-0.125,0.125,0,0.1875,-0.125,0,0.1875,0.125,0.0625,0.1875,-0.125,0.0625,0.1875,0.125,0,-0.125,0.125,0,-0.125,-0.125,0.0625,-0.125,0.125,0.0625,-0.125,-0.125,0,0.1875,0.125,0,-0.125,0.125,0.0625,0.1875,0.125,0.0625,-0.125,0.125,0.0625,0.1875,-0.125,0.0625,-0.125,-0.125,0,0.1875,-0.125,0,-0.125,-0.125,0,0.1875,0.125,0,-0.125,0.125,0,0.1875,-0.125,0,-0.125,-0.125,-0.0625,0.1875,-0.125,-0.0625,-0.125,-0.125,-0.0625,0.1875,0.125,-0.0625,-0.125,0.125,-0.0625,0.1875,-0.125,-0.0625,0.1875,0.125,0,0.1875,-0.125,0,0.1875,0.125,-0.0625,-0.125,0.125,-0.0625,-0.125,-0.125,0,-0.125,0.125,0,-0.125,-0.125,-0.0625,0.1875,0.125,-0.0625,-0.125,0.125,0,0.1875,0.125,0,-0.125,0.125,0,0.1875,-0.125,0,-0.125,-0.125,-0.0625,0.1875,-0.125,-0.0625,-0.125,-0.125],"indices":[0,1,2,1,3,2,4,5,6,5,7,6,8,9,10,9,11,10,12,13,14,13,15,14,16,17,18,17,19,18,20,21,22,21,23,22,24,25,26,25,27,26,28,29,30,29,31,30,32,33,34,33,35,34,36,37,38,37,39,38,40,41,42,41,43,42,44,45,46,45,47,46,48,49,50,49,51,50,52,53,54,53,55,54,56,57,58,57,59,58,60,61,62,61,63,62,64,65,66,65,67,66,68,69,70,69,71,70,72,73,74,73,75,74,76,77,78,77,79,78,80,81,82,81,83,82,84,85,86,85,87,86,88,89,90,89,91,90,92,93,94,93,95,94,96,97,98,97,99,98,100,101,102,101,103,102,104,105,106,105,107,106,108,109,110,109,111,110,112,113,114,113,115,114,116,117,118,117,119,118,120,121,122,120,122,122,123,124,125,123,125,125,126,123,127,126,127,123,128,129,130,128,130,129,131,132,133,131,133,134,135,136,137,135,137,137,138,139,140,138,140,140,138,141,141,138,141,142,143,144,144,143,144,140,145,146,147,145,147,148,149,150,151,150,152,151,153,154,155,154,156,155,157,158,159,158,160,159,161,162,163,162,164,163,165,166,167,166,168,167,169,170,171,170,172,171,173,174,175,174,176,175,177,178,179,178,180,179,181,182,183,182,184,183,185,186,187,186,188,187,189,190,191,190,192,191,193,194,195,194,196,195]},"optimizedModelData":{"":{"meshCount":8},"-named-nodes":{"meshCount":9},"-no-animations":{"meshCount":1}}}