{"schemaVersion":4,"source":{"uri":"models/pets/epic/pufferfish.gltf","sha256":"0eeca5dcf6bebd48974ee86823561cf1589122b7b6becf01eb4fdb9f61401ea4"},"animationNames":["idle"],"boundingBox":{"min":{"x":-0.5625,"y":-0.0625,"z":-0.3140625},"max":{"x":0.5625,"y":0.6875,"z":0.6521114703367619}},"nodeNames":["cube","cube","cube","cube","cube","cube","tail","cube","left_eye","cube","right_eye","head","cube","left_arm","cube","right_arm","cube-pet"],"trimesh":{"vertices":[0.3125,0.625,0.3125,0.3125,0,0.3125,0.3125,0.625,-0.3125,0.3125,0,-0.3125,-0.3125,0.625,-0.3125,-0.3125,0,-0.3125,-0.3125,0.625,0.3125,-0.3125,0,0.3125,-0.3125,0.625,-0.3125,-0.3125,0.625,0.3125,0.3125,0.625,-0.3125,0.3125,0.625,0.3125,-0.3125,0,0.3125,-0.3125,0,-0.3125,0.3125,0,0.3125,0.3125,0,-0.3125,-0.3125,0.625,0.3125,-0.3125,0,0.3125,0.3125,0.625,0.3125,0.3125,0,0.3125,0.3125,0.625,-0.3125,0.3125,0,-0.3125,-0.3125,0.625,-0.3125,-0.3125,0,-0.3125,0.375,0.6875,-0.25,0.375,0.6875,-0.25,0.375,-0.0625,-0.25,-0.375,0.6875,-0.25,-0.375,0.6875,-0.25,-0.375,-0.0625,-0.25,0.375,0.6875,-0.25,-0.375,0.6875,-0.25,0.375,0.6875,-0.25,0.375,-0.0625,-0.25,-0.375,-0.0625,-0.25,0.375,-0.0625,-0.25,-0.375,-0.0625,-0.25,-0.375,0.6875,-0.25,0.375,0.6875,-0.25,0.375,-0.0625,-0.25,-0.375,0.6875,0.25,-0.375,0.6875,0.25,-0.375,-0.0625,0.25,0.375,0.6875,0.25,0.375,0.6875,0.25,0.375,-0.0625,0.25,-0.375,0.6875,0.25,0.375,0.6875,0.25,-0.375,0.6875,0.25,-0.375,-0.0625,0.25,0.375,-0.0625,0.25,-0.375,-0.0625,0.25,0.375,-0.0625,0.25,0.375,0.6875,0.25,-0.375,0.6875,0.25,-0.375,-0.0625,0.25,0.375,0.6875,0.09375,0.375,0.6875,0.09375,0.375,-0.0625,0.09375,-0.375,0.6875,0.09375,-0.375,0.6875,0.09375,-0.375,-0.0625,0.09375,-0.375,0.6875,0.09375,0.375,0.6875,0.09375,-0.375,0.6875,0.09375,-0.375,-0.0625,0.09375,0.375,-0.0625,0.09375,-0.375,-0.0625,0.09375,0.375,0.6875,0.09375,-0.375,0.6875,0.09375,-0.375,-0.0625,0.09375,0.375,-0.0625,0.09375,-0.375,0.6875,-0.09375,-0.375,0.6875,-0.09375,-0.375,-0.0625,-0.09375,0.375,0.6875,-0.09375,0.375,0.6875,-0.09375,0.375,-0.0625,-0.09375,0.375,0.6875,-0.09375,-0.375,0.6875,-0.09375,0.375,0.6875,-0.09375,0.375,-0.0625,-0.09375,-0.375,-0.0625,-0.09375,0.375,-0.0625,-0.09375,-0.375,0.6875,-0.09375,0.375,0.6875,-0.09375,0.375,-0.0625,-0.09375,-0.375,-0.0625,-0.09375,0.09375,0.53125,0.1875,0.09375,0.21875,0.1875,0.09375,0.53125,-0.1875,0.09375,0.21875,-0.1875,-0.09375,0.53125,-0.1875,-0.09375,0.21875,-0.1875,-0.09375,0.53125,0.1875,-0.09375,0.21875,0.1875,-0.09375,0.53125,-0.1875,-0.09375,0.53125,0.1875,0.09375,0.53125,-0.1875,0.09375,0.53125,0.1875,-0.09375,0.21875,0.1875,-0.09375,0.21875,-0.1875,0.09375,0.21875,0.1875,0.09375,0.21875,-0.1875,-0.09375,0.53125,0.1875,-0.09375,0.21875,0.1875,0.09375,0.53125,0.1875,0.09375,0.21875,0.1875,0.09375,0.53125,-0.1875,0.09375,0.21875,-0.1875,-0.09375,0.53125,-0.1875,-0.09375,0.21875,-0.1875,-0.0625,0.53125,-0.3125,-0.0625,0.53125,-0.3125,-0.0625,0.3125,-0.3125,-0.28125,0.53125,-0.3125,-0.28125,0.53125,-0.3125,-0.28125,0.3125,-0.3125,-0.0625,0.53125,-0.3125,-0.0625,0.53125,-0.3125,-0.0625,0.3125,-0.3125,-0.28125,0.3125,-0.3125,-0.0625,0.3125,-0.3125,-0.28125,0.3125,-0.3125,-0.28125,0.53125,-0.3125,-0.0625,0.53125,-0.3125,-0.0625,0.3125,-0.3125,0.0625,0.53125,-0.3125,0.0625,0.53125,-0.3125,0.0625,0.3125,-0.3125,0.28125,0.53125,-0.3125,0.28125,0.53125,-0.3125,0.28125,0.3125,-0.3125,0.0625,0.53125,-0.3125,0.28125,0.53125,-0.3125,0.28125,0.3125,-0.3125,0.0625,0.3125,-0.3125,0.0625,0.53125,-0.3125,0.28125,0.53125,-0.3125,0.28125,0.3125,-0.3125,0.0625,0.3125,-0.3125,0,0.03125,0.125,0,-0.03125,0.125,0,0.03125,-0.125,0,-0.03125,-0.125,-0.25,0.03125,-0.125,-0.25,-0.03125,-0.125,-0.25,0.03125,0.125,-0.25,-0.03125,0.125,-0.25,0.03125,-0.125,-0.25,0.03125,0.125,0,0.03125,-0.125,0,0.03125,0.125,-0.25,-0.03125,0.125,-0.25,-0.03125,-0.125,0,-0.03125,0.125,0,-0.03125,-0.125,-0.25,0.03125,0.125,-0.25,-0.03125,0.125,0,0.03125,0.125,0,-0.03125,0.125,0,0.03125,-0.125,0,-0.03125,-0.125,-0.25,0.03125,-0.125,-0.25,-0.03125,-0.125,0.25,0.03125,0.125,0.25,-0.03125,0.125,0.25,0.03125,-0.125,0.25,-0.03125,-0.125,0,0.03125,-0.125,0,-0.03125,-0.125,0,0.03125,0.125,0,-0.03125,0.125,0,0.03125,-0.125,0,0.03125,0.125,0.25,0.03125,-0.125,0.25,0.03125,0.125,0,-0.03125,0.125,0,-0.03125,-0.125,0.25,-0.03125,0.125,0.25,-0.03125,-0.125,0,0.03125,0.125,0,-0.03125,0.125,0.25,0.03125,0.125,0.25,-0.03125,0.125,0.25,0.03125,-0.125,0.25,-0.03125,-0.125,0,0.03125,-0.125,0,-0.03125,-0.125],"indices":[0,1,2,1,3,2,4,5,6,5,7,6,8,9,10,9,11,10,12,13,14,13,15,14,16,17,18,17,19,18,20,21,22,21,23,22,24,25,26,24,26,26,27,28,29,27,29,29,30,31,32,30,32,31,33,34,35,33,35,34,36,37,38,36,38,39,40,41,42,40,42,42,43,44,45,43,45,45,46,47,48,46,48,47,49,50,51,49,51,50,52,53,54,52,54,55,56,57,58,56,58,58,59,60,61,59,61,61,62,63,63,62,63,64,65,66,66,65,66,67,68,69,70,68,70,71,72,73,74,72,74,74,75,76,77,75,77,77,78,79,79,78,79,80,81,82,82,81,82,83,84,85,86,84,86,87,88,89,90,89,91,90,92,93,94,93,95,94,96,97,98,97,99,98,100,101,102,101,103,102,104,105,106,105,107,106,108,109,110,109,111,110,112,113,114,112,114,114,115,116,117,115,117,117,118,115,119,118,119,115,120,121,122,120,122,121,123,124,125,123,125,126,127,128,129,127,129,129,130,131,132,130,132,132,130,133,133,130,133,134,135,136,136,135,136,132,137,138,139,137,139,140,141,142,143,142,144,143,145,146,147,146,148,147,149,150,151,150,152,151,153,154,155,154,156,155,157,158,159,158,160,159,161,162,163,162,164,163,165,166,167,166,168,167,169,170,171,170,172,171,173,174,175,174,176,175,177,178,179,178,180,179,181,182,183,182,184,183,185,186,187,186,188,187]},"optimizedModelData":{"":{"meshCount":6},"-named-nodes":{"meshCount":10},"-no-animations":{"meshCount":1}}}