{"schemaVersion":4,"source":{"uri":"models/environment/flag-1.gltf","sha256":"b37787201324029a34f6347b645773f0eabb9cdd1591c048e7776e7cb3d5a2a7"},"animationNames":[],"boundingBox":{"min":{"x":0,"y":-0.5,"z":0.4375},"max":{"x":1,"y":2,"z":0.53125}},"nodeNames":["cube","cube","cube","group","group",""],"trimesh":{"vertices":[0.03125,1.25,0.046875,0.03125,-1.25,0.046875,0.03125,1.25,-0.015625,0.03125,-1.25,-0.015625,-0.03125,1.25,-0.015625,-0.03125,-1.25,-0.015625,-0.03125,1.25,0.046875,-0.03125,-1.25,0.046875,-0.03125,1.25,-0.015625,-0.03125,1.25,0.046875,0.03125,1.25,-0.015625,0.03125,1.25,0.046875,-0.03125,-1.25,0.046875,-0.03125,-1.25,-0.015625,0.03125,-1.25,0.046875,0.03125,-1.25,-0.015625,-0.03125,1.25,0.046875,-0.03125,-1.25,0.046875,0.03125,1.25,0.046875,0.03125,-1.25,0.046875,0.03125,1.25,-0.015625,0.03125,-1.25,-0.015625,-0.03125,1.25,-0.015625,-0.03125,-1.25,-0.015625,0.5,1.1875,0.015625,0.5,1.125,0.015625,0.5,1.1875,-0.046875,0.5,1.125,-0.046875,-0.5,1.1875,-0.046875,-0.5,1.125,-0.046875,-0.5,1.1875,0.015625,-0.5,1.125,0.015625,-0.5,1.1875,-0.046875,-0.5,1.1875,0.015625,0.5,1.1875,-0.046875,0.5,1.1875,0.015625,-0.5,1.125,0.015625,-0.5,1.125,-0.046875,0.5,1.125,0.015625,0.5,1.125,-0.046875,-0.5,1.1875,0.015625,-0.5,1.125,0.015625,0.5,1.1875,0.015625,0.5,1.125,0.015625,0.5,1.1875,-0.046875,0.5,1.125,-0.046875,-0.5,1.1875,-0.046875,-0.5,1.125,-0.046875,0.4375,1.125,-0.031187497079372406,0.4375,-0.3125,-0.031187497079372406,0.4375,1.125,-0.03125,0.4375,-0.3125,-0.03125,-0.4375,1.125,-0.03125,-0.4375,-0.3125,-0.03125,-0.4375,1.125,-0.031187497079372406,-0.4375,-0.3125,-0.031187497079372406,-0.4375,1.125,-0.03125,-0.4375,1.125,-0.031187497079372406,0.4375,1.125,-0.03125,0.4375,1.125,-0.031187497079372406,-0.4375,-0.3125,-0.031187497079372406,-0.4375,-0.3125,-0.03125,0.4375,-0.3125,-0.031187497079372406,0.4375,-0.3125,-0.03125,-0.4375,1.125,-0.031187497079372406,-0.4375,-0.3125,-0.031187497079372406,0.4375,1.125,-0.031187497079372406,0.4375,-0.3125,-0.031187497079372406,0.4375,1.125,-0.03125,0.4375,-0.3125,-0.03125,-0.4375,1.125,-0.03125,-0.4375,-0.3125,-0.03125],"indices":[0,1,2,1,3,2,4,5,6,5,7,6,8,9,10,9,11,10,12,13,14,13,15,14,16,17,18,17,19,18,20,21,22,21,23,22,24,25,26,25,27,26,28,29,30,29,31,30,32,33,34,33,35,34,36,37,38,37,39,38,40,41,42,41,43,42,44,45,46,45,47,46,48,49,50,49,51,50,52,53,54,53,55,54,56,57,58,57,59,58,60,61,62,61,63,62,64,65,66,65,67,66,68,69,70,69,71,70]},"optimizedModelData":{"":{"meshCount":1},"-named-nodes":{"meshCount":3},"-no-animations":{"meshCount":1}}}