{"schemaVersion":4,"source":{"uri":"models/environment/wood-barrier.gltf","sha256":"cfca5780c8a1ee303276534a7475b65911ee5cc14fc3778a539593d4d8e85fab"},"animationNames":[],"boundingBox":{"min":{"x":-0.65625,"y":0,"z":0.4375},"max":{"x":1.65625,"y":1.1470862892134468,"z":0.5625}},"nodeNames":["cube","cube","cube","cube","cube",""],"trimesh":{"vertices":[1.15625,-0.32354313135147095,0,1.15625,-0.573543131351471,0,1.15625,-0.32354313135147095,-0.0625,1.15625,-0.573543131351471,-0.0625,-0.96875,-0.32354313135147095,-0.0625,-0.96875,-0.573543131351471,-0.0625,-0.96875,-0.32354313135147095,0,-0.96875,-0.573543131351471,0,-0.96875,-0.32354313135147095,-0.0625,-0.96875,-0.32354313135147095,0,1.15625,-0.32354313135147095,-0.0625,1.15625,-0.32354313135147095,0,-0.96875,-0.573543131351471,0,-0.96875,-0.573543131351471,-0.0625,1.15625,-0.573543131351471,0,1.15625,-0.573543131351471,-0.0625,-0.96875,-0.32354313135147095,0,-0.96875,-0.573543131351471,0,1.15625,-0.32354313135147095,0,1.15625,-0.573543131351471,0,1.15625,-0.32354313135147095,-0.0625,1.15625,-0.573543131351471,-0.0625,-0.96875,-0.32354313135147095,-0.0625,-0.96875,-0.573543131351471,-0.0625,0.96875,-0.011043144389986992,0,0.96875,-0.26104313135147095,0,0.96875,-0.011043144389986992,-0.0625,0.96875,-0.26104313135147095,-0.0625,-1.15625,-0.011043144389986992,-0.0625,-1.15625,-0.26104313135147095,-0.0625,-1.15625,-0.011043144389986992,0,-1.15625,-0.26104313135147095,0,-1.15625,-0.011043144389986992,-0.0625,-1.15625,-0.011043144389986992,0,0.96875,-0.011043144389986992,-0.0625,0.96875,-0.011043144389986992,0,-1.15625,-0.26104313135147095,0,-1.15625,-0.26104313135147095,-0.0625,0.96875,-0.26104313135147095,0,0.96875,-0.26104313135147095,-0.0625,-1.15625,-0.011043144389986992,0,-1.15625,-0.26104313135147095,0,0.96875,-0.011043144389986992,0,0.96875,-0.26104313135147095,0,0.96875,-0.011043144389986992,-0.0625,0.96875,-0.26104313135147095,-0.0625,-1.15625,-0.011043144389986992,-0.0625,-1.15625,-0.26104313135147095,-0.0625,0.9982077479362488,-0.30215930938720703,0.03125,0.902536928653717,-0.5331292152404785,0.03125,0.9982077479362488,-0.30215930938720703,-0.03125,0.902536928653717,-0.5331292152404785,-0.03125,-0.9650362133979797,0.5110429525375366,-0.03125,-1.0607070922851562,0.2800730764865875,-0.03125,-0.9650362133979797,0.5110429525375366,0.03125,-1.0607070922851562,0.2800730764865875,0.03125,-0.9650362133979797,0.5110429525375366,-0.03125,-0.9650362133979797,0.5110429525375366,0.03125,0.9982077479362488,-0.30215930938720703,-0.03125,0.9982077479362488,-0.30215930938720703,0.03125,-1.0607070922851562,0.2800730764865875,0.03125,-1.0607070922851562,0.2800730764865875,-0.03125,0.902536928653717,-0.5331292152404785,0.03125,0.902536928653717,-0.5331292152404785,-0.03125,-0.9650362133979797,0.5110429525375366,0.03125,-1.0607070922851562,0.2800730764865875,0.03125,0.9982077479362488,-0.30215930938720703,0.03125,0.902536928653717,-0.5331292152404785,0.03125,0.9982077479362488,-0.30215930938720703,-0.03125,0.902536928653717,-0.5331292152404785,-0.03125,-0.9650362133979797,0.5110429525375366,-0.03125,-1.0607070922851562,0.2800730764865875,-0.03125,0.9650365710258484,0.573543131351471,0.0625,1.060707449913025,0.34257328510284424,0.0625,0.9650365710258484,0.573543131351471,0,1.060707449913025,0.34257328510284424,0,-0.9982074499130249,-0.2396591454744339,0,-0.9025365710258484,-0.4706290364265442,0,-0.9982074499130249,-0.2396591454744339,0.0625,-0.9025365710258484,-0.4706290364265442,0.0625,-0.9982074499130249,-0.2396591454744339,0,-0.9982074499130249,-0.2396591454744339,0.0625,0.9650365710258484,0.573543131351471,0,0.9650365710258484,0.573543131351471,0.0625,-0.9025365710258484,-0.4706290364265442,0.0625,-0.9025365710258484,-0.4706290364265442,0,1.060707449913025,0.34257328510284424,0.0625,1.060707449913025,0.34257328510284424,0,-0.9982074499130249,-0.2396591454744339,0.0625,-0.9025365710258484,-0.4706290364265442,0.0625,0.9650365710258484,0.573543131351471,0.0625,1.060707449913025,0.34257328510284424,0.0625,0.9650365710258484,0.573543131351471,0,1.060707449913025,0.34257328510284424,0,-0.9982074499130249,-0.2396591454744339,0,-0.9025365710258484,-0.4706290364265442,0,1.03125,0.36395686864852905,0,1.03125,0.11395685374736786,0,1.03125,0.36395686864852905,-0.0625,1.03125,0.11395685374736786,-0.0625,-1.09375,0.36395686864852905,-0.0625,-1.09375,0.11395685374736786,-0.0625,-1.09375,0.36395686864852905,0,-1.09375,0.11395685374736786,0,-1.09375,0.36395686864852905,-0.0625,-1.09375,0.36395686864852905,0,1.03125,0.36395686864852905,-0.0625,1.03125,0.36395686864852905,0,-1.09375,0.11395685374736786,0,-1.09375,0.11395685374736786,-0.0625,1.03125,0.11395685374736786,0,1.03125,0.11395685374736786,-0.0625,-1.09375,0.36395686864852905,0,-1.09375,0.11395685374736786,0,1.03125,0.36395686864852905,0,1.03125,0.11395685374736786,0,1.03125,0.36395686864852905,-0.0625,1.03125,0.11395685374736786,-0.0625,-1.09375,0.36395686864852905,-0.0625,-1.09375,0.11395685374736786,-0.0625],"indices":[0,1,2,1,3,2,4,5,6,5,7,6,8,9,10,9,11,10,12,13,14,13,15,14,16,17,18,17,19,18,20,21,22,21,23,22,24,25,26,25,27,26,28,29,30,29,31,30,32,33,34,33,35,34,36,37,38,37,39,38,40,41,42,41,43,42,44,45,46,45,47,46,48,49,50,49,51,50,52,53,54,53,55,54,56,57,58,57,59,58,60,61,62,61,63,62,64,65,66,65,67,66,68,69,70,69,71,70,72,73,74,73,75,74,76,77,78,77,79,78,80,81,82,81,83,82,84,85,86,85,87,86,88,89,90,89,91,90,92,93,94,93,95,94,96,97,98,97,99,98,100,101,102,101,103,102,104,105,106,105,107,106,108,109,110,109,111,110,112,113,114,113,115,114,116,117,118,117,119,118]},"optimizedModelData":{"":{"meshCount":1},"-named-nodes":{"meshCount":5},"-no-animations":{"meshCount":1}}}