{"schemaVersion":4,"source":{"uri":"models/bullet.gltf","sha256":"97b8b3245bd1df786c64bc114b1cb3947d9572c5ceb1597d18d94ea5f8323dab"},"animationNames":[],"boundingBox":{"min":{"x":-0.2812500000000001,"y":-0.09375000000000017,"z":-0.7812500000000001},"max":{"x":0.2812500000000001,"y":0.46875000000000017,"z":0.7812500000000001}},"nodeNames":["beveled_cuboid","plane","plane","plane",""],"trimesh":{"vertices":[0.0625,0.03125,0.4453125,0.0625,-0.03125,0.4453125,0.0625,-0.03125,-0.4453125,0.0625,0.03125,-0.4453125,-0.0625,-0.03125,-0.4453125,-0.0625,-0.03125,0.4453125,-0.0625,0.03125,0.4453125,-0.0625,0.03125,-0.4453125,0.03125,-0.03125,0.53125,0.03125,0.03125,0.53125,-0.03125,0.03125,0.53125,-0.03125,-0.03125,0.53125,-0.03125,0.03125,-0.53125,0.03125,0.03125,-0.53125,0.03125,-0.03125,-0.53125,-0.03125,-0.03125,-0.53125,0.03125,-0.0625,-0.4453125,0.03125,-0.0625,0.4453125,-0.03125,-0.0625,0.4453125,-0.03125,-0.0625,-0.4453125,-0.03125,0.0625,0.4453125,0.03125,0.0625,0.4453125,0.03125,0.0625,-0.4453125,-0.03125,0.0625,-0.4453125,0.03125,0.03125,0.53125,0.03125,-0.03125,0.53125,0.0625,-0.03125,0.4453125,0.0625,0.03125,0.4453125,-0.0625,-0.03125,0.4453125,-0.03125,-0.03125,0.53125,-0.03125,0.03125,0.53125,-0.0625,0.03125,0.4453125,0.03125,-0.0625,0.4453125,0.03125,-0.03125,0.53125,-0.03125,-0.03125,0.53125,-0.03125,-0.0625,0.4453125,-0.03125,0.03125,0.53125,0.03125,0.03125,0.53125,0.03125,0.0625,0.4453125,-0.03125,0.0625,0.4453125,0.0625,-0.03125,-0.4453125,0.03125,-0.03125,-0.53125,0.03125,0.03125,-0.53125,0.0625,0.03125,-0.4453125,-0.03125,0.03125,-0.53125,-0.03125,-0.03125,-0.53125,-0.0625,-0.03125,-0.4453125,-0.0625,0.03125,-0.4453125,-0.03125,-0.03125,-0.53125,0.03125,-0.03125,-0.53125,0.03125,-0.0625,-0.4453125,-0.03125,-0.0625,-0.4453125,0.03125,0.0625,-0.4453125,0.03125,0.03125,-0.53125,-0.03125,0.03125,-0.53125,-0.03125,0.0625,-0.4453125,0.0625,0.03125,-0.4453125,0.03125,0.0625,-0.4453125,0.03125,0.0625,0.4453125,0.0625,0.03125,0.4453125,0.03125,-0.0625,0.4453125,0.03125,-0.0625,-0.4453125,0.0625,-0.03125,-0.4453125,0.0625,-0.03125,0.4453125,-0.03125,0.0625,0.4453125,-0.03125,0.0625,-0.4453125,-0.0625,0.03125,-0.4453125,-0.0625,0.03125,0.4453125,-0.0625,-0.03125,-0.4453125,-0.03125,-0.0625,-0.4453125,-0.03125,-0.0625,0.4453125,-0.0625,-0.03125,0.4453125,0.03125,-0.03125,-0.53125,0.0625,-0.03125,-0.4453125,0.03125,-0.0625,-0.4453125,-0.03125,-0.03125,-0.53125,-0.03125,-0.0625,-0.4453125,-0.0625,-0.03125,-0.4453125,0.03125,0.03125,-0.53125,0.03125,0.0625,-0.4453125,0.0625,0.03125,-0.4453125,-0.03125,0.03125,-0.53125,-0.0625,0.03125,-0.4453125,-0.03125,0.0625,-0.4453125,0.03125,-0.03125,0.53125,0.03125,-0.0625,0.4453125,0.0625,-0.03125,0.4453125,-0.03125,-0.03125,0.53125,-0.0625,-0.03125,0.4453125,-0.03125,-0.0625,0.4453125,0.03125,0.03125,0.53125,0.0625,0.03125,0.4453125,0.03125,0.0625,0.4453125,-0.03125,0.03125,0.53125,-0.03125,0.0625,0.4453125,-0.0625,0.03125,0.4453125,0.25,-0.25,5.551115123125783e-17,0.25,0.25,-5.551115123125783e-17,-0.25,0.25,-5.551115123125783e-17,-0.25,-0.25,5.551115123125783e-17,1.734723475976807e-16,-0.28125,0.78125,1.734723475976807e-16,0.28125,0.78125,-1.734723475976807e-16,0.28125,-0.78125,-1.734723475976807e-16,-0.28125,-0.78125,0.28125,2.011681015114098e-16,0.78125,-0.28125,2.8948579170189233e-16,0.78125,-0.28125,-2.011681015114098e-16,-0.78125,0.28125,-2.8948579170189233e-16,-0.78125],"indices":[0,1,2,0,2,3,4,5,6,4,6,7,8,9,10,8,10,11,12,13,14,12,14,15,16,17,18,16,18,19,20,21,22,20,22,23,24,25,26,24,26,27,28,29,30,28,30,31,32,33,34,32,34,35,36,37,38,36,38,39,40,41,42,40,42,43,44,45,46,44,46,47,48,49,50,48,50,51,52,53,54,52,54,55,56,57,58,56,58,59,60,61,62,60,62,63,64,65,66,64,66,67,68,69,70,68,70,71,72,73,74,75,76,77,78,79,80,81,82,83,84,85,86,87,88,89,90,91,92,93,94,95,96,97,98,96,98,99,100,101,102,100,102,103,104,105,106,104,106,107]},"optimizedModelData":{"":{"meshCount":1},"-named-nodes":{"meshCount":4},"-no-animations":{"meshCount":1}}}