{"schemaVersion":4,"source":{"uri":"models/players/player-fp.gltf","sha256":"da1dc7dda9bc9688ff495e9b241d940efd0c681b6f5bee2fbadbe3ef8b68d24a"},"animationNames":["glock-idle","glock-aim","glock-shoot","glock-reload","glock-walk-bob","glock-run-bob","m4a4-idle","m4a4-aim","m4a4-shoot","m4a4-reload","m4a4-walk-bob","m4a4-run-bob","mp7-idle","mp7-aim","mp7-reload","mp7-shoot","mp7-walk-bob","sway","draw","melee-idle","melee-punch-left","melee-punch-right","idle-base","glider-start","glider-loop","ledge-pull","mp7-run"],"boundingBox":{"min":{"x":-0.34375000149011614,"y":0.8515625029802322,"z":-0.49531250000000004},"max":{"x":0.34375000149011614,"y":1.039062502980232,"z":0.05156250000000002}},"nodeNames":["arm-left-geo","hand-left-geo","hand-left-anchor","hand-left","arm-left-anchor","arm-left","arm-right-geo","hand-right-geo","weapon-mount-anchor","hand-right-anchor","hand-right","arm-right-anchor","arm-right","arms","bob-root","camera-anchor","root"],"trimesh":{"vertices":[0.0042968750931322575,-0.35624998807907104,-0.08281250298023224,0.0042968750931322575,0.04374999925494194,-0.08281250298023224,0.0042968750931322575,0.04374999925494194,0.05156249925494194,0.0042968750931322575,-0.35624998807907104,0.05156249925494194,-0.13007812201976776,-0.35624998807907104,0.05156249925494194,-0.13007812201976776,0.04374999925494194,0.05156249925494194,-0.13007812201976776,0.04374999925494194,-0.08281250298023224,-0.13007812201976776,-0.35624998807907104,-0.08281250298023224,0.0042968750931322575,0.04374999925494194,0.05156249925494194,0.0042968750931322575,0.04374999925494194,-0.08281250298023224,-0.13007812201976776,0.04374999925494194,-0.08281250298023224,-0.13007812201976776,0.04374999925494194,0.05156249925494194,0.0042968750931322575,-0.35624998807907104,-0.08281250298023224,0.0042968750931322575,-0.35624998807907104,0.05156249925494194,-0.13007812201976776,-0.35624998807907104,0.05156249925494194,-0.13007812201976776,-0.35624998807907104,-0.08281250298023224,0.0042968750931322575,-0.35624998807907104,0.05156249925494194,0.0042968750931322575,0.04374999925494194,0.05156249925494194,-0.13007812201976776,0.04374999925494194,0.05156249925494194,-0.13007812201976776,-0.35624998807907104,0.05156249925494194,-0.13007812201976776,-0.35624998807907104,-0.08281250298023224,-0.13007812201976776,0.04374999925494194,-0.08281250298023224,0.0042968750931322575,0.04374999925494194,-0.08281250298023224,0.0042968750931322575,-0.35624998807907104,-0.08281250298023224,0.0074218749068677425,-0.359375,-0.0859375,0.0074218749068677425,0.046875,-0.0859375,0.0074218749068677425,0.046875,0.0546875,0.0074218749068677425,-0.359375,0.0546875,-0.13320311903953552,-0.359375,0.0546875,-0.13320311903953552,0.046875,0.0546875,-0.13320311903953552,0.046875,-0.0859375,-0.13320311903953552,-0.359375,-0.0859375,0.0074218749068677425,0.046875,0.0546875,0.0074218749068677425,0.046875,-0.0859375,-0.13320311903953552,0.046875,-0.0859375,-0.13320311903953552,0.046875,0.0546875,0.0074218749068677425,-0.359375,-0.0859375,0.0074218749068677425,-0.359375,0.0546875,-0.13320311903953552,-0.359375,0.0546875,-0.13320311903953552,-0.359375,-0.0859375,0.0074218749068677425,-0.359375,0.0546875,0.0074218749068677425,0.046875,0.0546875,-0.13320311903953552,0.046875,0.0546875,-0.13320311903953552,-0.359375,0.0546875,-0.13320311903953552,-0.359375,-0.0859375,-0.13320311903953552,0.046875,-0.0859375,0.0074218749068677425,0.046875,-0.0859375,0.0074218749068677425,-0.359375,-0.0859375,0.06992187350988388,-0.171875,-0.11015625298023224,0.06992187350988388,0,-0.11015625298023224,0.06992187350988388,0,0.07734374701976776,0.06992187350988388,-0.171875,0.07734374701976776,-0.11757812649011612,-0.171875,0.07734374701976776,-0.11757812649011612,0,0.07734374701976776,-0.11757812649011612,0,-0.11015625298023224,-0.11757812649011612,-0.171875,-0.11015625298023224,0.06992187350988388,0,0.07734374701976776,0.06992187350988388,0,-0.11015625298023224,-0.11757812649011612,0,-0.11015625298023224,-0.11757812649011612,0,0.07734374701976776,0.06992187350988388,-0.171875,-0.11015625298023224,0.06992187350988388,-0.171875,0.07734374701976776,-0.11757812649011612,-0.171875,0.07734374701976776,-0.11757812649011612,-0.171875,-0.11015625298023224,0.06992187350988388,-0.171875,0.07734374701976776,0.06992187350988388,0,0.07734374701976776,-0.11757812649011612,0,0.07734374701976776,-0.11757812649011612,-0.171875,0.07734374701976776,-0.11757812649011612,-0.171875,-0.11015625298023224,-0.11757812649011612,0,-0.11015625298023224,0.06992187350988388,0,-0.11015625298023224,0.06992187350988388,-0.171875,-0.11015625298023224,0.13007812201976776,-0.35624998807907104,-0.08281250298023224,0.13007812201976776,0.04374999925494194,-0.08281250298023224,0.13007812201976776,0.04374999925494194,0.05156249925494194,0.13007812201976776,-0.35624998807907104,0.05156249925494194,-0.0042968750931322575,-0.35624998807907104,0.05156249925494194,-0.0042968750931322575,0.04374999925494194,0.05156249925494194,-0.0042968750931322575,0.04374999925494194,-0.08281250298023224,-0.0042968750931322575,-0.35624998807907104,-0.08281250298023224,0.13007812201976776,0.04374999925494194,0.05156249925494194,0.13007812201976776,0.04374999925494194,-0.08281250298023224,-0.0042968750931322575,0.04374999925494194,-0.08281250298023224,-0.0042968750931322575,0.04374999925494194,0.05156249925494194,0.13007812201976776,-0.35624998807907104,-0.08281250298023224,0.13007812201976776,-0.35624998807907104,0.05156249925494194,-0.0042968750931322575,-0.35624998807907104,0.05156249925494194,-0.0042968750931322575,-0.35624998807907104,-0.08281250298023224,0.13007812201976776,-0.35624998807907104,0.05156249925494194,0.13007812201976776,0.04374999925494194,0.05156249925494194,-0.0042968750931322575,0.04374999925494194,0.05156249925494194,-0.0042968750931322575,-0.35624998807907104,0.05156249925494194,-0.0042968750931322575,-0.35624998807907104,-0.08281250298023224,-0.0042968750931322575,0.04374999925494194,-0.08281250298023224,0.13007812201976776,0.04374999925494194,-0.08281250298023224,0.13007812201976776,-0.35624998807907104,-0.08281250298023224,0.13320311903953552,-0.359375,-0.0859375,0.13320311903953552,0.046875,-0.0859375,0.13320311903953552,0.046875,0.0546875,0.13320311903953552,-0.359375,0.0546875,-0.0074218749068677425,-0.359375,0.0546875,-0.0074218749068677425,0.046875,0.0546875,-0.0074218749068677425,0.046875,-0.0859375,-0.0074218749068677425,-0.359375,-0.0859375,0.13320311903953552,0.046875,0.0546875,0.13320311903953552,0.046875,-0.0859375,-0.0074218749068677425,0.046875,-0.0859375,-0.0074218749068677425,0.046875,0.0546875,0.13320311903953552,-0.359375,-0.0859375,0.13320311903953552,-0.359375,0.0546875,-0.0074218749068677425,-0.359375,0.0546875,-0.0074218749068677425,-0.359375,-0.0859375,0.13320311903953552,-0.359375,0.0546875,0.13320311903953552,0.046875,0.0546875,-0.0074218749068677425,0.046875,0.0546875,-0.0074218749068677425,-0.359375,0.0546875,-0.0074218749068677425,-0.359375,-0.0859375,-0.0074218749068677425,0.046875,-0.0859375,0.13320311903953552,0.046875,-0.0859375,0.13320311903953552,-0.359375,-0.0859375,0.11757812649011612,-0.171875,-0.11015625298023224,0.11757812649011612,0,-0.11015625298023224,0.11757812649011612,0,0.07734374701976776,0.11757812649011612,-0.171875,0.07734374701976776,-0.06992187350988388,-0.171875,0.07734374701976776,-0.06992187350988388,0,0.07734374701976776,-0.06992187350988388,0,-0.11015625298023224,-0.06992187350988388,-0.171875,-0.11015625298023224,0.11757812649011612,0,0.07734374701976776,0.11757812649011612,0,-0.11015625298023224,-0.06992187350988388,0,-0.11015625298023224,-0.06992187350988388,0,0.07734374701976776,0.11757812649011612,-0.171875,-0.11015625298023224,0.11757812649011612,-0.171875,0.07734374701976776,-0.06992187350988388,-0.171875,0.07734374701976776,-0.06992187350988388,-0.171875,-0.11015625298023224,0.11757812649011612,-0.171875,0.07734374701976776,0.11757812649011612,0,0.07734374701976776,-0.06992187350988388,0,0.07734374701976776,