{"schemaVersion":4,"source":{"uri":"models/vfx/spider-web.gltf","sha256":"9794ea5595082e60080c717d324984669036283d251a4891066771d5cccdce6e"},"animationNames":["idle","spawn","despawn"],"boundingBox":{"min":{"x":-1.260112901527761,"y":-0.11131820048947746,"z":-1.2371895398336572},"max":{"x":1.216987901527761,"y":0.4021993298613553,"z":1.2371895398336572}},"nodeNames":["cube","bone","cube","bone3","cube","bone2","cube","bone4","root","cube","hitbox",""],"trimesh":{"vertices":[0.4959374964237213,0.1677730679512024,0.0694858580827713,0.4959374964237213,0.1677105724811554,0.0694858580827713,0.4959374964237213,0.1677730679512024,-0.8792641162872314,0.4959374964237213,0.1677105724811554,-0.8792641162872314,-0.4528124928474426,0.1677730679512024,-0.8792641162872314,-0.4528124928474426,0.1677105724811554,-0.8792641162872314,-0.4528124928474426,0.1677730679512024,0.0694858580827713,-0.4528124928474426,0.1677105724811554,0.0694858580827713,-0.4528124928474426,0.1677730679512024,-0.8792641162872314,-0.4528124928474426,0.1677730679512024,0.0694858580827713,0.4959374964237213,0.1677730679512024,-0.8792641162872314,0.4959374964237213,0.1677730679512024,0.0694858580827713,-0.4528124928474426,0.1677105724811554,0.0694858580827713,-0.4528124928474426,0.1677105724811554,-0.8792641162872314,0.4959374964237213,0.1677105724811554,0.0694858580827713,0.4959374964237213,0.1677105724811554,-0.8792641162872314,-0.4528124928474426,0.1677730679512024,0.0694858580827713,-0.4528124928474426,0.1677105724811554,0.0694858580827713,0.4959374964237213,0.1677730679512024,0.0694858580827713,0.4959374964237213,0.1677105724811554,0.0694858580827713,0.4959374964237213,0.1677730679512024,-0.8792641162872314,0.4959374964237213,0.1677105724811554,-0.8792641162872314,-0.4528124928474426,0.1677730679512024,-0.8792641162872314,-0.4528124928474426,0.1677105724811554,-0.8792641162872314,0.4959374964237213,0.1677730679512024,0.8792641162872314,0.4959374964237213,0.1677105724811554,0.8792641162872314,0.4959374964237213,0.1677730679512024,-0.0694858580827713,0.4959374964237213,0.1677105724811554,-0.0694858580827713,-0.4528124928474426,0.1677730679512024,-0.0694858580827713,-0.4528124928474426,0.1677105724811554,-0.0694858580827713,-0.4528124928474426,0.1677730679512024,0.8792641162872314,-0.4528124928474426,0.1677105724811554,0.8792641162872314,-0.4528124928474426,0.1677730679512024,-0.0694858580827713,-0.4528124928474426,0.1677730679512024,0.8792641162872314,0.4959374964237213,0.1677730679512024,-0.0694858580827713,0.4959374964237213,0.1677730679512024,0.8792641162872314,-0.4528124928474426,0.1677105724811554,0.8792641162872314,-0.4528124928474426,0.1677105724811554,-0.0694858580827713,0.4959374964237213,0.1677105724811554,0.8792641162872314,0.4959374964237213,0.1677105724811554,-0.0694858580827713,-0.4528124928474426,0.1677730679512024,0.8792641162872314,-0.4528124928474426,0.1677105724811554,0.8792641162872314,0.4959374964237213,0.1677730679512024,0.8792641162872314,0.4959374964237213,0.1677105724811554,0.8792641162872314,0.4959374964237213,0.1677730679512024,-0.0694858580827713,0.4959374964237213,0.1677105724811554,-0.0694858580827713,-0.4528124928474426,0.1677730679512024,-0.0694858580827713,-0.4528124928474426,0.1677105724811554,-0.0694858580827713,0.4959374964237213,0.1677730679512024,0.0694858580827713,0.4959374964237213,0.1677105724811554,0.0694858580827713,0.4959374964237213,0.1677730679512024,-0.8792641162872314,0.4959374964237213,0.1677105724811554,-0.8792641162872314,-0.4528124928474426,0.1677730679512024,-0.8792641162872314,-0.4528124928474426,0.1677105724811554,-0.8792641162872314,-0.4528124928474426,0.1677730679512024,0.0694858580827713,-0.4528124928474426,0.1677105724811554,0.0694858580827713,-0.4528124928474426,0.1677730679512024,-0.8792641162872314,-0.4528124928474426,0.1677730679512024,0.0694858580827713,0.4959374964237213,0.1677730679512024,-0.8792641162872314,0.4959374964237213,0.1677730679512024,0.0694858580827713,-0.4528124928474426,0.1677105724811554,0.0694858580827713,-0.4528124928474426,0.1677105724811554,-0.8792641162872314,0.4959374964237213,0.1677105724811554,0.0694858580827713,0.4959374964237213,0.1677105724811554,-0.8792641162872314,-0.4528124928474426,0.1677730679512024,0.0694858580827713,-0.4528124928474426,0.1677105724811554,0.0694858580827713,0.4959374964237213,0.1677730679512024,0.0694858580827713,0.4959374964237213,0.1677105724811554,0.0694858580827713,0.4959374964237213,0.1677730679512024,-0.8792641162872314,0.4959374964237213,0.1677105724811554,-0.8792641162872314,-0.4528124928474426,0.1677730679512024,-0.8792641162872314,-0.4528124928474426,0.1677105724811554,-0.8792641162872314,0.4528124928474426,0.1677730679512024,0.0694858580827713,0.4528124928474426,0.1677105724811554,0.0694858580827713,0.4528124928474426,0.1677730679512024,-0.8792641162872314,0.4528124928474426,0.1677105724811554,-0.8792641162872314,-0.4959374964237213,0.1677730679512024,-0.8792641162872314,-0.4959374964237213,0.1677105724811554,-0.8792641162872314,-0.4959374964237213,0.1677730679512024,0.0694858580827713,-0.4959374964237213,0.1677105724811554,0.0694858580827713,-0.4959374964237213,0.1677730679512024,-0.8792641162872314,-0.4959374964237213,0.1677730679512024,0.0694858580827713,0.4528124928474426,0.1677730679512024,-0.8792641162872314,0.4528124928474426,0.1677730679512024,0.0694858580827713,-0.4959374964237213,0.1677105724811554,0.0694858580827713,-0.4959374964237213,0.1677105724811554,-0.8792641162872314,0.4528124928474426,0.1677105724811554,0.0694858580827713,0.4528124928474426,0.1677105724811554,-0.8792641162872314,-0.4959374964237213,0.1677730679512024,0.0694858580827713,-0.4959374964237213,0.1677105724811554,0.0694858580827713,0.4528124928474426,0.1677730679512024,0.0694858580827713,0.4528124928474426,0.1677105724811554,0.0694858580827713,0.4528124928474426,0.1677730679512024,-0.8792641162872314,0.4528124928474426,0.1677105724811554,-0.8792641162872314,-0.4959374964237213,0.1677730679512024,-0.8792641162872314,-0.4959374964237213,0.1677105724811554,-0.8792641162872314,0.5215625166893005,0.10455943644046783,0.5,0.5215625166893005,-0.14544056355953217,0.5,0.5215625166893005,0.10455943644046783,-0.5,0.5215625166893005,-0.14544056355953217,-0.5,-0.47843751311302185,0.10455943644046783,-0.5,-0.47843751311302185,-0.14544056355953217,-0.5,-0.47843751311302185,0.10455943644046783,0.5,-0.47843751311302185,-0.14544056355953217,0.5,-0.47843751311302185,0.10455943644046783,-0.5,-0.47843751311302185,0.10455943644046783,0.5,0.5215625166893005,0.10455943644046783,-0.5,0.5215625166893005,0.10455943644046783,0.5,-0.47843751311302185,-0.14544056355953217,0.5,-0.47843751311302185,-0.14544056355953217,-0.5,0.5215625166893005,-0.14544056355953217,0.5,0.5215625166893005,-0.14544056355953217,-0.5,-0.47843751311302185,0.10455943644046783,0.5,-0.47843751311302185,-0.14544056355953217,0.5,0.5215625166893005,0.10455943644046783,0.5,0.5215625166893005,-0.14544056355953217,0.5,0.5215625166893005,0.10455943644046783,-0.5,0.5215625166893005,-0.14544056355953217,-0.5,-0.47843751311302185,0.10455943644046783,-0.5,-0.47843751311302185,-0.14544056355953217,-0.5],"indices":[0,1,2,1,3,2,4,5,6,5,7,6,8,9,10,9,11,10,12,13,14,13,15,14,16,17,18,17,19,18,20,21,22,21,23,22,24,25,26,25,27,26,28,29,30,29,31,30,32,33,34,33,35,34,36,37,38,37,39,38,40,41,42,41,43,42,44,45,46,45,47,46,48,49,50,49,51,50,52,53,54,53,55,54,56,57,58,57,59,58,60,61,62,61,63,62,64,65,66,65,67,66,68,69,70,69,71,70,72,73,74,73,75,74,76,77,78,77,79,78,80,81,82,81,83,82,84,85,86,85,87,86,88,89,90,89,91,90,92,93,94,93,95,94,96,97,98,97,99,98,100,101,102,101,103,102,104,105,106,105,107,106,108,109,110,109,111,110,112,113,114,113,115,114,116,117,118,117,119,118]},"optimizedModelData":{"":{"meshCount":5},"-named-nodes":{"meshCount":5},"-no-animations":{"meshCount":1}}}